date,pub,supplier,amount,category
27/02/2026,Royal Oak - Paisley,Heineken UK Ltd,£1029.48,Food
2/4/2026,Fox & Hound - Hamilton,BRAKES UK,268.85,Maintenance
24/02/2026,Red Lion - Glasgow,Makro,233.08,Cleaning
2026-01-30,The Crown - Stirling,E.ON,£321.61,Utilities
2/4/2026,White Hart - Inverness,Diageo Ltd,272.26,Soft Drinks
2026-04-08,The Swan - Ayr,Coca Cola,162.45 ,Soft Drinks
1/13/2026,The Crown - Stirling,Booker Ltd,483.38,Utilities
1/11/2026,The Ship Inn - Oban,scottish water,765.13,Food
03/03/2026,The Ship Inn - Oban,Costco UK,564.04,Food
18/04/2026,The Anchor - Perth,HEINEKEN,253.18,Supplies
2026-01-18,Red Lion - Glasgow,Bidfood,£63.20,Soft Drinks
2/15/2026,Royal Oak - Paisley,Costco UK,83.22,Cleaning
02/03/2026,White Hart - Inverness,Amazon,830.23 ,Food
2/20/2026,The Ship Inn - Oban,Bidfood,152.91,Supplies
19/01/2026,The Plough - Falkirk,JJ Food Service,419.00 ,Supplies
02/04/2026,White Hart - Inverness,DIAGEO,-1084.77,Alcohol
2026-04-02,Black Bull - Dundee,Brakes Catering,193.00,Utilities
1/21/2026,Fox & Hound - Hamilton,British Gas,£375.27,Soft Drinks
2026-02-05,Red Lion - Glasgow,HeinekenUK Ltd,37.21,Soft Drinks
13/03/2026,Red Lion - Glasgow,CocaCola,43.89,Supplies
2026-02-02,The Plough - Falkirk,JJ Food Service,£327.18,Cleaning
12/04/2026,Royal Oak - Paisley,E.ON,262.62,Soft Drinks
2026-01-20,Kings Arms - Edinburgh,Diageo Ltd,£62.29 ,Supplies
1/28/2026,The Anchor - Perth,Brakes,1927.42,Alcohol
1/3/2026,Red Lion - Glasgow,Local Bakery,677.60,Food
05/03/2026,The Anchor - Perth,Local Butcher,138.55,Supplies
12/03/2026,Red Lion - Glasgow,BRAKES UK,£842.02,Food
01/02/2026,White Hart - Inverness,Coca Cola,£265.99,Supplies
2026-04-11,Black Bull - Dundee,JJ Food Service,1711.68,Alcohol
15/01/2026,Royal Oak - Paisley,Brakes Catering,577.50,Utilities
2026-03-05,Red Lion - Glasgow,Local Butcher,57.14,Cleaning
3/10/2026,Royal Oak - Paisley,DIAGEO,65.28,Supplies
09/01/2026,Royal Oak - Paisley,Heineken UK,236.04,Cleaning
2026-02-03,The Crown - Stirling,Local Bakery,£165.97,Soft Drinks
16/01/2026,Red Lion - Glasgow,DIAGEO,365.23,Supplies
08/01/2026,Kings Arms - Edinburgh,BT PLC,33.35,Maintenance
1/16/2026,Queens Head - Aberdeen,jj foods,356.04,Cleaning
4/27/2026,The Crown - Stirling,Brakes Catering,403.16,Supplies
2026-02-10,Black Bull - Dundee,BT PLC,£225.80,Maintenance
20/02/2026,The Plough - Falkirk,Scottish Water,432.46 ,Food
2026-04-16,Black Bull - Dundee,Local Butcher,270.65,Cleaning
12/02/2026,Kings Arms - Edinburgh,Local Fishmonger,£2135.97,Alcohol
2026-04-29,Royal Oak - Paisley,Bidfood,£361.57,Soft Drinks
07/03/2026,The Ship Inn - Oban,Local Fishmonger,315.50,Food
4/15/2026,Black Bull - Dundee,DIAGEO,2720.00,Alcohol
2/15/2026,White Hart - Inverness,BOOKER,1265.96,Alcohol
07/04/2026,The Crown - Stirling,Local Fishmonger,£310.62,Supplies
20/03/2026,White Hart - Inverness,Diageo Ltd,358.79,Utilities
2026-01-22,White Hart - Inverness,Local Bakery,290.92,Supplies
2026-03-02,Queens Head - Aberdeen,Makro,2265.19,Alcohol
06/02/2026,Royal Oak - Paisley,Local Fishmonger,73.13,Maintenance
2026-04-26,Royal Oak - Paisley,Brakes,157.87,Cleaning
2/7/2026,Fox & Hound - Hamilton,heineken,569.59,Alcohol
2/20/2026,The Anchor - Perth,Makro,206.08,Supplies
2/20/2026,The Crown - Stirling,eon energy,£326.91,Maintenance
2026-04-01,Royal Oak - Paisley,E.ON,1584.04,Alcohol
3/23/2026,Kings Arms - Edinburgh,Diageo Ltd,391.67,Cleaning
04/04/2026,Red Lion - Glasgow,E.ON,-123.28,Supplies
12/03/2026,Fox & Hound - Hamilton,JJ Foods,846.50,Food
4/10/2026,The Anchor - Perth,Amazon,223.24,Supplies
13/02/2026,Queens Head - Aberdeen,BRAKES UK,402.75,Cleaning
2/4/2026,Black Bull - Dundee,heineken uk ltd,522.10,Alcohol
22/02/2026,The Anchor - Perth,Heineken UK Ltd,£52.41,Cleaning
1/7/2026,The Crown - Stirling,heineken uk ltd,£222.24,Cleaning
2/19/2026,The Plough - Falkirk,Diageo PLC,2702.88,Alcohol
3/7/2026,The Ship Inn - Oban,Heineken UK Ltd,1204.81,Food
2026-03-11,The Anchor - Perth,diageo plc,£213.12,Supplies
3/31/2026,The Crown - Stirling,Diageo PLC,297.96,Soft Drinks
2026-01-19,Fox & Hound - Hamilton,Local Butcher,£111.71,Cleaning
4/22/2026,The Anchor - Perth,Makro,-328.82,Maintenance
2026-03-20,Queens Head - Aberdeen,Coca Cola,149.86,Cleaning
07/04/2026,Fox & Hound - Hamilton,HEINEKEN,80.57,Cleaning
2026-01-19,The Crown - Stirling,Amazon,127.77,Supplies
2026-04-22,White Hart - Inverness,Booker Wholesale,144.47,Maintenance
2026-01-21,White Hart - Inverness,JJ Food Service,360.74 ,Soft Drinks
08/04/2026,The Plough - Falkirk,JJ Food Service,220.58,Utilities
10/03/2026,Royal Oak - Paisley,Amazon Business,£307.62,Cleaning
22/03/2026,Queens Head - Aberdeen,Diageo Ltd,450.07,Utilities
3/24/2026,The Swan - Ayr,DIAGEO,1222.87,Food
2026-04-18,The Crown - Stirling,Local Bakery,98.23,Soft Drinks
2026-02-21,Kings Arms - Edinburgh,Booker Ltd,417.64,Supplies
2026-02-22,The Ship Inn - Oban,E.ON,2657.92,Alcohol
1/2/2026,The Swan - Ayr,Scottish Water,£400.87,Soft Drinks
3/1/2026,The Anchor - Perth,Bidfood,286.56,Cleaning
2026-03-08,The Crown - Stirling,Brakes Catering,-2674.21,Alcohol
2026-01-18,The Plough - Falkirk,heineken uk ltd,351.73,Soft Drinks
12/01/2026,Kings Arms - Edinburgh,British Gas,£386.98,Soft Drinks
2026-04-23,Queens Head - Aberdeen,Coca Cola,130.77,Utilities
1/16/2026,The Ship Inn - Oban,Diageo Ltd,788.22,Food
2/24/2026,The Ship Inn - Oban,DIAGEO,1242.43,Alcohol
3/24/2026,The Anchor - Perth,Diageo PLC,411.19,Supplies
03/03/2026,The Plough - Falkirk,Makro,261.69,Cleaning
2/11/2026,The Crown - Stirling,Scottish Water,330.08,Utilities
3/28/2026,Royal Oak - Paisley,Brakes Catering,361.46,Soft Drinks
03/03/2026,The Ship Inn - Oban,Diageo PLC,£382.49,Maintenance
2026-04-09,The Anchor - Perth,British Gas,1657.79,Alcohol
09/04/2026,Kings Arms - Edinburgh,coca cola,-£228.68,Utilities
24/02/2026,The Crown - Stirling,JJ Foods,169.30,Maintenance
11/03/2026,Kings Arms - Edinburgh,E.ON,396.13,Food
2026-04-12,Royal Oak - Paisley,JJ Food Service,383.38,Maintenance
27/03/2026,The Plough - Falkirk,Local Fishmonger,1192.01,Food
15/03/2026,Royal Oak - Paisley,Costco UK,353.43,Cleaning
07/04/2026,Kings Arms - Edinburgh,Coca Cola Europacific,113.00 ,Cleaning
2026-02-09,White Hart - Inverness,Makro,£1170.29,Food
28/03/2026,The Anchor - Perth,BT PLC,221.80,Cleaning
2026-02-01,Queens Head - Aberdeen,Diageo PLC,268.53,Supplies
3/25/2026,The Plough - Falkirk,Coca Cola,1842.58,Alcohol
17/02/2026,The Crown - Stirling,DIAGEO,432.16,Utilities
2026-04-27,The Ship Inn - Oban,Coca Cola Europacific,2083.35,Alcohol
1/6/2026,Black Bull - Dundee,Makro,558.41,Alcohol
02/04/2026,The Ship Inn - Oban,Coca Cola,1265.02,Food
06/02/2026,The Ship Inn - Oban,EON Energy,1090.30,Alcohol
28/04/2026,The Crown - Stirling,DIAGEO,324.61,Maintenance
2026-02-03,Black Bull - Dundee,Booker Wholesale,194.91,Soft Drinks
28/01/2026,Royal Oak - Paisley,Heineken UK Ltd,£67.77,Soft Drinks
2/14/2026,Red Lion - Glasgow,BRAKES UK,£94.18,Soft Drinks
13/01/2026,Kings Arms - Edinburgh,Booker Ltd,488.41,Utilities
2026-04-24,The Swan - Ayr,E.ON,403.17,Alcohol
4/25/2026,Red Lion - Glasgow,Brakes Catering,£53.30,Maintenance
26/04/2026,Black Bull - Dundee,Amazon,-38.02,Maintenance
2026-02-28,The Crown - Stirling,BT PLC,414.28,Maintenance
2026-03-14,Queens Head - Aberdeen,HEINEKEN,-288.89,Food
2026-04-18,The Anchor - Perth,Coca Cola,680.30,Alcohol
2026-03-25,Royal Oak - Paisley,BRAKES UK,266.85,Maintenance
19/02/2026,The Anchor - Perth,Local Fishmonger,-£200.72,Maintenance
2026-01-05,The Ship Inn - Oban,jj food service,172.08,Soft Drinks
2026-04-25,The Swan - Ayr,BritishGas,1102.93,Alcohol
20/02/2026,The Ship Inn - Oban,LocalBakery,164.31,Utilities
1/27/2026,The Anchor - Perth,heineken uk ltd,374.20,Maintenance
2/26/2026,Queens Head - Aberdeen,Diageo PLC,392.69,Supplies
1/22/2026,Fox & Hound - Hamilton,Makro,384.69,Supplies
22/04/2026,Red Lion - Glasgow,diageo ltd,344.83,Soft Drinks
4/20/2026,Royal Oak - Paisley,British Gas,£437.36,Utilities
4/7/2026,Kings Arms - Edinburgh,Heineken UK Ltd,104.29,Maintenance
4/27/2026,The Swan - Ayr,BT PLC,279.46,Food
2026-02-16,Royal Oak - Paisley,Brakes,113.70,Maintenance
2026-01-19,The Anchor - Perth,DIAGEO,£411.14,Food
23/03/2026,Royal Oak - Paisley,Amazon,48.18,Maintenance
07/03/2026,Queens Head - Aberdeen,brakes uk,£127.49,Maintenance
15/01/2026,Royal Oak - Paisley,BT PLC,186.04,Supplies
15/03/2026,Queens Head - Aberdeen,heineken,-553.88,Alcohol
2/23/2026,The Plough - Falkirk,BOOKER,358.62,Food
2026-01-29,The Crown - Stirling,DIAGEO,1805.24,Alcohol
1/7/2026,Queens Head - Aberdeen,DIAGEO,1334.09,Alcohol
2/11/2026,The Swan - Ayr,Amazon,314.26,Maintenance
08/01/2026,The Anchor - Perth,Amazon Business,402.56,Maintenance
2026-04-03,The Swan - Ayr,JJ Foods,37.53,Cleaning
28/03/2026,Kings Arms - Edinburgh,booker ltd,85.60,Supplies
08/03/2026,The Ship Inn - Oban,Scottish Water,2555.03,Alcohol
2/16/2026,The Anchor - Perth,Brakes,2892.00,Alcohol
2026-04-02,The Swan - Ayr,Amazon,696.55,Alcohol
3/18/2026,Red Lion - Glasgow,DIAGEO,731.30,Alcohol
2/8/2026,The Anchor - Perth,Amazon Business,334.81,Cleaning
3/7/2026,The Anchor - Perth,HEINEKEN,£2317.17,Alcohol
2026-02-20,Black Bull - Dundee,Local Bakery,95.81,Maintenance
18/02/2026,Kings Arms - Edinburgh,coca cola,457.44,Food
30/01/2026,Fox & Hound - Hamilton,Amazon Business,£792.07,Food
1/28/2026,Kings Arms - Edinburgh,HEINEKEN,2438.71,Alcohol
17/04/2026,White Hart - Inverness,Heineken UK,313.61,Maintenance
2026-03-24,The Anchor - Perth,Local Bakery,507.56,Food
24/01/2026,Queens Head - Aberdeen,Coca Cola Europacific,36.44,Soft Drinks
4/4/2026,Red Lion - Glasgow,Amazon Business,317.93,Utilities
3/4/2026,Red Lion - Glasgow,heineken uk ltd,£373.57,Cleaning
4/16/2026,White Hart - Inverness,BT PLC,308.66,Maintenance
4/27/2026,The Swan - Ayr,BOOKER,2808.63,Alcohol
2026-04-21,Black Bull - Dundee,Bidfood,£91.47,Soft Drinks
12/03/2026,Queens Head - Aberdeen,BookerLtd,291.44,Soft Drinks
2026-04-03,The Anchor - Perth,Coca Cola Europacific,2744.01,Alcohol
2026-02-14,Fox & Hound - Hamilton,JJ Food Service,-237.87,Supplies
2/4/2026,Queens Head - Aberdeen,Amazon,349.82,Supplies
4/18/2026,Black Bull - Dundee,CostcoUK,1486.30,Alcohol
20/02/2026,Royal Oak - Paisley,Coca Cola Europacific,454.96 ,Utilities
2026-04-12,Royal Oak - Paisley,Brakes Catering,1743.30,Alcohol
2026-01-05,Fox & Hound - Hamilton,E.ON,61.39,Supplies
3/7/2026,Royal Oak - Paisley,Amazon,£116.90,Cleaning
16/02/2026,Queens Head - Aberdeen,Coca Cola,81.90,Maintenance
2026-02-16,Royal Oak - Paisley,Coca Cola,£429.74,Soft Drinks
2/26/2026,Royal Oak - Paisley,Diageo Ltd,-477.66,Alcohol
1/16/2026,The Crown - Stirling,Coca Cola,-£166.14,Maintenance
2026-04-29,The Swan - Ayr,Amazon,2362.44,Alcohol
11/03/2026,The Swan - Ayr,Brakes,90.21 ,Maintenance
2026-03-15,The Anchor - Perth,BritishGas,£158.21,Cleaning
26/03/2026,The Crown - Stirling,Bidfood,145.04,Supplies
2026-02-14,Red Lion - Glasgow,Scottish Water,£267.39,Soft Drinks
13/03/2026,Queens Head - Aberdeen,Amazon Business,£1019.36,Alcohol
2/16/2026,Fox & Hound - Hamilton,BOOKER,£265.05,Supplies
2026-01-24,White Hart - Inverness,Brakes Catering,1254.83,Alcohol
4/17/2026,Royal Oak - Paisley,Amazon,£405.85,Utilities
3/29/2026,The Anchor - Perth,EON Energy,153.45,Cleaning
2026-02-03,Fox & Hound - Hamilton,Coca Cola Europacific,-232.27,Supplies
03/02/2026,White Hart - Inverness,DIAGEO,321.59,Maintenance
22/01/2026,The Ship Inn - Oban,Bidfood,89.79,Supplies
24/01/2026,The Crown - Stirling,Heineken UK,966.77,Food
2026-01-28,The Swan - Ayr,JJ Foods,-193.09,Supplies
2026-02-21,Queens Head - Aberdeen,EON Energy,£327.77,Cleaning
04/02/2026,White Hart - Inverness,booker ltd,246.41,Cleaning
2026-04-17,Red Lion - Glasgow,E.ON,-1893.71,Alcohol
1/1/2026,Fox & Hound - Hamilton,CocaCola,229.94 ,Supplies
2026-03-29,Fox & Hound - Hamilton,scottish water,738.36,Food
1/30/2026,The Crown - Stirling,Diageo PLC,180.38,Utilities
25/03/2026,Red Lion - Glasgow,BOOKER,£398.87,Soft Drinks
24/02/2026,The Swan - Ayr,EON Energy,306.57,Soft Drinks
3/27/2026,Queens Head - Aberdeen,BRAKES UK,577.84,Utilities
28/04/2026,The Anchor - Perth,diageo,736.09,Alcohol
17/04/2026,The Crown - Stirling,HEINEKEN,£377.65,Utilities
3/6/2026,Fox & Hound - Hamilton,British Gas,301.70,Food
4/17/2026,The Swan - Ayr,JJ Food Service,1234.33,Alcohol
1/19/2026,Red Lion - Glasgow,diageo,768.01,Food
2026-02-23,The Crown - Stirling,Heineken UK,2627.61,Alcohol
30/01/2026,Red Lion - Glasgow,heineken uk,198.23,Soft Drinks
2026-04-04,Royal Oak - Paisley,BRAKES UK,-2856.47,Alcohol
3/28/2026,Red Lion - Glasgow,eonenergy,456.77,Utilities
18/03/2026,Queens Head - Aberdeen,Brakes,82.58,Soft Drinks
26/02/2026,Red Lion - Glasgow,BT PLC,174.04,Supplies
2026-02-24,The Plough - Falkirk,HEINEKEN,291.31,Supplies
2026-01-01,Royal Oak - Paisley,Booker Ltd,£2085.26,Alcohol
3/30/2026,The Plough - Falkirk,Diageo Ltd,1436.52,Alcohol
28/01/2026,The Ship Inn - Oban,Scottish Water,49.28,Cleaning
05/04/2026,The Anchor - Perth,Local Butcher,87.34,Soft Drinks
2026-01-14,White Hart - Inverness,Makro,193.15,Utilities
2026-04-21,Red Lion - Glasgow,Diageo Ltd,247.16,Cleaning
4/13/2026,Queens Head - Aberdeen,Scottish Water,£924.89,Food
2026-03-21,Fox & Hound - Hamilton,Local Fishmonger,886.36,Alcohol
3/28/2026,White Hart - Inverness,Brakes Catering,475.98,Food
2026-02-07,Royal Oak - Paisley,JJ Foods,£246.39,Utilities
2026-01-28,The Crown - Stirling,Costco UK,174.36,Utilities
1/25/2026,Black Bull - Dundee,BRAKES UK,264.44,Supplies
2026-01-03,Royal Oak - Paisley,Costco UK,387.75,Food
2026-02-20,The Ship Inn - Oban,Diageo Ltd,436.19,Alcohol
1/7/2026,The Plough - Falkirk,Booker Ltd,975.54,Food
01/01/2026,The Ship Inn - Oban,BT PLC,-318.58,Cleaning
4/21/2026,Fox & Hound - Hamilton,JJ Food Service,£134.75,Supplies
27/01/2026,The Crown - Stirling,brakes,415.30,Cleaning
3/5/2026,Kings Arms - Edinburgh,Booker Ltd,1126.76,Food
14/04/2026,Black Bull - Dundee,Local Bakery,354.11,Supplies
01/04/2026,White Hart - Inverness,Booker Wholesale,384.79,Supplies
24/03/2026,Red Lion - Glasgow,JJ Foods,£89.97,Maintenance
13/03/2026,White Hart - Inverness,Diageo PLC,173.51,Maintenance
3/30/2026,The Plough - Falkirk,HEINEKEN,1322.56,Food
2026-01-26,Fox & Hound - Hamilton,JJ Foods,61.64,Maintenance
4/15/2026,The Ship Inn - Oban,Coca Cola,£597.81,Utilities
2026-04-07,Fox & Hound - Hamilton,Heineken UK Ltd,385.29,Utilities
2026-03-29,Red Lion - Glasgow,Scottish Water,£163.08,Cleaning
25/02/2026,The Anchor - Perth,E.ON,418.88,Utilities
4/9/2026,The Plough - Falkirk,Scottish Water,1009.88 ,Food
2026-02-13,The Swan - Ayr,British Gas,412.27,Soft Drinks
2/11/2026,White Hart - Inverness,BOOKER,57.70,Soft Drinks
2026-02-02,Royal Oak - Paisley,BT PLC,476.62,Utilities
28/01/2026,White Hart - Inverness,DIAGEO,42.13,Supplies
2026-03-31,The Crown - Stirling,heineken uk,250.13,Utilities
18/03/2026,The Crown - Stirling,Booker Wholesale,186.78,Maintenance
2026-01-01,The Crown - Stirling,Heineken UK,383.77,Soft Drinks
11/02/2026,Fox & Hound - Hamilton,Booker Ltd,2485.94,Alcohol
06/01/2026,The Anchor - Perth,Coca Cola Europacific,266.25,Maintenance
1/19/2026,Kings Arms - Edinburgh,booker wholesale,310.66 ,Maintenance
2026-04-11,White Hart - Inverness,eon energy,1067.61,Food
1/21/2026,Black Bull - Dundee,Amazon Business,-179.39 ,Maintenance
4/7/2026,The Ship Inn - Oban,Costco UK,423.71,Supplies
20/02/2026,Red Lion - Glasgow,btplc,425.84,Supplies
2026-04-22,Black Bull - Dundee,E.ON,401.29,Maintenance
2026-04-10,The Plough - Falkirk,JJ Food Service,197.86,Maintenance
15/02/2026,The Plough - Falkirk,Amazon Business,296.49,Supplies
2026-04-29,Royal Oak - Paisley,Coca Cola,138.99,Cleaning
2026-04-21,White Hart - Inverness,Local Bakery,-1117.15,Food
3/31/2026,White Hart - Inverness,Booker Ltd,£258.29,Cleaning
24/03/2026,Black Bull - Dundee,Diageo Ltd,77.12,Maintenance
2026-04-19,The Plough - Falkirk,Coca Cola,997.23,Alcohol
4/26/2026,The Ship Inn - Oban,Local Butcher,344.34,Soft Drinks
2026-03-30,Queens Head - Aberdeen,Coca Cola,137.90,Supplies
2026-04-01,Royal Oak - Paisley,British Gas,202.15,Maintenance
2026-03-28,Royal Oak - Paisley,Booker Ltd,342.18,Utilities
2026-01-31,The Crown - Stirling,JJ Foods,£406.26,Maintenance
2/7/2026,Fox & Hound - Hamilton,Brakes Catering,111.13,Cleaning
01/02/2026,Royal Oak - Paisley,Brakes Catering,576.62,Food
11/04/2026,Queens Head - Aberdeen,amazon business,£363.75,Supplies
1/28/2026,The Plough - Falkirk,amazon,£361.74,Cleaning
2026-03-16,Royal Oak - Paisley,Bidfood,64.65,Soft Drinks
2026-04-21,Black Bull - Dundee,JJ Food Service,288.95,Supplies
1/27/2026,Red Lion - Glasgow,JJ Food Service,2646.80,Alcohol
24/01/2026,White Hart - Inverness,diageo plc,202.04,Supplies
4/2/2026,Black Bull - Dundee,Amazon,£97.14,Cleaning
3/6/2026,The Swan - Ayr,Coca Cola,350.35,Cleaning
2026-01-11,The Crown - Stirling,BOOKER,£1037.35,Food
2026-01-04,The Crown - Stirling,DIAGEO,158.44,Cleaning
2026-01-06,Kings Arms - Edinburgh,EON Energy,355.35,Maintenance
27/04/2026,The Anchor - Perth,Booker Wholesale,995.73,Alcohol
23/02/2026,The Ship Inn - Oban,British Gas,£271.19,Soft Drinks
2026-01-20,Queens Head - Aberdeen,E.ON,493.52,Utilities
2026-04-14,White Hart - Inverness,Bidfood,315.30,Supplies
2026-03-15,The Swan - Ayr,Bidfood,136.80,Maintenance
2026-02-22,The Swan - Ayr,Amazon,£2330.73,Alcohol
20/03/2026,Red Lion - Glasgow,Costco UK,239.31,Cleaning
2026-01-19,The Anchor - Perth,JJ Foods,300.34,Soft Drinks
3/17/2026,The Ship Inn - Oban,British Gas,£455.69,Utilities
2/19/2026,Kings Arms - Edinburgh,Amazon,81.73,Cleaning
2026-03-19,The Plough - Falkirk,Diageo PLC,368.37,Supplies
1/18/2026,The Swan - Ayr,Amazon,£197.30,Maintenance
14/04/2026,Fox & Hound - Hamilton,jj food service,308.94,Utilities
2026-02-27,The Ship Inn - Oban,Coca Cola,£78.38,Supplies
29/04/2026,Royal Oak - Paisley,JJ Foods,£630.02,Food
01/03/2026,Fox & Hound - Hamilton,Heineken UK Ltd,£94.35,Supplies
20/02/2026,Kings Arms - Edinburgh,Heineken UK,£190.84,Maintenance
16/01/2026,Black Bull - Dundee,DiageoLtd,122.59,Supplies
16/03/2026,Black Bull - Dundee,British Gas,335.30,Maintenance
2026-03-12,The Crown - Stirling,Brakes Catering,428.73,Supplies
2026-04-13,White Hart - Inverness,BT PLC,2139.64 ,Alcohol
1/16/2026,Royal Oak - Paisley,Amazon,403.23,Soft Drinks
1/22/2026,Red Lion - Glasgow,JJ Foods,39.13,Soft Drinks
4/10/2026,The Crown - Stirling,BookerWholesale,2158.92,Alcohol
2026-03-16,The Anchor - Perth,Diageo Ltd,100.44,Cleaning
19/02/2026,The Swan - Ayr,JJ Foods,180.62,Maintenance
4/12/2026,The Crown - Stirling,HEINEKEN,318.75,Maintenance
05/04/2026,Royal Oak - Paisley,Local Butcher,367.96,Maintenance
1/10/2026,The Crown - Stirling,British Gas,70.78,Maintenance
3/2/2026,Kings Arms - Edinburgh,Diageo PLC,1201.93 ,Alcohol
15/04/2026,The Swan - Ayr,Heineken UK,-188.72,Supplies
2026-03-02,Royal Oak - Paisley,Bidfood,1103.82,Food
21/02/2026,The Swan - Ayr,local fishmonger,142.50,Utilities
4/21/2026,Queens Head - Aberdeen,Diageo Ltd,970.48,Food
12/02/2026,The Crown - Stirling,Local Butcher,2253.95 ,Alcohol
2026-02-25,The Swan - Ayr,JJ Food Service,278.26,Cleaning
19/01/2026,Black Bull - Dundee,HEINEKEN,269.58 ,Maintenance
2026-04-05,The Ship Inn - Oban,British Gas,-498.32 ,Utilities
4/22/2026,The Plough - Falkirk,E.ON,£40.16,Soft Drinks
21/01/2026,The Swan - Ayr,British Gas,£237.41,Supplies
4/20/2026,The Ship Inn - Oban,Scottish Water,81.44,Maintenance
23/03/2026,Fox & Hound - Hamilton,Amazon,286.68,Cleaning
2026-03-09,The Ship Inn - Oban,Bidfood,£116.91,Maintenance
2026-02-21,Black Bull - Dundee,Diageo Ltd,490.26,Food
3/19/2026,Kings Arms - Edinburgh,JJ Food Service,555.13 ,Alcohol
1/14/2026,Black Bull - Dundee,Local Fishmonger,209.94,Cleaning
2026-03-18,Red Lion - Glasgow,Amazon Business,109.04,Soft Drinks
2026-04-10,The Ship Inn - Oban,JJ Food Service,1206.75,Food
20/01/2026,The Anchor - Perth,amazon,201.85,Maintenance
10/02/2026,Black Bull - Dundee,Coca Cola Europacific,840.89,Food
2026-03-19,White Hart - Inverness,BT PLC,258.03,Maintenance
1/3/2026,The Swan - Ayr,Amazon,265.00,Supplies
16/03/2026,The Ship Inn - Oban,Bidfood,£343.01 ,Soft Drinks
12/01/2026,Black Bull - Dundee,EON Energy,327.75,Supplies
2/27/2026,White Hart - Inverness,Brakes,1189.82,Alcohol
3/5/2026,Fox & Hound - Hamilton,Bidfood,-£287.85,Maintenance
2026-04-17,Red Lion - Glasgow,JJ Food Service,422.87,Food
2026-02-17,The Crown - Stirling,BRAKES UK,1603.53,Alcohol
2026-04-06,The Anchor - Perth,BT PLC,136.86,Supplies
27/01/2026,Kings Arms - Edinburgh,Makro,£210.22,Maintenance
2/12/2026,Red Lion - Glasgow,heineken uk ltd,756.27,Food
2026-02-07,The Anchor - Perth,British Gas,£338.95,Maintenance
13/03/2026,Red Lion - Glasgow,Makro,343.57,Maintenance
2026-02-07,Red Lion - Glasgow,BT PLC,102.31,Soft Drinks
07/01/2026,Royal Oak - Paisley,Amazon Business,679.67,Food
4/19/2026,The Plough - Falkirk,brakes catering,£2456.02,Alcohol
3/15/2026,Queens Head - Aberdeen,Scottish Water,290.34,Soft Drinks
1/16/2026,The Plough - Falkirk,Coca Cola Europacific,£216.44,Soft Drinks
16/04/2026,The Plough - Falkirk,BRAKES UK,1797.25,Alcohol
2026-04-07,The Anchor - Perth,e.on,303.49,Food
30/04/2026,The Anchor - Perth,Amazon,-708.43,Food
4/6/2026,The Crown - Stirling,Booker Wholesale,£409.73,Cleaning
02/02/2026,The Plough - Falkirk,local bakery,142.99,Supplies
2026-04-20,The Plough - Falkirk,Amazon Business,251.20,Maintenance
2026-04-28,The Crown - Stirling,Local Bakery,467.99,Utilities
03/03/2026,The Anchor - Perth,EON Energy,-329.36,Utilities
2026-01-25,Kings Arms - Edinburgh,Local Fishmonger,226.87,Supplies
2026-04-16,The Crown - Stirling,British Gas,238.98,Soft Drinks
14/03/2026,The Swan - Ayr,Brakes,£320.34,Soft Drinks
2026-04-17,Kings Arms - Edinburgh,Amazon Business,£546.83,Utilities
29/04/2026,Queens Head - Aberdeen,Amazon Business,1302.78,Food
1/29/2026,Queens Head - Aberdeen,Booker Wholesale,£335.19,Utilities
4/16/2026,Red Lion - Glasgow,Heineken UK,226.61 ,Maintenance
2/10/2026,The Ship Inn - Oban,E.ON,346.29,Maintenance
4/29/2026,Royal Oak - Paisley,Booker Ltd,390.41,Soft Drinks
06/02/2026,Queens Head - Aberdeen,Scottish Water,£1158.94,Alcohol
2026-04-29,Kings Arms - Edinburgh,Booker Ltd,191.34,Supplies
16/02/2026,Kings Arms - Edinburgh,Costco UK,£360.82,Soft Drinks
08/03/2026,The Ship Inn - Oban,Heineken UK,237.95,Cleaning
2026-03-16,The Ship Inn - Oban,JJ Food Service,304.90,Soft Drinks
2026-01-12,The Crown - Stirling,Costco UK,278.57,Supplies
2026-01-17,Red Lion - Glasgow,Brakes Catering,188.86,Maintenance
2026-01-29,Kings Arms - Edinburgh,BT PLC,-164.24,Maintenance
2026-01-25,The Plough - Falkirk,Scottish Water,163.53,Utilities
08/02/2026,Fox & Hound - Hamilton,bt plc,283.61,Supplies
1/2/2026,The Plough - Falkirk,British Gas,85.30,Soft Drinks
4/26/2026,Kings Arms - Edinburgh,Booker Ltd,447.87,Utilities
3/6/2026,The Plough - Falkirk,Booker Ltd,179.95,Maintenance
26/04/2026,Kings Arms - Edinburgh,Heineken UK,£138.06,Utilities
14/04/2026,Royal Oak - Paisley,bidfood,45.19,Supplies
2026-04-19,The Anchor - Perth,eon energy,£394.89,Cleaning
2026-02-18,The Anchor - Perth,Makro,207.14,Cleaning
07/03/2026,Kings Arms - Edinburgh,Local Butcher,198.77,Cleaning
01/03/2026,The Swan - Ayr,Local Butcher,£329.06,Food
11/04/2026,Royal Oak - Paisley,JJ Food Service,£178.89,Food
09/02/2026,The Crown - Stirling,BRAKES UK,145.03,Maintenance
2026-03-27,Fox & Hound - Hamilton,BT PLC,304.08,Supplies
05/01/2026,Kings Arms - Edinburgh,Makro,380.51,Utilities
23/04/2026,Fox & Hound - Hamilton,Diageo Ltd,£426.47,Food
09/04/2026,Kings Arms - Edinburgh,Booker Wholesale,104.28,Cleaning
14/02/2026,The Anchor - Perth,Booker Wholesale,193.37,Soft Drinks
2026-04-29,The Ship Inn - Oban,scottish water,-853.49,Food
2026-03-12,The Plough - Falkirk,Heineken UK Ltd,339.11,Maintenance
2/18/2026,Red Lion - Glasgow,HEINEKEN,232.41,Utilities
4/17/2026,The Ship Inn - Oban,Scottish Water,108.28,Supplies
1/25/2026,Queens Head - Aberdeen,Local Butcher,538.50 ,Food
3/25/2026,The Swan - Ayr,E.ON,-415.15,Soft Drinks
2026-01-06,White Hart - Inverness,BRAKES UK,1696.29,Alcohol
2026-01-28,Queens Head - Aberdeen,Local Bakery,182.82,Soft Drinks
03/02/2026,The Anchor - Perth,Coca Cola Europacific,228.98,Maintenance
2026-03-18,The Plough - Falkirk,Amazon Business,£357.41,Maintenance
2026-01-03,White Hart - Inverness,Costco UK,£701.71,Alcohol
2026-03-10,Queens Head - Aberdeen,Amazon,1045.67,Food
3/29/2026,The Ship Inn - Oban,DIAGEO,£1629.38,Alcohol
2026-01-26,Royal Oak - Paisley,JJ Food Service,271.91,Supplies
4/14/2026,Black Bull - Dundee,EON Energy,£158.60,Soft Drinks
2026-03-09,Red Lion - Glasgow,Booker Wholesale,60.62,Maintenance
02/03/2026,Royal Oak - Paisley,Heineken UK Ltd,81.25,Soft Drinks
1/19/2026,Kings Arms - Edinburgh,Coca Cola Europacific,1105.46,Food
2026-04-09,The Anchor - Perth,DIAGEO,£418.01,Cleaning
2026-04-17,Black Bull - Dundee,local butcher,£287.47,Utilities
2/25/2026,The Crown - Stirling,JJ Foods,£557.67,Alcohol
09/01/2026,Red Lion - Glasgow,Booker Wholesale,417.47,Soft Drinks
2026-03-11,Red Lion - Glasgow,Heineken UK Ltd,£416.83,Soft Drinks
15/02/2026,Royal Oak - Paisley,Amazon,241.40,Maintenance
2026-02-08,The Anchor - Perth,BRAKESUK,316.89,Utilities
4/11/2026,The Swan - Ayr,BT PLC,£295.19,Utilities
2026-02-08,The Crown - Stirling,JJ Foods,115.64,Supplies
2/23/2026,Black Bull - Dundee,Costco UK,2459.80,Alcohol
16/01/2026,White Hart - Inverness,Costco UK,-£157.87,Soft Drinks
1/10/2026,Fox & Hound - Hamilton,Heineken UK,344.53,Cleaning
3/12/2026,The Plough - Falkirk,JJ Food Service,33.03,Cleaning
2026-04-24,Red Lion - Glasgow,Amazon,77.93,Soft Drinks
26/01/2026,The Swan - Ayr,British Gas,484.53,Utilities
29/01/2026,Queens Head - Aberdeen,booker,£158.00,Cleaning
2/15/2026,Fox & Hound - Hamilton,JJ Foods,305.32,Cleaning
2/12/2026,The Ship Inn - Oban,local bakery,368.96,Cleaning
3/28/2026,Black Bull - Dundee,Amazon Business,£1679.36,Alcohol
05/03/2026,The Crown - Stirling,DIAGEO,496.40,Food
07/03/2026,The Plough - Falkirk,Coca Cola,£301.69,Food
2026-03-18,Royal Oak - Paisley,BRAKES UK,£231.67,Cleaning
2026-04-12,White Hart - Inverness,Diageo Ltd,1056.17,Food
07/02/2026,Black Bull - Dundee,EON Energy,£262.93,Maintenance
1/8/2026,White Hart - Inverness,Booker Wholesale,170.33,Cleaning
01/04/2026,The Anchor - Perth,BT PLC,399.15,Supplies
2026-01-08,The Plough - Falkirk,Amazon,£2525.06,Alcohol
2026-02-09,White Hart - Inverness,Bidfood,£85.93,Supplies
28/03/2026,Fox & Hound - Hamilton,Local Bakery,178.73,Maintenance
18/02/2026,Fox & Hound - Hamilton,Booker Wholesale,291.30,Utilities
2026-03-19,The Ship Inn - Oban,Costco UK,30.83,Cleaning
3/13/2026,White Hart - Inverness,Makro,248.89,Supplies
13/03/2026,The Plough - Falkirk,Heineken UK Ltd,145.81,Utilities
21/02/2026,Black Bull - Dundee,Costco UK,£455.63,Food
15/04/2026,Royal Oak - Paisley,E.ON,225.96 ,Maintenance
15/02/2026,The Ship Inn - Oban,BRAKES UK,£166.71,Cleaning
2026-01-02,Black Bull - Dundee,Brakes,856.33,Food
2026-04-17,Kings Arms - Edinburgh,BRAKES UK,£519.93,Food
2026-01-07,The Swan - Ayr,Brakes Catering,144.66,Soft Drinks
23/02/2026,The Anchor - Perth,EON Energy,1179.81,Food
4/12/2026,Queens Head - Aberdeen,BRAKES UK,222.26,Cleaning
05/04/2026,The Ship Inn - Oban,Bidfood,£298.62,Cleaning
27/03/2026,Red Lion - Glasgow,Amazon,126.31,Soft Drinks
12/02/2026,Fox & Hound - Hamilton,amazon,1233.90,Alcohol
03/01/2026,Black Bull - Dundee,Bidfood,£380.02,Food
2/18/2026,The Swan - Ayr,Makro,1914.73,Alcohol
4/27/2026,Queens Head - Aberdeen,Amazon,£1937.94 ,Alcohol
2026-01-28,The Swan - Ayr,E.ON,49.40,Maintenance
2026-04-17,Queens Head - Aberdeen,BOOKER,1122.17,Food
2026-04-10,Kings Arms - Edinburgh,Amazon Business,360.95,Soft Drinks
2/23/2026,Black Bull - Dundee,JJ Foods,50.94,Cleaning
2026-02-27,Royal Oak - Paisley,JJ Food Service,42.60,Cleaning
2026-02-17,The Ship Inn - Oban,ScottishWater,221.06,Cleaning
3/24/2026,Red Lion - Glasgow,Local Fishmonger,£602.59,Food
2026-04-15,Red Lion - Glasgow,Bidfood,869.31,Food
2026-04-09,White Hart - Inverness,BT PLC,-828.61,Food
2026-04-28,The Anchor - Perth,BOOKER,£443.50,Utilities
2026-02-09,Kings Arms - Edinburgh,Local Butcher,-385.89,Cleaning
2/6/2026,Royal Oak - Paisley,Brakes Catering,300.58,Supplies
2026-03-31,The Swan - Ayr,Amazon Business,£2794.73,Alcohol
20/01/2026,Fox & Hound - Hamilton,Diageo Ltd,325.17,Cleaning
26/02/2026,Fox & Hound - Hamilton,Heineken UK Ltd,257.07,Maintenance
3/25/2026,The Ship Inn - Oban,Bidfood,£204.26,Maintenance
29/01/2026,Fox & Hound - Hamilton,Heineken UK,215.91,Supplies
2026-02-16,The Ship Inn - Oban,DIAGEO,1265.53,Food
3/23/2026,Black Bull - Dundee,BOOKER,170.53,Maintenance
4/1/2026,Fox & Hound - Hamilton,Brakes,£137.04,Cleaning
4/9/2026,The Ship Inn - Oban,Makro,187.38,Soft Drinks
13/01/2026,Black Bull - Dundee,BRAKES UK,35.50,Maintenance
2026-03-27,The Swan - Ayr,Makro,£2831.79,Alcohol
1/3/2026,Royal Oak - Paisley,Local Fishmonger,£886.23,Food
2026-01-08,The Swan - Ayr,Heineken UK Ltd,1145.98,Alcohol
02/04/2026,White Hart - Inverness,diageo,189.49,Cleaning
2026-01-06,Black Bull - Dundee,BOOKER,1037.12,Alcohol
2026-03-26,Black Bull - Dundee,Heineken UK Ltd,1034.61,Food
11/02/2026,Fox & Hound - Hamilton,Diageo Ltd,231.65,Food
05/02/2026,The Ship Inn - Oban,brakes,225.32,Maintenance
4/27/2026,The Anchor - Perth,British Gas,£369.81,Cleaning
19/02/2026,Black Bull - Dundee,Amazon Business,574.97 ,Utilities
08/03/2026,The Swan - Ayr,Heineken UK,£192.62,Cleaning
06/01/2026,Kings Arms - Edinburgh,Makro,£406.62,Cleaning
1/12/2026,The Ship Inn - Oban,HEINEKEN,£404.03,Utilities
2026-03-31,Black Bull - Dundee,Heineken UK Ltd,136.78,Maintenance
2026-01-09,Fox & Hound - Hamilton,JJ Food Service,593.21,Utilities
2026-02-16,Queens Head - Aberdeen,Diageo Ltd,£253.94,Soft Drinks
2026-04-19,Red Lion - Glasgow,Diageo Ltd,365.84,Soft Drinks
2026-03-17,Royal Oak - Paisley,Heineken UK Ltd,120.65,Soft Drinks
4/26/2026,The Plough - Falkirk,Heineken UK,1139.07,Alcohol
2/5/2026,The Ship Inn - Oban,Heineken UK Ltd,109.11,Maintenance
1/8/2026,Fox & Hound - Hamilton,Scottish Water,33.95,Maintenance
1/10/2026,Kings Arms - Edinburgh,brakes uk,£332.92,Supplies
05/01/2026,The Swan - Ayr,BT PLC,1433.71,Alcohol
26/03/2026,White Hart - Inverness,Coca Cola Europacific,£140.57,Utilities
2/17/2026,The Crown - Stirling,HEINEKEN,138.46,Supplies
28/02/2026,Fox & Hound - Hamilton,Booker Wholesale,£524.61,Food
2026-04-01,Kings Arms - Edinburgh,BRAKES UK,303.68,Utilities
1/17/2026,White Hart - Inverness,Diageo Ltd,391.10,Supplies
04/03/2026,Black Bull - Dundee,British Gas,£244.84 ,Supplies
2026-04-26,Royal Oak - Paisley,Diageo PLC,£396.91,Maintenance
21/04/2026,Queens Head - Aberdeen,EONEnergy,371.88,Soft Drinks
28/02/2026,Red Lion - Glasgow,jj food service,186.67,Supplies
2026-04-26,White Hart - Inverness,BRAKES UK,913.69,Food
2026-01-26,The Plough - Falkirk,DIAGEO,562.68,Food
27/04/2026,Black Bull - Dundee,Local Fishmonger,£31.99,Maintenance
2026-03-15,The Anchor - Perth,HEINEKEN,1201.44,Alcohol
2026-03-07,Royal Oak - Paisley,Booker Ltd,2215.04,Alcohol
3/3/2026,Red Lion - Glasgow,Booker Wholesale,1002.99,Food
1/4/2026,The Plough - Falkirk,Heineken UK Ltd,48.52,Maintenance
18/02/2026,Black Bull - Dundee,Brakes Catering,£42.99,Soft Drinks
2026-02-09,White Hart - Inverness,Amazon,-182.15 ,Soft Drinks
4/27/2026,Red Lion - Glasgow,JJ Foods,£183.24,Cleaning
2/26/2026,White Hart - Inverness,Amazon,384.04,Soft Drinks
24/04/2026,The Ship Inn - Oban,Scottish Water,375.16,Maintenance
4/2/2026,Queens Head - Aberdeen,Heineken UK Ltd,£1455.16,Alcohol
2026-01-30,The Plough - Falkirk,Brakes,91.80,Supplies
2026-03-18,The Ship Inn - Oban,Amazon,907.96,Food
13/01/2026,The Plough - Falkirk,DIAGEO,363.54,Soft Drinks
2026-01-20,Black Bull - Dundee,Costco UK,2378.68,Alcohol
2/23/2026,White Hart - Inverness,Amazon,362.21,Utilities
06/03/2026,The Anchor - Perth,Coca Cola,£2126.32,Alcohol
4/8/2026,The Ship Inn - Oban,eon energy,326.67,Supplies
26/04/2026,The Ship Inn - Oban,BOOKER,392.65,Supplies
2026-03-09,Royal Oak - Paisley,Coca Cola,2786.13,Alcohol
4/24/2026,The Swan - Ayr,Amazon,138.81 ,Soft Drinks
3/19/2026,Red Lion - Glasgow,HEINEKEN,1171.19,Alcohol
4/15/2026,Kings Arms - Edinburgh,British Gas,£1285.88,Alcohol
2026-01-25,Queens Head - Aberdeen,Amazon Business,1110.60,Food
1/25/2026,Black Bull - Dundee,Local Bakery,397.68,Supplies
2026-04-24,The Swan - Ayr,Amazon,£57.95,Maintenance
4/10/2026,The Crown - Stirling,Heineken UK,2610.94,Alcohol
3/19/2026,Red Lion - Glasgow,Costco UK,362.90,Soft Drinks
18/02/2026,Kings Arms - Edinburgh,DIAGEO,288.02,Maintenance
1/9/2026,The Anchor - Perth,Local Bakery,300.53,Maintenance
2026-03-03,White Hart - Inverness,Bidfood,1012.44,Alcohol
2026-03-01,Royal Oak - Paisley,Coca Cola Europacific,£377.06,Cleaning
4/13/2026,The Plough - Falkirk,Local Bakery,269.89,Maintenance
1/16/2026,The Anchor - Perth,Local Butcher,169.06,Supplies
2/19/2026,The Anchor - Perth,brakes,415.78,Cleaning
4/19/2026,The Ship Inn - Oban,Costco UK,261.50,Supplies
2026-04-27,The Plough - Falkirk,Diageo PLC,2607.04,Alcohol
20/03/2026,The Crown - Stirling,local bakery,2366.49,Alcohol
17/03/2026,The Anchor - Perth,DIAGEO,359.91,Utilities
3/1/2026,Fox & Hound - Hamilton,BRAKES UK,£786.00,Alcohol
04/03/2026,The Ship Inn - Oban,Heineken UK,£385.67,Cleaning
2026-04-04,White Hart - Inverness,Heineken UK Ltd,£444.40,Utilities
2026-04-05,Royal Oak - Paisley,Booker Ltd,149.41,Supplies
2026-03-03,The Crown - Stirling,Brakes,£91.40,Maintenance
2/16/2026,White Hart - Inverness,BRAKES UK,349.70,Supplies
26/02/2026,Queens Head - Aberdeen,Local Fishmonger,£253.02,Cleaning
19/01/2026,The Anchor - Perth,Diageo PLC,240.87,Food
2/22/2026,Fox & Hound - Hamilton,Bidfood,767.29,Alcohol
01/01/2026,Kings Arms - Edinburgh,Booker Ltd,337.33,Soft Drinks
06/04/2026,Kings Arms - Edinburgh,Coca Cola,73.24,Cleaning
2026-02-16,Queens Head - Aberdeen,Makro,178.10,Soft Drinks
3/25/2026,Queens Head - Aberdeen,Booker Wholesale,£100.47,Soft Drinks
05/04/2026,Fox & Hound - Hamilton,JJ Foods,269.97,Cleaning
1/20/2026,The Crown - Stirling,JJFoods,1132.62,Food
2026-04-27,Queens Head - Aberdeen,Local Butcher,272.89,Supplies
2026-01-21,Black Bull - Dundee,Makro,177.12,Maintenance
3/2/2026,Queens Head - Aberdeen,Brakes Catering,288.51,Supplies
2026-02-09,The Crown - Stirling,DIAGEO,908.51,Food
2026-01-20,Red Lion - Glasgow,JJ Food Service,565.47,Utilities
2026-01-06,The Plough - Falkirk,JJ Foods,64.52,Soft Drinks
4/23/2026,Fox & Hound - Hamilton,Local Bakery,583.24,Utilities
25/01/2026,White Hart - Inverness,Local Butcher,131.58,Soft Drinks
2026-02-24,Black Bull - Dundee,Amazon,£560.97,Utilities
2026-03-11,Red Lion - Glasgow,diageo,422.32,Cleaning
11/01/2026,White Hart - Inverness,Brakes Catering,£263.71,Cleaning
1/13/2026,The Plough - Falkirk,Brakes,327.82,Utilities
1/19/2026,The Crown - Stirling,Local Butcher,105.27 ,Utilities
2026-03-07,Kings Arms - Edinburgh,coca cola europacific,£488.90,Utilities
2026-01-05,The Anchor - Perth,Local Butcher,82.95,Soft Drinks
2026-04-09,Kings Arms - Edinburgh,EON Energy,£168.11,Supplies
2026-01-08,The Plough - Falkirk,Bidfood,1280.99,Food
2/12/2026,The Anchor - Perth,Coca Cola Europacific,204.15,Cleaning
1/8/2026,Red Lion - Glasgow,Brakes,£1259.86,Food
07/03/2026,The Ship Inn - Oban,Booker Ltd,341.95,Utilities
24/02/2026,The Swan - Ayr,BRAKES UK,291.93,Cleaning
04/02/2026,Royal Oak - Paisley,Costco UK,310.91,Supplies
2/24/2026,Black Bull - Dundee,Diageo Ltd,33.88,Soft Drinks
2/3/2026,White Hart - Inverness,diageo,2490.12,Alcohol
31/03/2026,The Swan - Ayr,Makro,274.18,Utilities
1/5/2026,The Ship Inn - Oban,Local Bakery,2321.41,Alcohol
2026-01-23,The Plough - Falkirk,diageo plc,208.25,Supplies
4/15/2026,Queens Head - Aberdeen,EON Energy,425.46,Maintenance
27/03/2026,Fox & Hound - Hamilton,Makro,285.64,Soft Drinks
2026-03-23,The Plough - Falkirk,Brakes Catering,£1764.34,Alcohol
1/11/2026,White Hart - Inverness,Brakes Catering,345.34,Supplies
2026-04-01,Queens Head - Aberdeen,Makro,191.25,Utilities
2026-04-20,The Plough - Falkirk,Heineken UK Ltd,£178.94,Soft Drinks
12/01/2026,Royal Oak - Paisley,British Gas,-347.57,Maintenance
16/04/2026,The Swan - Ayr,Coca Cola,187.58,Maintenance
10/03/2026,Black Bull - Dundee,Scottish Water,47.73,Maintenance
1/10/2026,The Plough - Falkirk,E.ON,£225.20,Maintenance
2/6/2026,Royal Oak - Paisley,Local Fishmonger,-571.98,Food
1/26/2026,Red Lion - Glasgow,Coca Cola Europacific,364.29,Soft Drinks
4/16/2026,Queens Head - Aberdeen,HEINEKEN,578.74,Utilities
2/1/2026,The Plough - Falkirk,diageo plc,2073.69,Alcohol
4/28/2026,Royal Oak - Paisley,Makro,101.44 ,Cleaning
16/02/2026,Kings Arms - Edinburgh,DIAGEO,400.08,Soft Drinks
14/04/2026,Fox & Hound - Hamilton,amazon business,617.14,Alcohol
01/02/2026,Royal Oak - Paisley,JJ Food Service,£503.01,Food
2/3/2026,The Crown - Stirling,Coca Cola,67.52 ,Maintenance
24/04/2026,The Crown - Stirling,Coca Cola,-2347.58,Alcohol
17/01/2026,The Swan - Ayr,Local Butcher,403.46,Soft Drinks
24/04/2026,The Swan - Ayr,JJ Foods,825.04,Food
25/01/2026,The Anchor - Perth,Coca Cola Europacific,195.88,Cleaning
1/19/2026,The Swan - Ayr,jj food service,313.88,Maintenance
13/02/2026,The Ship Inn - Oban,Heineken UK Ltd,332.59,Cleaning
16/03/2026,Fox & Hound - Hamilton,EON Energy,389.58,Maintenance
2026-02-03,The Crown - Stirling,Amazon Business,£279.02,Cleaning
4/27/2026,The Anchor - Perth,HEINEKEN,133.06,Maintenance
2026-01-19,Fox & Hound - Hamilton,Diageo Ltd,2424.48,Alcohol
4/21/2026,Red Lion - Glasgow,E.ON,394.35,Supplies
2/21/2026,Red Lion - Glasgow,Coca Cola Europacific,2635.80,Alcohol
2026-03-19,The Crown - Stirling,Bidfood,201.93,Cleaning
2026-04-29,White Hart - Inverness,Amazon Business,1281.14,Food
06/02/2026,Red Lion - Glasgow,JJ Food Service,£310.59,Supplies
1/28/2026,Black Bull - Dundee,JJ Food Service,£207.74,Soft Drinks
2026-03-20,Kings Arms - Edinburgh,EON Energy,1154.47,Food
2026-04-28,Fox & Hound - Hamilton,DIAGEO,1875.72,Alcohol
3/16/2026,The Plough - Falkirk,Bidfood,423.35 ,Supplies
22/01/2026,Fox & Hound - Hamilton,Local Butcher,47.39,Supplies
2026-01-12,The Plough - Falkirk,DIAGEO,£221.94,Food
2026-04-10,The Anchor - Perth,BritishGas,272.66,Soft Drinks
2026-01-22,Black Bull - Dundee,JJ Foods,236.65,Supplies
2026-01-13,The Ship Inn - Oban,Bidfood,941.39,Alcohol
2026-03-15,White Hart - Inverness,Coca Cola,£304.67,Cleaning
3/3/2026,The Ship Inn - Oban,Local Fishmonger,321.15,Maintenance
1/3/2026,Kings Arms - Edinburgh,DIAGEO,£394.24,Soft Drinks
28/03/2026,The Swan - Ayr,Heineken UK,685.89,Food
2026-04-11,The Crown - Stirling,Brakes Catering,349.54,Utilities
2026-01-05,The Anchor - Perth,Costco UK,64.73,Soft Drinks
2026-01-24,White Hart - Inverness,HEINEKEN,1586.40,Alcohol
2026-03-03,The Ship Inn - Oban,Local Fishmonger,£1816.06,Alcohol
2/18/2026,Red Lion - Glasgow,JJ Food Service,133.70,Supplies
11/01/2026,The Anchor - Perth,Bidfood,255.14,Cleaning
2/2/2026,Royal Oak - Paisley,BT PLC,98.50,Supplies
2026-04-14,The Anchor - Perth,Local Fishmonger,994.01,Alcohol
2026-01-29,Red Lion - Glasgow,BRAKES UK,215.14,Supplies
21/01/2026,The Crown - Stirling,BT PLC,£146.99,Soft Drinks
2026-03-21,Kings Arms - Edinburgh,Booker Wholesale,1611.05,Alcohol
1/26/2026,Black Bull - Dundee,BOOKER,111.21,Soft Drinks
2026-01-10,Royal Oak - Paisley,Diageo Ltd,523.55,Utilities
03/03/2026,White Hart - Inverness,Brakes Catering,226.45,Supplies
2/22/2026,The Swan - Ayr,BT PLC,2409.16,Alcohol
4/5/2026,The Crown - Stirling,Brakes Catering,398.20,Cleaning
4/30/2026,Royal Oak - Paisley,Makro,324.16,Supplies
2/15/2026,Kings Arms - Edinburgh,E.ON,-2154.43,Alcohol
2/11/2026,Queens Head - Aberdeen,JJFoods,74.46,Maintenance
2026-03-08,Royal Oak - Paisley,DIAGEO,£194.79,Cleaning
02/02/2026,The Swan - Ayr,LocalBakery,66.07,Supplies
3/17/2026,The Plough - Falkirk,E.ON,169.82,Maintenance
2/22/2026,Queens Head - Aberdeen,Coca Cola Europacific,£517.08,Alcohol
1/25/2026,The Crown - Stirling,JJ Food Service,202.77,Utilities
2026-02-23,Black Bull - Dundee,Bidfood,£59.63,Cleaning
2026-02-14,Black Bull - Dundee,British Gas,£963.05,Food
2026-01-13,The Plough - Falkirk,jj foods,404.31,Soft Drinks
1/2/2026,The Anchor - Perth,Amazon,£877.59,Alcohol
2026-02-26,Royal Oak - Paisley,HEINEKEN,71.27,Maintenance
2026-04-06,The Swan - Ayr,Bidfood,199.90,Maintenance
4/9/2026,The Anchor - Perth,Heineken UK,1014.70,Food
19/03/2026,The Crown - Stirling,local fishmonger,191.97,Soft Drinks
2026-01-06,The Ship Inn - Oban,BRAKES UK,490.86,Utilities
2026-01-08,The Anchor - Perth,Heineken UK,2238.84,Alcohol
2026-04-10,The Anchor - Perth,Diageo PLC,321.16,Maintenance
3/9/2026,The Crown - Stirling,local fishmonger,176.22,Soft Drinks
2026-03-24,Queens Head - Aberdeen,Brakes Catering,£333.13,Maintenance
30/04/2026,Fox & Hound - Hamilton,Bidfood,317.58,Cleaning
4/2/2026,The Anchor - Perth,Heineken UK Ltd,£232.26 ,Cleaning
2/10/2026,The Anchor - Perth,BRAKES UK,54.74,Cleaning
2026-03-15,The Ship Inn - Oban,heineken uk ltd,32.38,Cleaning
2026-02-21,The Swan - Ayr,Heineken UK Ltd,489.92,Utilities
1/19/2026,Queens Head - Aberdeen,Booker Ltd,£1338.77,Alcohol
2/22/2026,The Swan - Ayr,Booker Wholesale,419.84,Cleaning
07/04/2026,The Crown - Stirling,BT PLC,86.12,Cleaning
1/27/2026,Black Bull - Dundee,Booker Wholesale,423.53,Food
2026-02-23,The Swan - Ayr,Local Fishmonger,336.25,Maintenance
13/02/2026,Kings Arms - Edinburgh,Booker Ltd,546.48,Food
2026-02-13,Fox & Hound - Hamilton,Coca Cola Europacific,320.32,Food
2026-02-21,Red Lion - Glasgow,E.ON,337.26,Maintenance
2026-04-21,Kings Arms - Edinburgh,Brakes Catering,137.42,Supplies
2026-04-07,The Swan - Ayr,BRAKES UK,353.11,Supplies
4/17/2026,The Plough - Falkirk,Booker Wholesale,352.24,Soft Drinks
05/04/2026,Black Bull - Dundee,E.ON,£187.37,Utilities
07/04/2026,Kings Arms - Edinburgh,Scottish Water,-37.97,Maintenance
12/02/2026,The Anchor - Perth,EON Energy,179.29 ,Utilities
2026-03-07,The Swan - Ayr,Makro,310.85,Soft Drinks
2026-03-25,The Ship Inn - Oban,British Gas,241.67,Food
3/11/2026,The Plough - Falkirk,Heineken UK Ltd,136.24,Soft Drinks
1/30/2026,The Plough - Falkirk,Local Fishmonger,1916.00,Alcohol
13/04/2026,The Crown - Stirling,EON Energy,161.82,Soft Drinks
2/11/2026,The Crown - Stirling,JJ Food Service,125.51,Soft Drinks
2/8/2026,Fox & Hound - Hamilton,HEINEKEN,321.62,Soft Drinks
4/2/2026,Kings Arms - Edinburgh,booker ltd,£217.55,Supplies
2/23/2026,Kings Arms - Edinburgh,EON Energy,127.73,Utilities
04/04/2026,Red Lion - Glasgow,BRAKES UK,42.67,Supplies
26/03/2026,Kings Arms - Edinburgh,BT PLC,142.61,Maintenance
3/24/2026,Black Bull - Dundee,Makro,£108.60,Maintenance
27/03/2026,Red Lion - Glasgow,Booker Ltd,732.15,Alcohol
1/12/2026,The Swan - Ayr,BritishGas,266.51,Supplies
03/02/2026,Kings Arms - Edinburgh,Diageo PLC,328.11,Cleaning
2026-01-29,The Plough - Falkirk,Booker Ltd,£194.15,Cleaning
4/17/2026,Kings Arms - Edinburgh,HEINEKEN,398.91,Cleaning
1/26/2026,The Crown - Stirling,Brakes Catering,952.03,Food
3/12/2026,The Ship Inn - Oban,JJ Food Service,446.97,Utilities
02/02/2026,Red Lion - Glasgow,Costco UK,381.81,Utilities
09/04/2026,Queens Head - Aberdeen,Costco UK,£189.54,Utilities
24/01/2026,The Crown - Stirling,heineken,£976.17,Alcohol
18/01/2026,Kings Arms - Edinburgh,HeinekenUK Ltd,726.95,Alcohol
3/5/2026,Red Lion - Glasgow,Booker Wholesale,820.70,Alcohol
2026-04-27,Fox & Hound - Hamilton,eon energy,52.67,Soft Drinks
2026-02-09,White Hart - Inverness,DIAGEO,202.58,Soft Drinks
2026-01-22,The Crown - Stirling,Brakes Catering,166.79,Cleaning
4/29/2026,The Crown - Stirling,EON Energy,222.63 ,Cleaning
1/22/2026,Kings Arms - Edinburgh,BrakesCatering,£2779.62,Alcohol
1/26/2026,The Crown - Stirling,Diageo PLC,520.64,Food
2026-01-09,Fox & Hound - Hamilton,British Gas,152.05,Cleaning
3/1/2026,The Plough - Falkirk,British Gas,2286.21,Alcohol
2026-02-07,Queens Head - Aberdeen,booker ltd,£420.95,Soft Drinks
2026-04-15,The Plough - Falkirk,Scottish Water,179.59,Cleaning
2026-02-05,The Crown - Stirling,Coca Cola,34.78,Maintenance
3/26/2026,The Ship Inn - Oban,heineken,1030.69,Food
4/4/2026,Red Lion - Glasgow,Diageo PLC,866.85,Food
1/6/2026,Queens Head - Aberdeen,JJFood Service,278.47,Cleaning
2026-01-23,Black Bull - Dundee,Diageo PLC,-202.09,Cleaning
1/31/2026,Fox & Hound - Hamilton,Costco UK,192.66,Maintenance
02/03/2026,The Swan - Ayr,HEINEKEN,2222.60,Alcohol
2026-01-27,Royal Oak - Paisley,JJ Food Service,140.98,Utilities
2026-01-26,Royal Oak - Paisley,JJ Food Service,£46.63,Maintenance
4/5/2026,The Crown - Stirling,Scottish Water,166.10,Utilities
07/04/2026,Queens Head - Aberdeen,E.ON,76.68,Maintenance
26/03/2026,Fox & Hound - Hamilton,BOOKER,242.12,Maintenance
09/04/2026,Kings Arms - Edinburgh,Booker Ltd,138.34,Cleaning
2026-04-04,The Ship Inn - Oban,scottish water,£293.04,Supplies
03/02/2026,The Plough - Falkirk,JJ Foods,385.49,Maintenance
2026-04-14,Red Lion - Glasgow,Amazon,150.89,Maintenance
4/9/2026,White Hart - Inverness,DIAGEO,1184.45,Food
2026-01-17,Royal Oak - Paisley,Diageo PLC,205.85,Cleaning
2026-02-25,Kings Arms - Edinburgh,Amazon Business,378.10,Cleaning
2026-02-02,The Plough - Falkirk,DIAGEO,£2197.38 ,Alcohol
4/6/2026,The Swan - Ayr,Booker Ltd,310.34,Soft Drinks
2026-03-22,The Plough - Falkirk,Heineken UK Ltd,£1988.40,Alcohol
1/12/2026,Royal Oak - Paisley,Scottish Water,£267.82,Soft Drinks
2026-02-05,Queens Head - Aberdeen,Diageo Ltd,549.34,Food
2026-01-29,Royal Oak - Paisley,E.ON,245.63,Soft Drinks
2026-01-14,White Hart - Inverness,Heineken UK Ltd,411.39,Maintenance
2026-02-12,Royal Oak - Paisley,Local Fishmonger,194.52,Maintenance
23/03/2026,The Anchor - Perth,EON Energy,£1272.06,Food
3/7/2026,Kings Arms - Edinburgh,Brakes Catering,44.19,Cleaning
3/10/2026,The Ship Inn - Oban,Local Bakery,288.66,Utilities
2026-03-31,The Anchor - Perth,Coca Cola Europacific,260.49,Maintenance
2026-01-22,Red Lion - Glasgow,BRAKES UK,2589.98,Alcohol
2/26/2026,Fox & Hound - Hamilton,Brakes Catering,110.14 ,Utilities
2/8/2026,Fox & Hound - Hamilton,Makro,-£337.63,Maintenance
2026-01-16,Black Bull - Dundee,Brakes Catering,269.93,Utilities
2026-03-10,White Hart - Inverness,Heineken UK Ltd,£264.28 ,Soft Drinks
2/11/2026,The Plough - Falkirk,coca cola europacific,2029.07,Alcohol
3/1/2026,The Swan - Ayr,Booker Wholesale,£398.39,Maintenance
1/12/2026,The Anchor - Perth,Local Butcher,£711.75,Food
2026-04-13,Fox & Hound - Hamilton,brakes,£174.94,Soft Drinks
15/01/2026,The Ship Inn - Oban,DIAGEO,498.98,Utilities
22/04/2026,Queens Head - Aberdeen,LocalFishmonger,1589.82 ,Alcohol
07/02/2026,White Hart - Inverness,BrakesCatering,£229.57,Cleaning
1/13/2026,The Ship Inn - Oban,JJ Food Service,£357.98,Food
20/01/2026,Fox & Hound - Hamilton,Diageo PLC,506.54,Alcohol
4/25/2026,Royal Oak - Paisley,Heineken UK,459.50,Food
03/02/2026,Fox & Hound - Hamilton,Bidfood,580.75,Utilities
1/27/2026,Red Lion - Glasgow,DIAGEO,373.49,Supplies
04/01/2026,Queens Head - Aberdeen,EON Energy,2678.65,Alcohol
19/04/2026,White Hart - Inverness,Coca Cola Europacific,153.42,Maintenance
2026-01-09,Fox & Hound - Hamilton,Coca Cola Europacific,£253.63 ,Supplies
03/04/2026,The Anchor - Perth,Scottish Water,1203.15,Food
2/1/2026,The Ship Inn - Oban,scottish water,1077.74,Food
07/02/2026,Red Lion - Glasgow,Costco UK,£63.00,Supplies
4/29/2026,Queens Head - Aberdeen,DIAGEO,£125.61,Maintenance
09/03/2026,Black Bull - Dundee,Booker Ltd,293.50,Soft Drinks
2/10/2026,The Ship Inn - Oban,Scottish Water,77.03,Cleaning
15/01/2026,Queens Head - Aberdeen,Heineken UK Ltd,£279.35,Supplies
2026-03-18,Kings Arms - Edinburgh,Booker Wholesale,2437.11,Alcohol
4/3/2026,The Crown - Stirling,Brakes Catering,525.87,Utilities
24/01/2026,The Crown - Stirling,BOOKER,364.37,Maintenance
2026-04-06,The Ship Inn - Oban,Makro,138.20,Soft Drinks
10/03/2026,Kings Arms - Edinburgh,E.ON,£485.09,Food
4/27/2026,The Anchor - Perth,E.ON,161.05,Supplies
4/21/2026,The Anchor - Perth,Local Butcher,418.13,Utilities
25/03/2026,The Swan - Ayr,BOOKER,377.29,Cleaning
3/8/2026,Royal Oak - Paisley,E.ON,£259.44,Maintenance
03/01/2026,Kings Arms - Edinburgh,brakes,257.19 ,Maintenance
2026-01-30,Queens Head - Aberdeen,Diageo Ltd,-310.15,Soft Drinks
2026-03-18,The Swan - Ayr,Local Fishmonger,287.44,Soft Drinks
2026-01-17,Fox & Hound - Hamilton,makro,586.78,Utilities
24/03/2026,The Plough - Falkirk,Local Butcher,394.14,Utilities
2/8/2026,The Plough - Falkirk,Scottish Water,157.96,Soft Drinks
2026-01-03,Fox & Hound - Hamilton,Amazon,£575.42,Utilities
2026-03-30,Kings Arms - Edinburgh,heineken uk,108.20,Soft Drinks
3/19/2026,The Ship Inn - Oban,BT PLC,666.33,Food
2026-04-29,Red Lion - Glasgow,BT PLC,474.86,Utilities
09/01/2026,Kings Arms - Edinburgh,Diageo Ltd,£84.06,Supplies
23/04/2026,The Plough - Falkirk,BOOKER,148.32,Cleaning
2026-02-17,The Plough - Falkirk,HEINEKEN,£784.78,Food
11/02/2026,The Crown - Stirling,british gas,2610.19,Alcohol
16/03/2026,Kings Arms - Edinburgh,BT PLC,223.01,Cleaning
2026-02-17,The Ship Inn - Oban,Amazon Business,952.56 ,Food
2/2/2026,Fox & Hound - Hamilton,Diageo PLC,138.03,Utilities
4/22/2026,Red Lion - Glasgow,Diageo PLC,355.03,Cleaning
2026-04-12,The Plough - Falkirk,Coca Cola,82.32,Supplies
03/02/2026,The Anchor - Perth,Brakes,398.53,Food
22/03/2026,The Anchor - Perth,Booker Wholesale,2054.36,Alcohol
10/01/2026,The Ship Inn - Oban,Local Fishmonger,199.81,Cleaning
21/02/2026,The Anchor - Perth,Booker Ltd,86.06,Maintenance
4/1/2026,Fox & Hound - Hamilton,EON Energy,253.31,Cleaning
2026-03-30,Red Lion - Glasgow,Diageo Ltd,1170.33,Alcohol
2/18/2026,Black Bull - Dundee,eon energy,£163.81,Supplies
2026-04-19,Kings Arms - Edinburgh,Coca Cola Europacific,1223.11,Alcohol
2026-03-02,The Swan - Ayr,Diageo PLC,1303.50 ,Alcohol
3/22/2026,The Crown - Stirling,Brakes,1602.68,Alcohol
2026-04-08,Queens Head - Aberdeen,Brakes,79.81,Cleaning
2/18/2026,Black Bull - Dundee,LocalButcher,132.20,Cleaning
4/15/2026,The Crown - Stirling,brakes uk,221.74,Supplies
3/9/2026,The Plough - Falkirk,Costco UK,347.52,Cleaning
2026-03-15,Kings Arms - Edinburgh,Local Butcher,1400.27,Alcohol
1/21/2026,Royal Oak - Paisley,Makro,376.83,Supplies
4/21/2026,Fox & Hound - Hamilton,Local Butcher,£136.27,Utilities
02/01/2026,The Crown - Stirling,Local Bakery,2034.38,Alcohol
2026-02-23,The Anchor - Perth,Local Bakery,97.96,Soft Drinks
25/02/2026,The Plough - Falkirk,Brakes Catering,£110.84,Maintenance
29/04/2026,Black Bull - Dundee,Diageo PLC,605.38,Food
2/14/2026,White Hart - Inverness,Brakes Catering,£424.92,Supplies
21/02/2026,The Swan - Ayr,E.ON,352.52,Maintenance
20/02/2026,The Ship Inn - Oban,EON Energy,577.68,Alcohol
18/01/2026,The Ship Inn - Oban,Scottish Water,424.49 ,Soft Drinks
2/19/2026,The Anchor - Perth,Amazon,1040.75,Food
2026-03-17,Red Lion - Glasgow,Local Fishmonger,878.87,Food
03/01/2026,Queens Head - Aberdeen,Booker Ltd,374.27,Cleaning
05/01/2026,Red Lion - Glasgow,JJ Foods,£1008.91,Food
24/04/2026,The Ship Inn - Oban,Diageo PLC,205.89,Utilities
3/15/2026,The Crown - Stirling,Booker Ltd,307.40,Maintenance
27/04/2026,The Plough - Falkirk,British Gas,£375.65,Supplies
03/02/2026,The Swan - Ayr,eon energy,260.46,Utilities
03/01/2026,Royal Oak - Paisley,AmazonBusiness,£619.21,Food
18/03/2026,The Crown - Stirling,Diageo PLC,380.48,Soft Drinks
2026-03-02,Queens Head - Aberdeen,DIAGEO,356.83,Utilities
2/28/2026,Kings Arms - Edinburgh,Diageo PLC,257.01,Supplies
1/11/2026,Kings Arms - Edinburgh,Local Bakery,£136.29,Soft Drinks
21/03/2026,Black Bull - Dundee,Brakes Catering,405.94,Soft Drinks
2026-03-03,Black Bull - Dundee,DIAGEO,400.95,Utilities
2026-01-30,Queens Head - Aberdeen,LocalBakery,359.33,Maintenance
18/04/2026,White Hart - Inverness,JJ Food Service,£89.74,Supplies
2026-01-14,Queens Head - Aberdeen,HEINEKEN,-980.26,Food
2026-04-14,Red Lion - Glasgow,Makro,211.35,Food
4/9/2026,Kings Arms - Edinburgh,Booker Ltd,£212.82,Food
2026-01-27,The Crown - Stirling,Heineken UK Ltd,1226.88,Alcohol
2026-01-07,Fox & Hound - Hamilton,Heineken UK Ltd,£1431.98,Alcohol
4/25/2026,Fox & Hound - Hamilton,DIAGEO,£246.58,Maintenance
10/03/2026,The Swan - Ayr,Coca Cola Europacific,249.08,Soft Drinks
14/04/2026,Black Bull - Dundee,costcouk,336.67,Supplies
28/01/2026,Black Bull - Dundee,heineken uk,377.19,Cleaning
2026-01-22,Queens Head - Aberdeen,Coca Cola Europacific,856.63,Food
25/02/2026,The Swan - Ayr,BT PLC,480.62 ,Utilities
08/01/2026,Red Lion - Glasgow,HEINEKEN,£300.81,Maintenance
3/15/2026,Red Lion - Glasgow,HEINEKEN,409.44,Maintenance
2026-01-05,The Crown - Stirling,Booker Wholesale,405.29,Utilities
1/30/2026,Red Lion - Glasgow,BTPLC,180.64,Supplies
27/01/2026,Fox & Hound - Hamilton,DiageoPLC,£78.63,Soft Drinks
4/13/2026,Red Lion - Glasgow,Amazon Business,89.10,Soft Drinks
04/03/2026,The Crown - Stirling,Makro,£234.31,Maintenance
2026-04-25,Red Lion - Glasgow,JJ Foods,263.02,Utilities
4/21/2026,White Hart - Inverness,Amazon,384.01,Soft Drinks
3/17/2026,Queens Head - Aberdeen,british gas,331.11,Utilities
01/02/2026,The Ship Inn - Oban,Coca Cola Europacific,£2325.27,Alcohol
18/01/2026,The Anchor - Perth,local butcher,77.28,Cleaning
4/24/2026,The Swan - Ayr,Scottish Water,£279.16,Utilities
07/04/2026,Fox & Hound - Hamilton,Scottish Water,177.91,Maintenance
2026-04-29,Red Lion - Glasgow,JJ Foods,348.88 ,Soft Drinks
4/7/2026,The Plough - Falkirk,Local Fishmonger,£62.82,Soft Drinks
2026-03-07,The Plough - Falkirk,Bidfood,1303.04,Food
15/01/2026,Fox & Hound - Hamilton,BT PLC,410.97,Cleaning
14/01/2026,Kings Arms - Edinburgh,Heineken UK Ltd,234.36,Maintenance
26/01/2026,The Ship Inn - Oban,amazon,32.98,Supplies
2026-02-20,Red Lion - Glasgow,bt plc,82.49,Supplies
09/04/2026,The Swan - Ayr,Diageo PLC,£154.21,Soft Drinks
02/02/2026,The Ship Inn - Oban,Coca Cola,2745.69,Alcohol
3/21/2026,Fox & Hound - Hamilton,Scottish Water,333.79,Supplies
3/4/2026,The Anchor - Perth,brakes,317.42,Maintenance
02/02/2026,The Crown - Stirling,JJ Foods,-62.31,Maintenance
1/5/2026,Royal Oak - Paisley,E.ON,586.04,Utilities
19/03/2026,Kings Arms - Edinburgh,Diageo Ltd,-125.80,Cleaning
31/03/2026,Black Bull - Dundee,scottishwater,£460.13,Utilities
3/30/2026,The Anchor - Perth,Diageo PLC,£270.00,Maintenance
3/13/2026,The Swan - Ayr,diageo plc,-109.25,Utilities
1/10/2026,The Crown - Stirling,Local Butcher,140.12,Soft Drinks
2026-04-17,Royal Oak - Paisley,Amazon,256.94,Cleaning
2026-03-28,The Ship Inn - Oban,Booker Wholesale,-206.51,Utilities
2026-03-19,Kings Arms - Edinburgh,Coca Cola,106.55,Soft Drinks
2026-02-02,Black Bull - Dundee,DiageoLtd,350.96,Cleaning
11/04/2026,Fox & Hound - Hamilton,Brakes Catering,£342.94,Maintenance
2026-02-21,The Crown - Stirling,costco uk,233.01 ,Supplies
3/15/2026,White Hart - Inverness,Amazon,262.65,Maintenance
2026-02-22,Kings Arms - Edinburgh,Booker Ltd,326.67,Cleaning
01/02/2026,White Hart - Inverness,eon energy,£195.76,Supplies
25/03/2026,Red Lion - Glasgow,british gas,217.75,Cleaning
11/03/2026,Queens Head - Aberdeen,e.on,284.69,Utilities
2026-04-05,Red Lion - Glasgow,bt plc,£236.90,Cleaning
22/04/2026,Royal Oak - Paisley,Booker Wholesale,397.10,Cleaning
2/26/2026,Royal Oak - Paisley,Booker Wholesale,527.38,Utilities
4/19/2026,The Crown - Stirling,jj food service,161.44,Cleaning
04/02/2026,The Swan - Ayr,booker,£267.24,Cleaning
2026-02-09,White Hart - Inverness,EON Energy,2551.91,Alcohol
2026-01-16,White Hart - Inverness,Brakes Catering,338.78,Soft Drinks
1/3/2026,The Crown - Stirling,Makro,1063.39,Alcohol
16/02/2026,The Swan - Ayr,scottish water,51.22,Maintenance
15/03/2026,Red Lion - Glasgow,DIAGEO,31.01,Cleaning
27/03/2026,The Plough - Falkirk,Heineken UK,223.38,Soft Drinks
07/01/2026,The Plough - Falkirk,E.ON,£229.52,Soft Drinks
19/02/2026,The Swan - Ayr,Heineken UK Ltd,111.00,Utilities
2026-02-23,Queens Head - Aberdeen,Booker Wholesale,-£413.07,Utilities
3/16/2026,The Ship Inn - Oban,Coca Cola Europacific,£98.89,Soft Drinks
15/02/2026,The Ship Inn - Oban,Scottish Water,787.53,Food
2026-01-15,The Plough - Falkirk,Booker Wholesale,83.79,Supplies
25/03/2026,Kings Arms - Edinburgh,eon energy,£167.91,Supplies
3/16/2026,Queens Head - Aberdeen,jj food service,£155.86,Supplies
1/10/2026,Fox & Hound - Hamilton,Amazon,£304.40,Cleaning
2/2/2026,White Hart - Inverness,Bidfood,101.00,Maintenance
4/9/2026,White Hart - Inverness,Diageo Ltd,-926.64,Food
05/02/2026,Fox & Hound - Hamilton,Local Bakery,76.73,Supplies
2026-02-11,The Crown - Stirling,Amazon,348.02,Maintenance
1/30/2026,The Crown - Stirling,Bidfood,328.31,Supplies
2026-03-16,The Ship Inn - Oban,Amazon Business,392.26,Soft Drinks
1/31/2026,White Hart - Inverness,Scottish Water,61.14,Cleaning
02/01/2026,White Hart - Inverness,Costco UK,258.73,Cleaning
2026-03-31,Royal Oak - Paisley,JJ Food Service,387.13,Maintenance
17/01/2026,The Anchor - Perth,BRAKESUK,-£980.67,Food
14/02/2026,White Hart - Inverness,Booker Wholesale,934.75,Food
2026-02-18,Queens Head - Aberdeen,Local Butcher,1720.76,Alcohol
10/02/2026,Black Bull - Dundee,Heineken UK Ltd,333.26,Cleaning
13/02/2026,The Anchor - Perth,Heineken UK Ltd,£364.12,Utilities
07/04/2026,The Crown - Stirling,HEINEKEN,43.41,Maintenance
3/14/2026,The Anchor - Perth,British Gas,1174.42,Food
14/01/2026,The Anchor - Perth,BOOKER,369.67,Supplies
22/02/2026,The Ship Inn - Oban,Local Bakery,55.68,Cleaning
27/02/2026,The Swan - Ayr,British Gas,144.65,Maintenance
2026-02-03,Fox & Hound - Hamilton,Booker Ltd,333.74,Soft Drinks
01/02/2026,Royal Oak - Paisley,HEINEKEN,851.07,Food
05/01/2026,Red Lion - Glasgow,Amazon,£299.26,Soft Drinks
2026-03-05,Black Bull - Dundee,Brakes Catering,355.39,Food
2026-04-07,The Crown - Stirling,Bidfood,315.28,Cleaning
2026-04-05,Kings Arms - Edinburgh,Heineken UK Ltd,-946.29 ,Food
4/3/2026,Queens Head - Aberdeen,coca cola,1872.05,Alcohol
3/15/2026,Queens Head - Aberdeen,JJ Food Service,393.67,Cleaning
19/04/2026,The Swan - Ayr,Makro,94.67,Supplies
2026-04-23,Kings Arms - Edinburgh,Brakes,524.06,Utilities
2026-02-22,The Plough - Falkirk,Costco UK,276.76,Supplies
18/03/2026,Red Lion - Glasgow,scottish water,318.46,Soft Drinks
08/01/2026,Kings Arms - Edinburgh,Scottish Water,149.30,Utilities
2026-04-05,Kings Arms - Edinburgh,JJ Food Service,324.38,Soft Drinks
1/14/2026,Red Lion - Glasgow,JJ Foods,211.50,Utilities
1/8/2026,The Crown - Stirling,Local Fishmonger,424.74,Cleaning
3/15/2026,Queens Head - Aberdeen,EON Energy,-426.02,Food
1/8/2026,The Ship Inn - Oban,BRAKES UK,120.27,Soft Drinks
2/10/2026,Black Bull - Dundee,Booker Ltd,£144.03,Supplies
20/02/2026,Black Bull - Dundee,E.ON,-£87.79,Soft Drinks
4/11/2026,Kings Arms - Edinburgh,Coca Cola Europacific,278.29,Maintenance
3/12/2026,The Anchor - Perth,HEINEKEN,£283.86,Food
2026-02-02,Fox & Hound - Hamilton,Coca Cola Europacific,108.18,Cleaning
12/01/2026,White Hart - Inverness,Costco UK,360.64,Utilities
14/02/2026,Royal Oak - Paisley,Scottish Water,208.80,Supplies
2026-02-03,Royal Oak - Paisley,CocaCola Europacific,1830.46,Alcohol
14/02/2026,The Anchor - Perth,Brakes,£308.65,Supplies
2/2/2026,The Plough - Falkirk,coca cola,1318.96,Food
15/01/2026,Kings Arms - Edinburgh,Brakes,£387.09 ,Maintenance
2026-04-05,Royal Oak - Paisley,British Gas,368.02,Supplies
16/03/2026,The Ship Inn - Oban,JJ Foods,35.91,Cleaning
20/01/2026,The Ship Inn - Oban,British Gas,£396.87,Utilities
25/03/2026,Royal Oak - Paisley,Diageo PLC,37.14,Cleaning
3/5/2026,Queens Head - Aberdeen,amazon business,585.89,Utilities
2026-01-29,Red Lion - Glasgow,Brakes,625.24,Food
2026-04-18,Queens Head - Aberdeen,Coca Cola,90.84,Soft Drinks
05/01/2026,Queens Head - Aberdeen,Bidfood,227.31,Food
2026-04-20,Fox & Hound - Hamilton,BT PLC,265.30,Soft Drinks
10/02/2026,Red Lion - Glasgow,JJ Foods,93.88,Cleaning
21/01/2026,White Hart - Inverness,HEINEKEN,239.55,Supplies
2026-04-24,Black Bull - Dundee,JJ Foods,-966.95,Food
05/04/2026,Red Lion - Glasgow,HEINEKEN,100.11,Supplies
2026-04-08,Fox & Hound - Hamilton,Brakes,52.15 ,Soft Drinks
2026-02-17,The Ship Inn - Oban,Heineken UK,469.93,Food
29/01/2026,The Ship Inn - Oban,Local Fishmonger,79.54 ,Cleaning
2026-04-26,The Anchor - Perth,Local Fishmonger,£290.29,Soft Drinks
2026-02-19,Black Bull - Dundee,Brakes,£425.06,Cleaning
3/9/2026,The Swan - Ayr,E.ON,263.55,Soft Drinks
2026-03-24,White Hart - Inverness,Local Butcher,992.81,Food
01/04/2026,The Plough - Falkirk,Amazon Business,137.70,Utilities
11/03/2026,The Plough - Falkirk,Bidfood,76.62 ,Maintenance
2/4/2026,Fox & Hound - Hamilton,Local Bakery,212.23,Supplies
3/28/2026,White Hart - Inverness,diageo plc,63.43,Cleaning
3/31/2026,Black Bull - Dundee,Local Butcher,128.06,Supplies
02/03/2026,Fox & Hound - Hamilton,JJ Foods,1920.65 ,Alcohol
02/02/2026,The Plough - Falkirk,Costco UK,£295.63,Maintenance
4/2/2026,Fox & Hound - Hamilton,BT PLC,144.79,Maintenance
29/04/2026,The Ship Inn - Oban,Diageo Ltd,81.88,Supplies
18/03/2026,The Ship Inn - Oban,Bidfood,£358.90,Food
4/11/2026,The Ship Inn - Oban,diageo,115.83,Soft Drinks
23/02/2026,The Crown - Stirling,JJ Food Service,965.15,Alcohol
10/01/2026,Black Bull - Dundee,booker wholesale,2886.87,Alcohol
3/29/2026,Royal Oak - Paisley,Coca Cola,55.79,Maintenance
2026-03-31,The Crown - Stirling,Coca Cola,513.28,Food
3/16/2026,The Ship Inn - Oban,EON Energy,599.88,Utilities
2026-02-20,Red Lion - Glasgow,British Gas,440.11,Food
11/01/2026,White Hart - Inverness,Heineken UK Ltd,£284.42,Soft Drinks
30/04/2026,White Hart - Inverness,HEINEKEN,188.27,Soft Drinks
2026-04-21,Kings Arms - Edinburgh,Diageo Ltd,907.25,Alcohol
2026-02-12,The Crown - Stirling,EON Energy,157.86,Maintenance
1/18/2026,Kings Arms - Edinburgh,British Gas,130.64,Utilities
25/01/2026,Fox & Hound - Hamilton,British Gas,£506.59,Utilities
2026-01-27,Kings Arms - Edinburgh,Booker Ltd,45.77 ,Cleaning
24/03/2026,The Plough - Falkirk,Brakes,£384.40,Supplies
4/2/2026,The Swan - Ayr,Amazon,£280.25,Food
4/24/2026,Fox & Hound - Hamilton,Makro,70.53,Maintenance
2026-01-27,Kings Arms - Edinburgh,makro,£276.77,Supplies
2/21/2026,Red Lion - Glasgow,Local Bakery,1321.70,Food
21/01/2026,Queens Head - Aberdeen,Scottish Water,379.93,Cleaning
05/02/2026,Kings Arms - Edinburgh,Local Fishmonger,359.11,Soft Drinks
2026-03-03,The Crown - Stirling,Bidfood,-395.76,Supplies
2026-02-06,The Anchor - Perth,BOOKER,-396.78,Supplies
4/30/2026,Black Bull - Dundee,Heineken UK,1339.64,Alcohol
13/04/2026,Red Lion - Glasgow,Heineken UK Ltd,367.83,Soft Drinks
21/02/2026,The Crown - Stirling,brakes catering,£224.47,Supplies
27/03/2026,Queens Head - Aberdeen,JJ Food Service,418.42,Supplies
4/17/2026,The Crown - Stirling,bidfood,554.34,Utilities
11/02/2026,White Hart - Inverness,Scottish Water,-143.32,Supplies
2/28/2026,Fox & Hound - Hamilton,BRAKESUK,475.97,Utilities
4/24/2026,Fox & Hound - Hamilton,BT PLC,197.54,Soft Drinks
12/04/2026,Fox & Hound - Hamilton,Booker Ltd,450.42,Utilities
3/1/2026,White Hart - Inverness,JJ Food Service,-246.89,Food
2026-01-10,The Swan - Ayr,local fishmonger,803.66 ,Food
2/4/2026,The Plough - Falkirk,Booker Ltd,155.54,Cleaning
1/11/2026,Fox & Hound - Hamilton,Amazon,596.85,Alcohol
2026-03-28,Black Bull - Dundee,coca cola,206.40,Cleaning
09/01/2026,Black Bull - Dundee,Coca Cola,94.41,Maintenance
11/03/2026,Royal Oak - Paisley,local bakery,£255.19,Cleaning
2/17/2026,The Swan - Ayr,brakes uk,79.75,Supplies
2026-03-17,White Hart - Inverness,E.ON,96.41,Cleaning
29/04/2026,Red Lion - Glasgow,costco uk,£226.84,Utilities
3/13/2026,Royal Oak - Paisley,booker ltd,-£356.20,Food
2/1/2026,The Swan - Ayr,Brakes,423.16,Cleaning
2026-01-02,Red Lion - Glasgow,Diageo PLC,975.84,Food
2026-03-01,Black Bull - Dundee,Local Bakery,315.54,Supplies
14/01/2026,The Ship Inn - Oban,Costco UK,£115.80,Cleaning
09/01/2026,The Crown - Stirling,Diageo Ltd,343.25,Soft Drinks
2/7/2026,Queens Head - Aberdeen,E.ON,872.70,Food
4/10/2026,White Hart - Inverness,HEINEKEN,£255.83,Supplies
23/04/2026,The Plough - Falkirk,Diageo PLC,303.62,Utilities
2/17/2026,The Swan - Ayr,Local Fishmonger,£2084.12,Alcohol
2026-04-19,Fox & Hound - Hamilton,Costco UK,£735.77,Alcohol
2026-04-10,Royal Oak - Paisley,diageo,£151.32,Maintenance
2026-03-07,Royal Oak - Paisley,EON Energy,£166.84,Supplies
29/04/2026,The Swan - Ayr,EON Energy,81.32,Soft Drinks
3/7/2026,Red Lion - Glasgow,Amazon,£2622.12,Alcohol
28/01/2026,Royal Oak - Paisley,HEINEKEN,429.87,Utilities
28/04/2026,The Swan - Ayr,Diageo PLC,£1933.53,Alcohol
1/13/2026,The Swan - Ayr,Coca Cola Europacific,2026.68,Alcohol
3/17/2026,The Swan - Ayr,E.ON,357.52,Utilities
2026-04-26,The Ship Inn - Oban,JJ Food Service,185.41,Maintenance
27/03/2026,The Anchor - Perth,British Gas,594.72,Alcohol
2/14/2026,The Swan - Ayr,JJ Foods,£767.85,Food
2026-02-24,Kings Arms - Edinburgh,Heineken UK Ltd,389.36,Utilities
2026-02-11,Black Bull - Dundee,Amazon Business,1855.59,Alcohol
21/02/2026,White Hart - Inverness,JJ Foods,217.38,Supplies
2/19/2026,Royal Oak - Paisley,JJ Foods,173.99,Soft Drinks
10/03/2026,The Ship Inn - Oban,E.ON,£356.70,Supplies
2026-03-18,Red Lion - Glasgow,Booker Wholesale,426.45,Cleaning
4/1/2026,Red Lion - Glasgow,Local Fishmonger,306.11,Supplies
2026-04-02,The Anchor - Perth,CocaCola,186.52,Cleaning
08/04/2026,The Crown - Stirling,EON Energy,167.53,Soft Drinks
2026-03-14,The Anchor - Perth,Coca Cola Europacific,720.11,Alcohol
3/12/2026,The Crown - Stirling,Bidfood,331.21,Supplies
2/6/2026,The Anchor - Perth,Heineken UK,£121.66,Soft Drinks
1/26/2026,The Ship Inn - Oban,JJ Food Service,412.02,Maintenance
2026-02-19,White Hart - Inverness,Scottish Water,335.70,Utilities
4/28/2026,The Anchor - Perth,Amazon Business,609.02,Food
2026-02-05,Fox & Hound - Hamilton,BOOKER,256.70,Maintenance
22/04/2026,The Swan - Ayr,JJ Foods,169.35 ,Supplies
4/11/2026,The Plough - Falkirk,booker ltd,-184.53,Cleaning
29/03/2026,Red Lion - Glasgow,E.ON,393.06,Soft Drinks
4/4/2026,Fox & Hound - Hamilton,Coca Cola,359.56,Supplies
2/23/2026,Red Lion - Glasgow,Brakes,406.42,Supplies
4/8/2026,The Crown - Stirling,E.ON,44.37,Soft Drinks
4/1/2026,Black Bull - Dundee,HEINEKEN,158.23,Soft Drinks
08/04/2026,The Anchor - Perth,Scottish Water,249.33,Cleaning
2026-01-29,Kings Arms - Edinburgh,E.ON,176.56,Utilities
11/03/2026,The Ship Inn - Oban,Brakes,774.32,Food
2026-01-20,The Ship Inn - Oban,Local Fishmonger,-195.81,Utilities
2026-03-31,White Hart - Inverness,Booker Wholesale,484.90,Utilities
4/17/2026,Kings Arms - Edinburgh,Booker Wholesale,£83.14,Soft Drinks
2026-02-27,Red Lion - Glasgow,heineken uk ltd,1144.10,Food
2026-03-28,Royal Oak - Paisley,Brakes,223.33 ,Supplies
11/02/2026,Kings Arms - Edinburgh,E.ON,383.70,Maintenance
2026-02-20,The Crown - Stirling,bt plc,£72.08,Cleaning
2026-03-31,Fox & Hound - Hamilton,JJ Food Service,1886.78,Alcohol
2026-02-24,The Crown - Stirling,Diageo Ltd,£211.06,Maintenance
2026-02-02,Fox & Hound - Hamilton,Local Bakery,463.58,Utilities
2/3/2026,Queens Head - Aberdeen,Local Butcher,58.23,Maintenance
15/04/2026,The Swan - Ayr,Brakes,36.47,Cleaning
2026-03-22,Queens Head - Aberdeen,DIAGEO,322.40,Utilities
2026-04-12,The Ship Inn - Oban,Brakes Catering,343.42,Maintenance
2026-03-09,Red Lion - Glasgow,EON Energy,81.59,Soft Drinks
3/25/2026,Kings Arms - Edinburgh,Diageo PLC,288.61,Supplies
1/6/2026,The Plough - Falkirk,Amazon,226.91,Utilities
1/9/2026,The Crown - Stirling,Brakes Catering,1988.91,Alcohol
2026-04-13,Fox & Hound - Hamilton,Brakes,842.26,Alcohol
4/5/2026,The Crown - Stirling,DIAGEO,48.24,Soft Drinks
2026-03-16,Queens Head - Aberdeen,Makro,592.65 ,Utilities
2026-02-05,The Swan - Ayr,BRAKES UK,142.61,Supplies
05/03/2026,Queens Head - Aberdeen,Diageo PLC,£320.52,Maintenance
2026-01-14,The Swan - Ayr,JJ Foods,£144.16,Utilities
03/02/2026,Fox & Hound - Hamilton,BT PLC,526.56,Utilities
2/18/2026,The Crown - Stirling,Amazon Business,339.38,Utilities
2026-03-20,Queens Head - Aberdeen,bidfood,872.03,Food
2026-01-22,White Hart - Inverness,HEINEKEN,£2840.09,Alcohol
2026-04-27,Kings Arms - Edinburgh,jj foods,£2126.77 ,Alcohol
3/7/2026,The Crown - Stirling,heineken uk ltd,£1325.93,Food
10/01/2026,The Plough - Falkirk,Booker Wholesale,944.21,Alcohol
10/03/2026,White Hart - Inverness,Amazon,392.65,Soft Drinks
3/11/2026,Red Lion - Glasgow,Brakes,645.40,Food
2026-01-25,Fox & Hound - Hamilton,Amazon Business,523.79,Utilities
4/28/2026,The Anchor - Perth,Booker Ltd,2142.37,Alcohol
2026-02-03,The Swan - Ayr,Amazon Business,£330.07,Food
2026-03-11,The Ship Inn - Oban,Coca Cola Europacific,215.05,Maintenance
2026-02-25,The Ship Inn - Oban,Amazon Business,209.95,Maintenance
2026-03-22,Fox & Hound - Hamilton,E.ON,418.57,Soft Drinks
3/3/2026,The Swan - Ayr,booker,333.40,Soft Drinks
4/20/2026,Red Lion - Glasgow,Coca Cola Europacific,284.44,Cleaning
2026-04-18,Fox & Hound - Hamilton,Local Bakery,315.67,Soft Drinks
4/24/2026,White Hart - Inverness,EON Energy,144.82,Cleaning
2026-03-27,Queens Head - Aberdeen,Local Fishmonger,76.50,Supplies
1/27/2026,The Swan - Ayr,Local Fishmonger,515.20,Alcohol
2026-01-01,Fox & Hound - Hamilton,Local Bakery,122.97,Maintenance
14/02/2026,The Swan - Ayr,Local Butcher,£1028.92,Alcohol
27/03/2026,Queens Head - Aberdeen,diageoltd,£61.81,Maintenance
2026-04-03,White Hart - Inverness,Booker Ltd,£221.27,Utilities
26/03/2026,Royal Oak - Paisley,BOOKER,2634.13,Alcohol
05/01/2026,White Hart - Inverness,Diageo Ltd,219.69,Supplies
3/8/2026,Royal Oak - Paisley,brakes catering,£393.96,Food
2/12/2026,Royal Oak - Paisley,JJ Food Service,98.46,Cleaning
2026-02-21,The Anchor - Perth,Booker Wholesale,485.60,Utilities
04/04/2026,Queens Head - Aberdeen,JJ Food Service,2616.06,Alcohol
19/04/2026,Royal Oak - Paisley,BRAKES UK,342.38,Cleaning
04/03/2026,The Ship Inn - Oban,makro,405.71,Soft Drinks
03/01/2026,Fox & Hound - Hamilton,British Gas,863.44,Food
06/01/2026,The Anchor - Perth,coca cola europacific,2255.33,Alcohol
3/10/2026,Kings Arms - Edinburgh,Brakes Catering,81.41,Supplies
2/17/2026,Royal Oak - Paisley,local butcher,123.70,Cleaning
07/04/2026,Red Lion - Glasgow,makro,£113.52,Cleaning
06/01/2026,The Plough - Falkirk,Makro,218.60,Soft Drinks
2/25/2026,The Ship Inn - Oban,British Gas,379.09,Supplies
4/12/2026,Queens Head - Aberdeen,Local Butcher,53.00,Maintenance
4/3/2026,Fox & Hound - Hamilton,diageo,1787.96,Alcohol
2026-03-26,White Hart - Inverness,JJ Food Service,£251.49,Maintenance
2026-04-22,The Anchor - Perth,HEINEKEN,201.23,Supplies
19/03/2026,Black Bull - Dundee,JJ Foods,1182.97,Food
2026-03-29,Queens Head - Aberdeen,BRAKES UK,380.99,Cleaning
16/03/2026,Red Lion - Glasgow,Brakes,£193.83,Utilities
2026-01-15,The Anchor - Perth,Diageo PLC,194.72,Supplies
2026-02-02,The Ship Inn - Oban,Local Bakery,40.79,Cleaning
4/2/2026,The Plough - Falkirk,jj food service,289.16,Maintenance
2026-03-31,The Crown - Stirling,local fishmonger,-866.13,Food
2026-01-31,The Plough - Falkirk,Scottish Water,£1228.99,Food
2/19/2026,Royal Oak - Paisley,Brakes Catering,272.29,Soft Drinks
2026-04-14,The Swan - Ayr,scottish water,180.15,Utilities
22/04/2026,The Anchor - Perth,JJ Food Service,£392.29,Soft Drinks
08/02/2026,Queens Head - Aberdeen,Local Butcher,185.03,Supplies
09/04/2026,The Plough - Falkirk,Brakes Catering,70.17,Soft Drinks
3/23/2026,The Crown - Stirling,brakes,1076.05,Food
2026-01-09,The Swan - Ayr,Makro,£197.20,Maintenance
2026-04-11,Queens Head - Aberdeen,E.ON,355.22,Soft Drinks
2026-02-14,Royal Oak - Paisley,BRAKES UK,376.78,Food
03/02/2026,The Plough - Falkirk,Booker Wholesale,£349.79,Utilities
24/02/2026,The Anchor - Perth,Booker Wholesale,181.78,Maintenance
4/27/2026,Royal Oak - Paisley,Coca Cola Europacific,171.03,Cleaning
2026-04-25,The Plough - Falkirk,Amazon,£421.17,Utilities
11/02/2026,Royal Oak - Paisley,Brakes Catering,371.08,Maintenance
1/14/2026,Kings Arms - Edinburgh,local fishmonger,1199.62,Food
02/03/2026,Royal Oak - Paisley,Coca Cola Europacific,1759.85,Alcohol
2026-01-17,The Plough - Falkirk,HEINEKEN,£319.04,Supplies
1/22/2026,The Anchor - Perth,British Gas,217.18,Soft Drinks
3/13/2026,The Swan - Ayr,BRAKES UK,£396.98,Cleaning
2026-02-20,The Ship Inn - Oban,Diageo PLC,73.67,Maintenance
09/02/2026,Red Lion - Glasgow,BOOKER,771.88,Alcohol
2026-03-22,The Anchor - Perth,EON Energy,289.21,Soft Drinks
28/01/2026,Fox & Hound - Hamilton,E.ON,66.63,Cleaning
2026-04-11,Kings Arms - Edinburgh,Heineken UK Ltd,249.05,Supplies
2026-03-03,Queens Head - Aberdeen,Booker Wholesale,310.49,Soft Drinks
2/13/2026,White Hart - Inverness,Amazon Business,£197.48,Maintenance
2026-01-28,Fox & Hound - Hamilton,Coca Cola Europacific,1199.28,Food
2026-04-22,Kings Arms - Edinburgh,Booker Wholesale,1955.38,Alcohol
22/04/2026,The Plough - Falkirk,Scottish Water,362.56,Supplies
2026-01-12,Fox & Hound - Hamilton,Heineken UK Ltd,2121.46,Alcohol
2026-01-17,White Hart - Inverness,JJ Food Service,296.22,Soft Drinks
03/04/2026,Fox & Hound - Hamilton,Heineken UK Ltd,£49.20,Soft Drinks
09/03/2026,Royal Oak - Paisley,BOOKER,101.32,Utilities
10/02/2026,White Hart - Inverness,Scottish Water,151.31,Utilities
3/1/2026,Queens Head - Aberdeen,Costco UK,376.70,Utilities
1/23/2026,The Ship Inn - Oban,Coca Cola Europacific,£2263.08 ,Alcohol
2026-01-04,The Anchor - Perth,E.ON,71.96,Supplies
18/04/2026,Red Lion - Glasgow,Diageo PLC,77.71,Supplies
2/21/2026,Royal Oak - Paisley,Local Butcher,162.20 ,Maintenance
2026-02-06,Fox & Hound - Hamilton,LocalFishmonger,2876.64,Alcohol
2026-04-09,Red Lion - Glasgow,Amazon Business,118.50,Utilities
13/04/2026,The Ship Inn - Oban,JJ Foods,251.03,Soft Drinks
2/18/2026,Red Lion - Glasgow,Costco UK,372.78,Cleaning
2026-02-19,The Ship Inn - Oban,Booker Wholesale,2604.59,Alcohol
2026-01-09,Queens Head - Aberdeen,BT PLC,378.36,Cleaning
2026-02-28,The Ship Inn - Oban,Bidfood,387.46,Supplies
2026-02-24,Fox & Hound - Hamilton,Brakes Catering,40.44,Maintenance
1/23/2026,The Plough - Falkirk,BT PLC,258.39,Cleaning
2026-03-15,Royal Oak - Paisley,Local Bakery,728.46,Food
2026-01-22,Queens Head - Aberdeen,Local Bakery,484.18,Utilities
19/02/2026,Kings Arms - Edinburgh,BT PLC,347.93,Cleaning
2026-03-09,Black Bull - Dundee,Costco UK,£1786.51,Alcohol
2/27/2026,Kings Arms - Edinburgh,Makro,113.23,Maintenance
2026-03-04,Royal Oak - Paisley,Makro,£54.38,Supplies
2/20/2026,Red Lion - Glasgow,Brakes,562.88,Alcohol
2026-01-13,Queens Head - Aberdeen,Diageo Ltd,£556.29,Food
2026-01-07,Kings Arms - Edinburgh,E.ON,£425.19 ,Cleaning
12/04/2026,Kings Arms - Edinburgh,brakes uk,2197.70,Alcohol
2026-01-08,Royal Oak - Paisley,DIAGEO,242.01,Food
2026-02-05,Fox & Hound - Hamilton,Makro,2416.86,Alcohol
2/28/2026,The Plough - Falkirk,Diageo Ltd,2763.79,Alcohol
4/7/2026,The Plough - Falkirk,British Gas,296.26,Cleaning
4/24/2026,Queens Head - Aberdeen,Makro,471.86,Utilities
4/20/2026,The Swan - Ayr,Brakes,60.96,Supplies
2026-04-20,Queens Head - Aberdeen,BT PLC,52.18,Maintenance
2026-01-13,Royal Oak - Paisley,JJFoods,414.44,Supplies
3/15/2026,Royal Oak - Paisley,Coca Cola Europacific,468.66,Alcohol
3/10/2026,Queens Head - Aberdeen,Coca Cola Europacific,150.65 ,Soft Drinks
2026-02-15,The Crown - Stirling,JJ Foods,80.97 ,Cleaning
2026-03-12,Royal Oak - Paisley,Brakes Catering,205.13,Maintenance
25/03/2026,The Plough - Falkirk,BrakesCatering,32.55,Soft Drinks
01/02/2026,Queens Head - Aberdeen,DIAGEO,252.78,Cleaning
16/04/2026,The Anchor - Perth,E.ON,£81.38,Supplies
2026-04-13,The Swan - Ayr,Bidfood,184.17,Cleaning
2026-01-20,Queens Head - Aberdeen,diageo plc,345.13,Utilities
3/29/2026,Royal Oak - Paisley,DIAGEO,-146.92,Supplies
2/24/2026,The Ship Inn - Oban,Brakes Catering,202.51,Cleaning
14/01/2026,Black Bull - Dundee,scottish water,345.30,Cleaning
2026-04-13,Royal Oak - Paisley,BOOKER,247.53,Cleaning
18/01/2026,Queens Head - Aberdeen,Diageo Ltd,399.26,Soft Drinks
2026-03-31,The Crown - Stirling,coca cola,397.31,Cleaning
2/14/2026,Black Bull - Dundee,CostcoUK,1286.36 ,Food
18/04/2026,Fox & Hound - Hamilton,Amazon Business,215.90,Maintenance
2026-04-12,Queens Head - Aberdeen,Coca Cola,£418.49,Utilities
1/23/2026,Red Lion - Glasgow,Bidfood,36.23,Soft Drinks
2026-03-19,The Anchor - Perth,JJ Foods,324.08 ,Supplies
2/1/2026,The Swan - Ayr,Amazon,245.92,Cleaning
2026-04-18,Queens Head - Aberdeen,Brakes,£835.38,Alcohol
2/19/2026,The Plough - Falkirk,HEINEKEN,388.70,Soft Drinks
16/04/2026,White Hart - Inverness,Local Bakery,54.12,Supplies
2026-04-10,The Swan - Ayr,Makro,192.09,Maintenance
4/9/2026,Royal Oak - Paisley,Coca Cola Europacific,97.53,Supplies
2026-01-16,Royal Oak - Paisley,JJFoods,1119.11,Alcohol
3/14/2026,Kings Arms - Edinburgh,Makro,215.49,Supplies
2026-02-12,The Anchor - Perth,E.ON,587.36,Alcohol
02/02/2026,The Anchor - Perth,Local Fishmonger,£943.57,Food
11/02/2026,Red Lion - Glasgow,DIAGEO,340.65,Maintenance
2/12/2026,The Ship Inn - Oban,Costco UK,210.55,Supplies
3/25/2026,The Plough - Falkirk,CocaCola,38.82,Cleaning
2026-04-23,Royal Oak - Paisley,Local Fishmonger,£424.90,Soft Drinks
2026-04-29,Fox & Hound - Hamilton,Scottish Water,116.09,Utilities
13/04/2026,Royal Oak - Paisley,Heineken UK,1325.75,Food
2026-03-07,Royal Oak - Paisley,Booker Ltd,£412.76,Supplies
2026-01-18,The Anchor - Perth,local bakery,583.02,Utilities
2026-04-11,The Anchor - Perth,JJ Foods,353.29 ,Soft Drinks
22/02/2026,Red Lion - Glasgow,Diageo PLC,£195.38,Supplies
2/11/2026,The Plough - Falkirk,Local Bakery,£339.49,Cleaning
2026-01-04,Black Bull - Dundee,Scottish Water,£1021.51,Food
17/04/2026,Red Lion - Glasgow,EON Energy,£360.34,Supplies
03/01/2026,White Hart - Inverness,Amazon Business,1005.52,Food
4/30/2026,The Plough - Falkirk,BOOKER,373.92,Food
2026-01-22,The Swan - Ayr,JJ Food Service,427.57,Supplies
2026-01-11,The Swan - Ayr,JJ Foods,204.67,Supplies
05/02/2026,White Hart - Inverness,Brakes,511.18,Utilities
2026-03-11,Red Lion - Glasgow,HEINEKEN,252.98,Soft Drinks
15/04/2026,Red Lion - Glasgow,makro,£392.20,Cleaning
18/02/2026,Royal Oak - Paisley,Amazon Business,£352.65,Cleaning
2026-04-08,Fox & Hound - Hamilton,LocalFishmonger,418.64,Supplies
1/25/2026,Royal Oak - Paisley,diageo ltd,£148.05,Maintenance
2026-01-28,Fox & Hound - Hamilton,Amazon Business,£317.94,Soft Drinks
20/03/2026,The Anchor - Perth,Brakes Catering,435.02,Utilities
03/02/2026,Royal Oak - Paisley,Coca Cola Europacific,207.11,Maintenance
11/03/2026,The Swan - Ayr,Local Bakery,£620.89,Alcohol
2026-01-12,The Swan - Ayr,Brakes,361.70,Cleaning
3/7/2026,Kings Arms - Edinburgh,Makro,377.04,Supplies
2026-03-23,The Swan - Ayr,Coca Cola,251.98,Maintenance
2026-02-12,White Hart - Inverness,Local Fishmonger,97.09,Soft Drinks
19/01/2026,Fox & Hound - Hamilton,Costco UK,£2250.76,Alcohol
4/25/2026,Fox & Hound - Hamilton,JJ Food Service,1806.97,Alcohol
2026-02-24,The Plough - Falkirk,Amazon,£330.44,Supplies
2026-01-07,Kings Arms - Edinburgh,JJFoods,77.92,Maintenance
26/02/2026,The Plough - Falkirk,Local Bakery,£325.95,Utilities
1/23/2026,The Ship Inn - Oban,Costco UK,161.91,Cleaning
1/27/2026,Black Bull - Dundee,Brakes,288.36,Supplies
2026-04-28,Fox & Hound - Hamilton,Bidfood,226.16,Cleaning
2026-03-07,Red Lion - Glasgow,Coca Cola Europacific,204.80,Food
2026-02-19,The Crown - Stirling,Brakes,510.56,Utilities
3/16/2026,The Plough - Falkirk,Heineken UK Ltd,1590.36,Alcohol
29/03/2026,Fox & Hound - Hamilton,BOOKER,298.85,Utilities
1/23/2026,White Hart - Inverness,Amazon Business,£696.48,Food
2/6/2026,Queens Head - Aberdeen,EON Energy,1495.25,Alcohol
09/02/2026,Red Lion - Glasgow,eon energy,481.52,Food
3/25/2026,Royal Oak - Paisley,Local Bakery,331.15,Utilities
2026-04-05,Black Bull - Dundee,EON Energy,422.11,Supplies
01/03/2026,Red Lion - Glasgow,booker,-163.88,Cleaning
2026-04-02,White Hart - Inverness,Brakes,£349.80,Maintenance
30/01/2026,The Crown - Stirling,coca cola,249.48,Cleaning
09/04/2026,Black Bull - Dundee,Coca Cola Europacific,113.04,Soft Drinks
2026-01-31,Fox & Hound - Hamilton,Makro,£676.45 ,Food
21/01/2026,Queens Head - Aberdeen,booker wholesale,73.38,Supplies
1/29/2026,Fox & Hound - Hamilton,DIAGEO,140.16,Cleaning
2026-04-12,Royal Oak - Paisley,Makro,408.36,Maintenance
1/13/2026,The Swan - Ayr,DIAGEO,£1309.21,Food
2026-03-22,Red Lion - Glasgow,EON Energy,1107.54,Food
2026-02-18,The Swan - Ayr,Bidfood,£308.44,Supplies
2/7/2026,White Hart - Inverness,Bidfood,137.92,Maintenance
23/01/2026,Red Lion - Glasgow,Scottish Water,109.47,Soft Drinks
2026-02-13,Black Bull - Dundee,Coca Cola,381.61,Maintenance
12/04/2026,White Hart - Inverness,Local Bakery,114.73,Supplies
2026-01-08,White Hart - Inverness,BRAKES UK,1338.25,Alcohol
08/04/2026,The Anchor - Perth,Booker Wholesale,775.94,Alcohol
23/02/2026,The Swan - Ayr,Diageo PLC,409.96,Maintenance
26/01/2026,The Ship Inn - Oban,Makro,811.96 ,Alcohol
29/03/2026,The Anchor - Perth,Diageo Ltd,422.04,Soft Drinks
2026-04-22,The Plough - Falkirk,Booker Wholesale,£133.55,Cleaning
1/1/2026,The Anchor - Perth,heineken uk,466.64,Food
29/01/2026,Black Bull - Dundee,costco uk,£531.00,Utilities
2026-02-22,Black Bull - Dundee,Local Bakery,215.32,Soft Drinks
1/22/2026,The Ship Inn - Oban,Brakes Catering,68.17,Soft Drinks
19/03/2026,The Crown - Stirling,British Gas,£89.92,Soft Drinks
1/7/2026,Kings Arms - Edinburgh,Amazon Business,£103.77,Supplies
28/03/2026,Black Bull - Dundee,Scottish Water,88.61,Soft Drinks
4/10/2026,Red Lion - Glasgow,amazon,245.15,Cleaning
3/18/2026,The Plough - Falkirk,JJ Foods,2527.44,Alcohol
2026-03-23,White Hart - Inverness,Local Bakery,1089.67,Alcohol
2/9/2026,The Ship Inn - Oban,Booker Wholesale,257.27,Soft Drinks
03/02/2026,The Anchor - Perth,Coca Cola Europacific,252.53,Food
2/15/2026,White Hart - Inverness,JJ Foods,2887.32,Alcohol
06/01/2026,The Swan - Ayr,eonenergy,£284.04,Cleaning
08/04/2026,Queens Head - Aberdeen,british gas,266.79 ,Soft Drinks
2/9/2026,Red Lion - Glasgow,British Gas,1866.48,Alcohol
25/03/2026,Queens Head - Aberdeen,British Gas,415.39,Soft Drinks
24/03/2026,Red Lion - Glasgow,Coca Cola,311.81,Soft Drinks
3/6/2026,The Plough - Falkirk,Brakes,-842.45,Alcohol
2026-01-07,The Crown - Stirling,Coca Cola Europacific,£70.51,Maintenance
2026-02-13,Red Lion - Glasgow,brakes catering,530.96,Food
27/02/2026,The Plough - Falkirk,Amazon Business,100.45,Maintenance
2026-03-10,Kings Arms - Edinburgh,Diageo PLC,277.39,Maintenance
09/01/2026,Fox & Hound - Hamilton,Coca Cola Europacific,2220.71,Alcohol
2026-04-19,Royal Oak - Paisley,Heineken UK Ltd,1115.87,Food
2026-01-04,Red Lion - Glasgow,Heineken UK Ltd,£420.35,Supplies
2/20/2026,The Ship Inn - Oban,HEINEKEN,409.86,Soft Drinks
3/8/2026,Red Lion - Glasgow,British Gas,60.67,Cleaning
2/4/2026,Red Lion - Glasgow,diageo plc,398.41,Supplies
15/02/2026,The Anchor - Perth,eon energy,-96.92,Soft Drinks
19/04/2026,Fox & Hound - Hamilton,JJFood Service,360.05,Soft Drinks
27/03/2026,The Swan - Ayr,LocalFishmonger,£211.87,Supplies
31/03/2026,The Plough - Falkirk,British Gas,292.17,Soft Drinks
3/31/2026,Royal Oak - Paisley,Local Bakery,1967.43,Alcohol
3/29/2026,The Plough - Falkirk,Local Bakery,251.83,Utilities
2/11/2026,Red Lion - Glasgow,Heineken UK Ltd,331.12,Cleaning
20/02/2026,Royal Oak - Paisley,Heineken UK Ltd,190.17,Supplies
1/4/2026,White Hart - Inverness,BookerWholesale,774.07,Food
2026-04-27,Kings Arms - Edinburgh,Brakes,558.91,Food
4/5/2026,Fox & Hound - Hamilton,Amazon Business,£373.90,Maintenance
3/5/2026,The Anchor - Perth,Coca Cola Europacific,£2504.17,Alcohol
25/03/2026,Kings Arms - Edinburgh,Local Butcher,£321.52,Maintenance
2/9/2026,The Anchor - Perth,JJ Food Service,-413.17,Food
2/10/2026,The Crown - Stirling,Local Butcher,247.22,Food
2026-01-15,The Crown - Stirling,Local Bakery,359.60,Food
2026-01-30,Red Lion - Glasgow,Amazon Business,£703.83,Alcohol
1/11/2026,The Crown - Stirling,Local Butcher,169.03,Maintenance
1/13/2026,Kings Arms - Edinburgh,Amazon,364.12,Supplies
24/03/2026,Black Bull - Dundee,JJ Foods,323.85,Food
12/01/2026,The Anchor - Perth,Amazon Business,471.58,Utilities
3/28/2026,Black Bull - Dundee,E.ON,-1447.57 ,Alcohol
11/01/2026,Royal Oak - Paisley,diageo plc,£776.67,Food
4/5/2026,The Plough - Falkirk,BOOKER,1727.03,Alcohol
16/03/2026,Black Bull - Dundee,HEINEKEN,97.58,Maintenance
05/01/2026,Fox & Hound - Hamilton,Local Fishmonger,£322.44,Maintenance
2026-02-01,The Anchor - Perth,HEINEKEN,£1507.07 ,Alcohol
24/04/2026,Queens Head - Aberdeen,Booker Ltd,414.46,Cleaning
2/20/2026,Royal Oak - Paisley,JJ Food Service,£114.41,Cleaning
02/03/2026,The Crown - Stirling,HEINEKEN,152.67,Utilities
2026-04-24,The Anchor - Perth,Scottish Water,207.53,Cleaning
2026-03-05,The Anchor - Perth,Local Butcher,323.50,Maintenance
4/5/2026,The Anchor - Perth,Amazon,-112.87,Cleaning
2/8/2026,The Plough - Falkirk,Diageo PLC,221.21,Utilities
3/31/2026,Royal Oak - Paisley,JJ Foods,493.75,Utilities
2026-04-15,Black Bull - Dundee,Local Fishmonger,2573.91,Alcohol
06/04/2026,The Anchor - Perth,JJFoods,-137.42,Maintenance
2026-04-03,The Anchor - Perth,DIAGEO,148.25,Soft Drinks
16/04/2026,White Hart - Inverness,Makro,113.28,Utilities
3/24/2026,White Hart - Inverness,Local Bakery,149.06,Cleaning
2026-02-26,The Plough - Falkirk,Costco UK,862.20,Food
2026-03-30,Royal Oak - Paisley,Heineken UK Ltd,£1161.81,Food
4/24/2026,The Anchor - Perth,Costco UK,£300.45,Food
2026-03-03,Fox & Hound - Hamilton,JJ Foods,£2113.23,Alcohol
24/02/2026,White Hart - Inverness,diageoltd,£244.31,Supplies
1/5/2026,Red Lion - Glasgow,EON Energy,499.10,Utilities
2026-03-14,White Hart - Inverness,Local Bakery,-122.84,Soft Drinks
3/2/2026,Kings Arms - Edinburgh,E.ON,163.84,Maintenance
04/03/2026,The Anchor - Perth,Local Bakery,362.48,Maintenance
2026-04-07,The Plough - Falkirk,Diageo PLC,£55.21,Maintenance
11/01/2026,Royal Oak - Paisley,Brakes Catering,£199.56,Cleaning
2026-01-21,Kings Arms - Edinburgh,Costco UK,374.92,Supplies
2026-01-31,Red Lion - Glasgow,HEINEKEN,164.80,Cleaning
4/10/2026,Red Lion - Glasgow,Heineken UK Ltd,£604.44,Alcohol
04/02/2026,Black Bull - Dundee,Scottish Water,393.54,Food
2/25/2026,Black Bull - Dundee,DIAGEO,693.39,Food
28/03/2026,Red Lion - Glasgow,Costco UK,265.20 ,Maintenance
1/27/2026,The Ship Inn - Oban,Coca Cola,£1152.16,Alcohol
4/16/2026,Queens Head - Aberdeen,brakes,152.39,Utilities
2026-04-01,The Swan - Ayr,Booker Wholesale,£134.45,Utilities
4/11/2026,Black Bull - Dundee,Local Butcher,170.39,Soft Drinks
14/04/2026,Queens Head - Aberdeen,Heineken UK,157.91,Soft Drinks
2026-03-22,The Ship Inn - Oban,Heineken UK Ltd,131.38,Maintenance
21/01/2026,Royal Oak - Paisley,BT PLC,92.65,Supplies
2026-02-20,Red Lion - Glasgow,e.on,291.10,Utilities
2026-04-05,The Anchor - Perth,Booker Wholesale,£834.69,Food
2026-03-07,Black Bull - Dundee,Amazon Business,335.63,Cleaning
4/16/2026,Queens Head - Aberdeen,Brakes Catering,284.40,Supplies
1/23/2026,Fox & Hound - Hamilton,Heineken UK Ltd,2128.29,Alcohol
2/24/2026,White Hart - Inverness,Heineken UK,273.39,Cleaning
2026-02-27,Red Lion - Glasgow,Bidfood,303.90,Maintenance
2026-03-12,White Hart - Inverness,Coca Cola Europacific,146.98,Maintenance
2026-02-26,White Hart - Inverness,BRAKES UK,1061.34,Alcohol
11/03/2026,The Plough - Falkirk,EON Energy,177.70,Soft Drinks
2026-02-18,The Ship Inn - Oban,E.ON,166.44,Maintenance
15/03/2026,The Swan - Ayr,British Gas,522.72,Food
2026-01-30,The Crown - Stirling,JJ Foods,1069.19,Food
1/7/2026,Fox & Hound - Hamilton,eon energy,£347.65,Supplies
1/8/2026,The Plough - Falkirk,Heineken UK Ltd,173.46,Maintenance
15/03/2026,Black Bull - Dundee,Scottish Water,£1054.02,Alcohol
2026-04-23,Black Bull - Dundee,Local Bakery,51.93,Cleaning
01/01/2026,Fox & Hound - Hamilton,Costco UK,474.35,Utilities
12/01/2026,Black Bull - Dundee,JJFood Service,£403.45,Maintenance
3/28/2026,The Anchor - Perth,Heineken UK,£272.48,Soft Drinks
08/02/2026,Queens Head - Aberdeen,Amazon,248.45,Maintenance
3/2/2026,Kings Arms - Edinburgh,Costco UK,270.63,Cleaning
18/01/2026,Kings Arms - Edinburgh,Local Fishmonger,£202.08,Soft Drinks
2026-02-02,Red Lion - Glasgow,E.ON,559.07,Utilities
2026-02-13,Red Lion - Glasgow,Diageo PLC,-£371.16,Supplies
2026-04-26,The Swan - Ayr,local bakery,274.55,Soft Drinks
3/20/2026,Royal Oak - Paisley,Amazon Business,-664.80,Food
2026-03-07,The Crown - Stirling,BT PLC,£162.97,Soft Drinks
22/01/2026,Queens Head - Aberdeen,Makro,289.40,Utilities
1/29/2026,Red Lion - Glasgow,Diageo PLC,355.75,Utilities
2026-01-16,The Anchor - Perth,BT PLC,260.51,Maintenance
30/03/2026,Royal Oak - Paisley,Diageo PLC,£181.10,Supplies
3/23/2026,Black Bull - Dundee,makro,454.55,Utilities
23/02/2026,The Swan - Ayr,JJ Foods,1178.22,Food
18/02/2026,Queens Head - Aberdeen,Diageo PLC,£104.69,Cleaning
2026-03-20,Black Bull - Dundee,BT PLC,-£2873.61,Alcohol
2026-02-14,The Swan - Ayr,DIAGEO,695.66,Alcohol
2026-04-04,Royal Oak - Paisley,E.ON,-£373.31,Soft Drinks
3/24/2026,White Hart - Inverness,Makro,347.19,Soft Drinks
2026-02-11,Black Bull - Dundee,Brakes,£385.27,Utilities
04/03/2026,Queens Head - Aberdeen,Local Fishmonger,£988.54,Food
23/03/2026,Kings Arms - Edinburgh,Coca Cola,1291.75,Food
3/23/2026,White Hart - Inverness,diageo plc,£127.16 ,Utilities
4/12/2026,Kings Arms - Edinburgh,Costco UK,127.73,Soft Drinks
13/04/2026,Black Bull - Dundee,BOOKER,254.38,Utilities
28/04/2026,Royal Oak - Paisley,diageo ltd,180.58,Cleaning
4/1/2026,Black Bull - Dundee,Costco UK,£377.55,Cleaning
1/1/2026,The Plough - Falkirk,EON Energy,-269.40,Maintenance
4/6/2026,The Plough - Falkirk,Booker Wholesale,375.63,Utilities
07/02/2026,Royal Oak - Paisley,Costco UK,134.66,Maintenance
12/04/2026,Royal Oak - Paisley,BT PLC,£1149.87,Food
2026-02-23,The Swan - Ayr,BT PLC,535.26,Food
2026-04-20,Royal Oak - Paisley,BT PLC,2340.06,Alcohol
09/01/2026,The Anchor - Perth,Heineken UK,359.11,Maintenance
05/02/2026,The Crown - Stirling,BRAKES UK,£135.47,Supplies
1/2/2026,Royal Oak - Paisley,DIAGEO,-2308.24,Alcohol
2026-03-04,The Crown - Stirling,Booker Wholesale,414.78,Cleaning
22/03/2026,White Hart - Inverness,CocaCola Europacific,402.70,Soft Drinks
2/22/2026,Kings Arms - Edinburgh,DIAGEO,478.63,Alcohol
28/03/2026,Royal Oak - Paisley,Coca Cola,280.81,Maintenance
2/27/2026,Kings Arms - Edinburgh,JJ Foods,-1123.06,Alcohol
04/01/2026,The Crown - Stirling,HEINEKEN,291.28,Supplies
4/24/2026,The Plough - Falkirk,Local Butcher,1122.70,Alcohol
17/01/2026,Black Bull - Dundee,Amazon,2437.03,Alcohol
2/7/2026,Queens Head - Aberdeen,Heineken UK,1782.40,Alcohol
3/22/2026,The Plough - Falkirk,Local Butcher,-215.39,Supplies
3/9/2026,The Plough - Falkirk,Amazon,-£443.47,Food
3/16/2026,The Swan - Ayr,Makro,180.56,Utilities
2026-02-08,The Ship Inn - Oban,HEINEKEN,£115.96,Cleaning
2026-01-19,The Ship Inn - Oban,Diageo PLC,£262.49,Supplies
31/01/2026,The Plough - Falkirk,Bidfood,405.88,Maintenance
01/02/2026,Fox & Hound - Hamilton,Brakes Catering,242.02,Utilities
27/02/2026,The Crown - Stirling,heineken,£341.85,Soft Drinks
2026-02-25,The Swan - Ayr,British Gas,643.54,Alcohol
22/04/2026,The Crown - Stirling,Coca Cola,344.29,Supplies
22/04/2026,Royal Oak - Paisley,Makro,318.14,Maintenance
1/25/2026,The Swan - Ayr,BT PLC,£1618.48,Alcohol
2026-03-30,The Anchor - Perth,DIAGEO,145.26,Cleaning
26/04/2026,Queens Head - Aberdeen,British Gas,552.25 ,Utilities
08/02/2026,The Anchor - Perth,HEINEKEN,119.05,Soft Drinks
21/01/2026,The Plough - Falkirk,Heineken UK,102.94,Supplies
12/04/2026,The Crown - Stirling,Brakes Catering,545.65,Utilities
02/04/2026,Kings Arms - Edinburgh,Scottish Water,404.82,Supplies
11/02/2026,The Anchor - Perth,Brakes,204.09,Utilities
2026-03-14,Kings Arms - Edinburgh,Bidfood,-£754.31,Food
4/15/2026,White Hart - Inverness,Brakes,-204.67,Maintenance
3/28/2026,Queens Head - Aberdeen,Brakes,251.39,Maintenance
3/15/2026,Fox & Hound - Hamilton,Makro,£306.94,Supplies
08/02/2026,White Hart - Inverness,Coca Cola,1118.19,Food
18/02/2026,The Swan - Ayr,BRAKES UK,665.20,Alcohol
2/4/2026,The Crown - Stirling,Costco UK,206.77,Soft Drinks
23/01/2026,The Swan - Ayr,BOOKER,290.62,Supplies
03/03/2026,Royal Oak - Paisley,Costco UK,132.54 ,Cleaning
20/03/2026,The Swan - Ayr,Scottish Water,371.44,Maintenance
2026-03-14,The Plough - Falkirk,Heineken UK Ltd,£383.97,Cleaning
02/04/2026,The Swan - Ayr,BRAKES UK,£421.44,Maintenance
2/20/2026,Red Lion - Glasgow,Coca Cola Europacific,82.19,Supplies
26/01/2026,White Hart - Inverness,Local Bakery,53.76 ,Soft Drinks
25/03/2026,White Hart - Inverness,Costco UK,425.20,Utilities
3/25/2026,White Hart - Inverness,Booker Wholesale,341.20,Cleaning
2026-04-26,The Plough - Falkirk,Diageo Ltd,492.31,Utilities
2026-04-09,White Hart - Inverness,Amazon Business,388.86,Supplies
10/03/2026,Kings Arms - Edinburgh,Coca Cola Europacific,1032.16,Alcohol
2026-02-12,The Plough - Falkirk,JJ Food Service,-140.14,Cleaning
2026-03-01,The Ship Inn - Oban,Diageo Ltd,£202.63,Soft Drinks
2026-02-26,The Plough - Falkirk,Scottish Water,2749.45,Alcohol
2026-04-12,Fox & Hound - Hamilton,Heineken UK,£832.67,Alcohol
1/29/2026,Fox & Hound - Hamilton,Brakes,102.27,Utilities
3/18/2026,Fox & Hound - Hamilton,Local Butcher,362.57,Supplies
2/1/2026,Red Lion - Glasgow,BT PLC,£1360.98,Alcohol
1/6/2026,Red Lion - Glasgow,JJ Foods,981.36,Alcohol
24/03/2026,The Ship Inn - Oban,heineken uk,42.60,Maintenance
1/15/2026,Royal Oak - Paisley,Local Bakery,361.34,Supplies
2026-04-16,Fox & Hound - Hamilton,Local Bakery,115.83,Maintenance
2026-01-27,The Crown - Stirling,Brakes,857.86,Food
1/27/2026,The Plough - Falkirk,Local Bakery,109.37,Maintenance
3/22/2026,Kings Arms - Edinburgh,Heineken UK Ltd,456.06,Utilities
1/5/2026,The Plough - Falkirk,Amazon,114.07,Utilities
1/26/2026,The Plough - Falkirk,Local Fishmonger,1246.50,Alcohol
2/10/2026,The Crown - Stirling,JJ Foods,137.95,Maintenance
18/02/2026,The Swan - Ayr,BOOKER,444.46 ,Alcohol
2026-01-21,The Ship Inn - Oban,BT PLC,1780.00,Alcohol
22/04/2026,Fox & Hound - Hamilton,heineken uk,48.96,Maintenance
13/01/2026,Kings Arms - Edinburgh,Amazon Business,205.08,Supplies
2026-03-24,The Ship Inn - Oban,Costco UK,330.58,Supplies
1/1/2026,The Plough - Falkirk,Coca Cola Europacific,163.25,Food
2026-02-27,Fox & Hound - Hamilton,Amazon,2721.84,Alcohol
2026-04-14,Queens Head - Aberdeen,Coca Cola,159.19,Utilities
09/03/2026,The Ship Inn - Oban,JJ Foods,-178.40,Supplies
2/20/2026,Royal Oak - Paisley,BookerWholesale,£386.86,Food
3/3/2026,Royal Oak - Paisley,Heineken UK Ltd,75.71,Maintenance
2026-03-29,Kings Arms - Edinburgh,BOOKER,414.28,Utilities
2026-03-08,White Hart - Inverness,JJ Foods,259.63,Utilities
2026-03-23,Royal Oak - Paisley,Diageo PLC,529.77,Food
2026-01-05,Royal Oak - Paisley,JJ Food Service,144.67,Utilities
28/03/2026,Kings Arms - Edinburgh,E.ON,211.70,Maintenance
17/01/2026,The Plough - Falkirk,Diageo Ltd,358.94,Food
2026-03-10,Queens Head - Aberdeen,Local Butcher,83.89,Soft Drinks
22/01/2026,The Ship Inn - Oban,LocalBakery,£197.59,Maintenance
4/19/2026,Fox & Hound - Hamilton,Brakes Catering,£189.45,Food
2026-02-19,Fox & Hound - Hamilton,Costco UK,1317.85,Alcohol
2/28/2026,The Swan - Ayr,DIAGEO,727.93,Food
09/02/2026,The Plough - Falkirk,BRAKES UK,165.29,Utilities
2026-04-04,Black Bull - Dundee,Coca Cola Europacific,44.46,Cleaning
4/13/2026,The Ship Inn - Oban,Brakes Catering,290.71,Soft Drinks
22/02/2026,White Hart - Inverness,HEINEKEN,456.80,Utilities
1/24/2026,Red Lion - Glasgow,Heineken UK,404.99,Utilities
06/01/2026,The Plough - Falkirk,LocalFishmonger,412.57,Utilities
1/22/2026,Kings Arms - Edinburgh,BT PLC,595.92,Alcohol
08/03/2026,The Plough - Falkirk,Bidfood,£1092.16,Alcohol
3/29/2026,The Anchor - Perth,Diageo Ltd,£163.77,Supplies
2026-01-13,The Crown - Stirling,Brakes,£410.13,Cleaning
1/17/2026,Royal Oak - Paisley,Makro,£139.54,Supplies
27/04/2026,Fox & Hound - Hamilton,Bidfood,£284.54 ,Utilities
1/8/2026,White Hart - Inverness,EON Energy,378.90,Supplies
06/01/2026,Red Lion - Glasgow,Diageo PLC,2860.56,Alcohol
07/02/2026,The Anchor - Perth,British Gas,414.35,Utilities
25/01/2026,The Plough - Falkirk,Brakes,995.84,Alcohol
06/04/2026,White Hart - Inverness,HEINEKEN,266.78,Supplies
12/03/2026,Fox & Hound - Hamilton,Diageo PLC,£585.88,Food
3/21/2026,Red Lion - Glasgow,Costco UK,£155.27,Utilities
4/22/2026,Black Bull - Dundee,E.ON,265.75,Utilities
4/16/2026,Queens Head - Aberdeen,Local Bakery,£136.34,Soft Drinks
20/03/2026,Black Bull - Dundee,HEINEKEN,46.31,Supplies
3/20/2026,White Hart - Inverness,HEINEKEN,612.70,Alcohol
2026-02-27,The Swan - Ayr,Local Butcher,257.47,Utilities
27/02/2026,Royal Oak - Paisley,eon energy,£2809.25,Alcohol
2026-04-01,Fox & Hound - Hamilton,E.ON,£982.24,Food
2026-03-31,The Plough - Falkirk,diageo plc,318.98,Soft Drinks
05/03/2026,The Ship Inn - Oban,Costco UK,333.89,Supplies
1/13/2026,Black Bull - Dundee,Coca Cola Europacific,186.34,Maintenance
2026-03-17,The Anchor - Perth,Coca Cola Europacific,175.71,Cleaning
22/01/2026,Kings Arms - Edinburgh,Amazon,382.62,Utilities
4/7/2026,The Crown - Stirling,Heineken UK Ltd,585.49,Alcohol
1/2/2026,The Anchor - Perth,Amazon,119.73,Cleaning
3/27/2026,Queens Head - Aberdeen,Diageo Ltd,-495.94,Alcohol
2/19/2026,The Ship Inn - Oban,E.ON,31.60,Maintenance
3/31/2026,White Hart - Inverness,BT PLC,384.03,Maintenance
03/01/2026,Black Bull - Dundee,Heineken UK,£144.45,Soft Drinks
2/2/2026,Red Lion - Glasgow,Amazon Business,-1560.99,Alcohol
3/11/2026,Black Bull - Dundee,Amazon,£115.02,Cleaning
29/04/2026,Black Bull - Dundee,Bidfood,258.62,Soft Drinks
2026-04-17,Fox & Hound - Hamilton,EON Energy,202.47,Maintenance
10/03/2026,The Ship Inn - Oban,Coca Cola,£1653.48,Alcohol
2026-01-25,The Ship Inn - Oban,coca cola,£965.27,Food
2026-01-02,Red Lion - Glasgow,Bidfood,40.73,Maintenance
04/02/2026,Fox & Hound - Hamilton,BRAKES UK,304.42,Soft Drinks
4/17/2026,Red Lion - Glasgow,jj food service,£214.63,Food
2026-03-07,White Hart - Inverness,Local Bakery,106.39,Utilities
09/02/2026,The Anchor - Perth,Booker Wholesale,407.01,Utilities
4/24/2026,The Swan - Ayr,Coca Cola Europacific,260.94,Food
15/03/2026,White Hart - Inverness,Amazon Business,300.57,Utilities
13/01/2026,Kings Arms - Edinburgh,Coca Cola Europacific,1737.83,Alcohol
2026-03-18,The Crown - Stirling,british gas,312.59,Supplies
2/2/2026,The Swan - Ayr,Bidfood,34.91,Maintenance
2026-03-29,Kings Arms - Edinburgh,Coca Cola,320.64,Soft Drinks
22/02/2026,The Swan - Ayr,Costco UK,82.99,Cleaning
2026-01-02,Fox & Hound - Hamilton,EON Energy,53.10,Supplies
3/5/2026,Black Bull - Dundee,Amazon,445.20,Food
3/10/2026,The Anchor - Perth,JJ Food Service,270.35,Soft Drinks
3/28/2026,Red Lion - Glasgow,Local Butcher,341.52,Maintenance
3/16/2026,The Swan - Ayr,JJ Food Service,221.23,Utilities
2/9/2026,Red Lion - Glasgow,BOOKER,-128.79,Soft Drinks
1/25/2026,White Hart - Inverness,Heineken UK Ltd,2809.70,Alcohol
2026-04-05,The Anchor - Perth,Local Bakery,£300.61,Soft Drinks
2026-04-15,The Crown - Stirling,JJ Food Service,106.70,Supplies
01/03/2026,The Swan - Ayr,JJ Food Service,238.91,Supplies
2026-02-18,The Ship Inn - Oban,heineken,164.48,Maintenance
2026-03-13,The Plough - Falkirk,scottish water,313.83,Cleaning
08/04/2026,The Ship Inn - Oban,Brakes,246.13,Cleaning
4/10/2026,The Crown - Stirling,Diageo Ltd,44.60,Maintenance
2026-03-17,White Hart - Inverness,DIAGEO,2222.16,Alcohol
2026-04-02,The Plough - Falkirk,Brakes,827.91,Food
13/04/2026,The Swan - Ayr,JJ Food Service,321.85,Food
15/04/2026,White Hart - Inverness,Brakes,2779.15,Alcohol
04/03/2026,Fox & Hound - Hamilton,JJ Foods,425.85,Soft Drinks
2026-03-30,Royal Oak - Paisley,Local Butcher,480.94,Utilities
1/28/2026,Fox & Hound - Hamilton,BOOKER,£2411.77,Alcohol
2/24/2026,Kings Arms - Edinburgh,JJ Foods,1180.74,Food
2/15/2026,Royal Oak - Paisley,JJ Food Service,£206.87,Cleaning
05/04/2026,Black Bull - Dundee,DIAGEO,491.82,Utilities
1/15/2026,White Hart - Inverness,Heineken UK,948.96,Food
2026-01-29,The Anchor - Perth,Makro,£117.24,Supplies
3/6/2026,Black Bull - Dundee,Local Bakery,1992.06,Alcohol
2026-03-01,White Hart - Inverness,booker wholesale,212.80,Supplies
12/01/2026,Red Lion - Glasgow,DIAGEO,330.25 ,Soft Drinks
2026-01-22,The Swan - Ayr,JJ Foods,286.74,Cleaning
20/02/2026,Fox & Hound - Hamilton,British Gas,140.92,Utilities
2026-02-12,The Plough - Falkirk,Amazon,1059.41,Alcohol
01/01/2026,Royal Oak - Paisley,Coca Cola Europacific,286.63,Soft Drinks
2026-02-27,Queens Head - Aberdeen,BT PLC,-393.51,Soft Drinks
2026-01-03,The Anchor - Perth,british gas,144.32,Cleaning
4/8/2026,The Crown - Stirling,Coca Cola Europacific,2641.22,Alcohol
1/4/2026,The Anchor - Perth,Coca Cola,328.55,Maintenance
2026-02-14,Kings Arms - Edinburgh,Heineken UK,£283.97,Cleaning
4/12/2026,The Ship Inn - Oban,Amazon,257.57,Utilities
2026-03-24,Black Bull - Dundee,HEINEKEN,586.47,Utilities
2026-03-17,Royal Oak - Paisley,JJ Food Service,248.80,Soft Drinks
1/3/2026,Queens Head - Aberdeen,Heineken UK,197.34,Supplies
2026-01-27,Fox & Hound - Hamilton,Makro,407.26,Utilities
23/02/2026,The Ship Inn - Oban,Brakes,334.67,Soft Drinks
1/28/2026,Red Lion - Glasgow,Coca Cola,284.43,Soft Drinks
1/30/2026,Black Bull - Dundee,Booker Wholesale,£2252.85,Alcohol
4/12/2026,Queens Head - Aberdeen,Booker Wholesale,163.45,Utilities
21/03/2026,Kings Arms - Edinburgh,Booker Ltd,£2469.42,Alcohol
1/24/2026,Fox & Hound - Hamilton,Brakes,£466.29,Utilities
2026-01-03,Fox & Hound - Hamilton,Booker Wholesale,93.28,Maintenance
2/14/2026,The Anchor - Perth,E.ON,-62.81,Maintenance
2026-02-20,Red Lion - Glasgow,costco uk,257.98,Utilities
2026-03-15,White Hart - Inverness,Scottish Water,-£1059.49,Food
1/14/2026,Kings Arms - Edinburgh,Diageo Ltd,195.20,Soft Drinks
2026-03-05,Black Bull - Dundee,Makro,£51.26,Cleaning
1/25/2026,White Hart - Inverness,JJ Foods,337.59,Supplies
4/30/2026,The Swan - Ayr,Amazon Business,£320.87 ,Supplies
3/22/2026,Queens Head - Aberdeen,brakes,£559.48,Alcohol
07/03/2026,Royal Oak - Paisley,Brakes,526.57,Utilities
3/9/2026,Queens Head - Aberdeen,JJ Foods,1292.65,Food
2026-01-27,Queens Head - Aberdeen,Diageo Ltd,138.51,Cleaning
3/7/2026,The Anchor - Perth,Brakes,£231.82,Supplies
4/20/2026,Red Lion - Glasgow,Local Butcher,362.10,Soft Drinks
2026-02-12,Queens Head - Aberdeen,Heineken UK,55.60,Maintenance
2026-04-01,The Swan - Ayr,Amazon Business,106.14,Cleaning
29/04/2026,The Plough - Falkirk,E.ON,£305.07,Maintenance
02/03/2026,Kings Arms - Edinburgh,Local Fishmonger,50.09,Soft Drinks
2/5/2026,The Crown - Stirling,Heineken UK,402.51,Supplies
2026-04-02,Queens Head - Aberdeen,Amazon,375.87,Maintenance
13/04/2026,Fox & Hound - Hamilton,Scottish Water,383.75,Soft Drinks
2026-03-04,Royal Oak - Paisley,Scottish Water,68.57,Cleaning
4/29/2026,Black Bull - Dundee,Local Butcher,-£417.09,Utilities
2026-04-24,Red Lion - Glasgow,Booker Ltd,306.14,Supplies
1/30/2026,The Swan - Ayr,DIAGEO,£957.95,Food
01/02/2026,The Crown - Stirling,Diageo Ltd,113.87,Supplies
1/25/2026,The Plough - Falkirk,JJ Food Service,181.20,Cleaning
03/02/2026,The Ship Inn - Oban,Brakes,153.68,Soft Drinks
08/02/2026,The Crown - Stirling,Diageo Ltd,1024.62,Food
14/01/2026,White Hart - Inverness,CostcoUK,127.96,Maintenance
2026-02-08,The Anchor - Perth,Booker Wholesale,166.11,Utilities
15/02/2026,White Hart - Inverness,Diageo Ltd,376.61,Supplies
11/04/2026,Fox & Hound - Hamilton,Brakes Catering,95.41,Maintenance
16/01/2026,White Hart - Inverness,Bidfood,£300.90,Cleaning
4/19/2026,Kings Arms - Edinburgh,British Gas,94.54,Cleaning
2026-01-23,Fox & Hound - Hamilton,Booker Wholesale,£332.57,Maintenance
1/13/2026,Royal Oak - Paisley,HEINEKEN,215.31,Soft Drinks
29/01/2026,The Plough - Falkirk,BRAKES UK,£2880.92,Alcohol
2026-02-11,Kings Arms - Edinburgh,Scottish Water,2457.33,Alcohol
29/03/2026,Fox & Hound - Hamilton,coca cola,390.66,Maintenance
2026-04-27,Red Lion - Glasgow,Booker Ltd,1276.30,Food
2026-04-14,The Ship Inn - Oban,BOOKER,164.71,Maintenance
03/03/2026,Kings Arms - Edinburgh,Booker Wholesale,126.15 ,Soft Drinks
2026-03-19,Royal Oak - Paisley,brakes,£453.20,Utilities
2/3/2026,The Plough - Falkirk,BRAKES UK,2838.63,Alcohol
1/28/2026,The Crown - Stirling,JJ Foods,£109.84,Soft Drinks
2026-04-21,Queens Head - Aberdeen,Scottish Water,240.70 ,Cleaning
21/03/2026,Black Bull - Dundee,heineken,99.00,Supplies
13/04/2026,Black Bull - Dundee,JJFoods,-£75.04,Supplies
19/04/2026,Kings Arms - Edinburgh,Diageo Ltd,64.52,Soft Drinks
2026-04-04,The Ship Inn - Oban,BRAKES UK,201.14,Utilities
09/02/2026,The Crown - Stirling,E.ON,2241.20 ,Alcohol
13/01/2026,The Crown - Stirling,Diageo PLC,£424.58 ,Soft Drinks
17/03/2026,Red Lion - Glasgow,Coca Cola,87.97,Maintenance
4/26/2026,Red Lion - Glasgow,coca cola europacific,45.55,Maintenance
14/04/2026,The Plough - Falkirk,JJ Foods,408.29,Maintenance
22/02/2026,Royal Oak - Paisley,BookerLtd,395.29,Supplies
2026-04-09,Red Lion - Glasgow,EON Energy,389.30,Utilities
2026-02-09,Red Lion - Glasgow,Booker Wholesale,222.77,Supplies
2026-03-25,Kings Arms - Edinburgh,BT PLC,257.77,Maintenance
2026-01-09,Fox & Hound - Hamilton,Diageo Ltd,296.05,Cleaning
2026-03-02,The Crown - Stirling,Brakes Catering,186.93,Soft Drinks
28/02/2026,Fox & Hound - Hamilton,DIAGEO,75.62,Supplies
21/04/2026,Fox & Hound - Hamilton,Amazon Business,425.84,Alcohol
31/01/2026,Red Lion - Glasgow,bt plc,57.33,Maintenance
4/11/2026,White Hart - Inverness,Heineken UK Ltd,£112.33,Soft Drinks
2026-01-07,Black Bull - Dundee,Amazon,374.32,Maintenance
19/04/2026,Black Bull - Dundee,JJ Food Service,86.21,Supplies
19/04/2026,White Hart - Inverness,Amazon,221.85,Soft Drinks
3/17/2026,Red Lion - Glasgow,EON Energy,£254.30,Maintenance
2026-01-17,The Swan - Ayr,Brakes Catering,88.44,Maintenance
2026-03-14,The Swan - Ayr,British Gas,417.04,Utilities
16/03/2026,The Ship Inn - Oban,HEINEKEN,1979.87,Alcohol
11/02/2026,The Swan - Ayr,Local Butcher,-429.81,Maintenance
30/03/2026,The Ship Inn - Oban,Makro,363.28,Maintenance
12/02/2026,Black Bull - Dundee,Brakes Catering,£2637.51,Alcohol
2026-01-17,White Hart - Inverness,BT PLC,58.02,Cleaning
4/25/2026,The Crown - Stirling,Scottish Water,420.04,Maintenance
2026-04-11,Royal Oak - Paisley,Costco UK,154.05,Food
12/01/2026,Royal Oak - Paisley,Amazon,239.21,Food
2/20/2026,The Ship Inn - Oban,Booker Ltd,178.34 ,Maintenance
26/04/2026,Royal Oak - Paisley,Booker Wholesale,-172.93 ,Utilities
3/18/2026,Kings Arms - Edinburgh,Bidfood,£283.53,Maintenance
10/04/2026,White Hart - Inverness,Amazon,240.05,Soft Drinks
02/03/2026,Black Bull - Dundee,LocalButcher,2782.06,Alcohol
3/21/2026,Red Lion - Glasgow,Diageo Ltd,£849.46,Food
4/13/2026,The Swan - Ayr,Brakes Catering,369.72,Maintenance
2026-03-05,Black Bull - Dundee,BOOKER,716.16,Food
2/3/2026,Black Bull - Dundee,britishgas,197.06,Maintenance
2026-01-14,Kings Arms - Edinburgh,Makro,76.51,Maintenance
4/28/2026,The Ship Inn - Oban,Booker Wholesale,280.56,Soft Drinks
2/20/2026,White Hart - Inverness,Heineken UK Ltd,495.95,Utilities
2026-03-14,Kings Arms - Edinburgh,BRAKES UK,120.93,Cleaning
1/24/2026,The Anchor - Perth,Heineken UK,-509.94,Food
27/03/2026,Royal Oak - Paisley,scottish water,341.48,Supplies
1/20/2026,The Crown - Stirling,Local Fishmonger,398.26,Maintenance
3/25/2026,The Plough - Falkirk,Local Bakery,2320.72,Alcohol
22/01/2026,Queens Head - Aberdeen,British Gas,£309.95,Maintenance
2026-01-13,Queens Head - Aberdeen,Coca Cola Europacific,117.15,Maintenance
2026-01-30,The Crown - Stirling,Diageo PLC,£304.92 ,Supplies
08/01/2026,The Plough - Falkirk,JJ Foods,£475.14,Food
09/02/2026,The Ship Inn - Oban,British Gas,£175.30,Utilities
4/12/2026,The Plough - Falkirk,Local Fishmonger,424.16,Maintenance
2/20/2026,The Crown - Stirling,booker ltd,1180.30,Food
2026-04-24,Fox & Hound - Hamilton,JJ Foods,187.15,Soft Drinks
02/04/2026,The Crown - Stirling,Local Butcher,895.02,Alcohol
3/22/2026,White Hart - Inverness,British Gas,229.89,Utilities
2026-03-11,Royal Oak - Paisley,EON Energy,385.99,Food
1/13/2026,The Plough - Falkirk,Booker Wholesale,£403.63,Cleaning
2026-01-30,The Plough - Falkirk,Booker Ltd,340.11,Supplies
22/04/2026,Kings Arms - Edinburgh,local bakery,£162.00,Soft Drinks
3/19/2026,The Anchor - Perth,HEINEKEN,150.56,Cleaning
12/02/2026,The Crown - Stirling,Coca Cola Europacific,165.14 ,Soft Drinks
2026-03-23,The Swan - Ayr,Heineken UK,£453.78,Utilities
2/2/2026,Queens Head - Aberdeen,Heineken UK Ltd,£291.92,Utilities
14/02/2026,Black Bull - Dundee,Scottish Water,-£661.71,Food
1/28/2026,Queens Head - Aberdeen,HEINEKEN,498.59,Utilities
2026-04-26,The Anchor - Perth,BRAKESUK,151.80,Utilities
4/21/2026,Royal Oak - Paisley,British Gas,125.95,Cleaning
2/11/2026,Queens Head - Aberdeen,JJ Foods,363.13,Maintenance
29/03/2026,The Crown - Stirling,bidfood,£339.88,Soft Drinks
12/01/2026,White Hart - Inverness,Diageo Ltd,354.78,Maintenance
11/01/2026,White Hart - Inverness,Brakes,377.68,Supplies
2026-01-28,The Plough - Falkirk,Brakes Catering,386.73,Utilities
24/04/2026,The Plough - Falkirk,JJ Foods,116.74,Soft Drinks
2/24/2026,Black Bull - Dundee,BOOKER,374.59 ,Soft Drinks
2026-04-08,The Ship Inn - Oban,Diageo PLC,299.15,Utilities
22/01/2026,The Ship Inn - Oban,diageoplc,240.82,Supplies
30/03/2026,Royal Oak - Paisley,diageoplc,£235.30,Maintenance
31/03/2026,Red Lion - Glasgow,Amazon,529.38 ,Food
1/17/2026,Royal Oak - Paisley,local fishmonger,262.40 ,Soft Drinks
2/24/2026,Kings Arms - Edinburgh,Local Butcher,153.13,Soft Drinks
2026-04-13,Fox & Hound - Hamilton,BT PLC,£1828.91,Alcohol
2026-01-26,The Swan - Ayr,Booker Wholesale,108.28,Cleaning
26/03/2026,Royal Oak - Paisley,HEINEKEN,349.60,Cleaning
04/04/2026,The Swan - Ayr,E.ON,644.89,Food
2026-04-22,Fox & Hound - Hamilton,JJ Food Service,£203.91,Maintenance
3/3/2026,White Hart - Inverness,BT PLC,256.83,Soft Drinks
23/01/2026,White Hart - Inverness,Amazon,-911.34 ,Food
08/02/2026,Kings Arms - Edinburgh,HEINEKEN,290.61,Cleaning
3/12/2026,Red Lion - Glasgow,BT PLC,119.77,Maintenance
2026-04-14,The Plough - Falkirk,DIAGEO,£401.09,Soft Drinks
2026-03-27,The Ship Inn - Oban,Coca Cola,£349.58,Maintenance
2026-02-25,The Anchor - Perth,jj food service,498.86,Utilities
2026-03-26,White Hart - Inverness,BRAKES UK,381.97,Cleaning
19/01/2026,Kings Arms - Edinburgh,brakes catering,£294.75,Soft Drinks
1/22/2026,The Ship Inn - Oban,Diageo PLC,-£251.87,Cleaning
2026-03-25,White Hart - Inverness,Local Fishmonger,1270.44,Food
2026-03-07,Royal Oak - Paisley,Diageo PLC,£215.02,Utilities
4/28/2026,The Crown - Stirling,Diageo PLC,£273.54,Maintenance
01/04/2026,The Swan - Ayr,Diageo PLC,868.91 ,Food
28/02/2026,Kings Arms - Edinburgh,BOOKER,£328.87,Cleaning
1/25/2026,Kings Arms - Edinburgh,Booker Wholesale,£1152.76,Food
2026-04-16,The Ship Inn - Oban,Local Fishmonger,585.86,Utilities
4/8/2026,The Swan - Ayr,LocalBakery,154.94,Food
2026-03-19,The Crown - Stirling,Local Bakery,147.63,Utilities
2/6/2026,Queens Head - Aberdeen,BOOKER,1030.69,Food
07/03/2026,The Anchor - Perth,Local Butcher,£66.69,Soft Drinks
3/12/2026,Black Bull - Dundee,HEINEKEN,474.59,Utilities
2/2/2026,The Swan - Ayr,Local Butcher,-77.10,Cleaning
01/04/2026,Queens Head - Aberdeen,EON Energy,£356.13,Cleaning
2026-04-21,The Anchor - Perth,Coca Cola,36.74,Maintenance
2026-02-05,The Plough - Falkirk,British Gas,348.79,Maintenance
26/03/2026,Royal Oak - Paisley,Scottish Water,-701.63,Food
2026-04-23,The Plough - Falkirk,Scottish Water,388.96,Supplies
09/04/2026,The Swan - Ayr,Scottish Water,£535.46 ,Utilities
08/01/2026,The Crown - Stirling,heineken,1785.42,Alcohol
2026-02-28,The Ship Inn - Oban,Diageo Ltd,258.60,Food
3/29/2026,Red Lion - Glasgow,Diageo Ltd,1233.99,Alcohol
1/9/2026,White Hart - Inverness,Booker Wholesale,219.59,Maintenance
26/03/2026,The Anchor - Perth,EON Energy,-380.67,Maintenance
4/9/2026,Queens Head - Aberdeen,Heineken UK,826.10,Alcohol
2026-01-06,Fox & Hound - Hamilton,Booker Ltd,254.65,Utilities
15/03/2026,The Plough - Falkirk,Booker Wholesale,£475.00,Utilities
2/4/2026,The Ship Inn - Oban,Scottish Water,-2284.95,Alcohol
2026-02-21,Black Bull - Dundee,Bidfood,1088.03,Food
18/04/2026,The Swan - Ayr,Scottish Water,-£159.56,Maintenance
2026-03-22,White Hart - Inverness,booker ltd,408.47,Maintenance
2/3/2026,The Anchor - Perth,Diageo PLC,240.37,Supplies
2026-01-04,Royal Oak - Paisley,BT PLC,£712.59,Food
2/8/2026,Fox & Hound - Hamilton,E.ON,£35.74,Supplies
08/01/2026,White Hart - Inverness,JJ Food Service,419.91,Maintenance
2026-03-05,The Crown - Stirling,Scottish Water,252.14,Soft Drinks
3/11/2026,Black Bull - Dundee,Heineken UK,248.54,Cleaning
01/03/2026,Kings Arms - Edinburgh,british gas,246.81,Supplies
02/01/2026,Royal Oak - Paisley,Bidfood,£1171.04,Food
12/02/2026,Royal Oak - Paisley,British Gas,£167.55,Cleaning
2026-04-20,Royal Oak - Paisley,coca cola europacific,267.57,Cleaning
1/26/2026,Red Lion - Glasgow,Scottish Water,1099.67,Alcohol
4/6/2026,The Plough - Falkirk,JJ Food Service,1104.21,Food
2026-02-12,Kings Arms - Edinburgh,BOOKER,264.17,Maintenance
2/12/2026,Royal Oak - Paisley,Amazon,140.73,Soft Drinks
13/03/2026,The Plough - Falkirk,DIAGEO,448.13,Utilities
23/01/2026,The Ship Inn - Oban,Local Fishmonger,1044.07,Food
24/04/2026,Kings Arms - Edinburgh,E.ON,981.93,Food
2/6/2026,The Swan - Ayr,Amazon Business,437.87,Alcohol
4/27/2026,The Swan - Ayr,DIAGEO,255.98,Utilities
03/03/2026,White Hart - Inverness,LocalBakery,-£136.56,Supplies
2026-03-11,Fox & Hound - Hamilton,heineken uk ltd,305.05,Maintenance
2026-04-04,Fox & Hound - Hamilton,brakes catering,31.35,Cleaning
2/5/2026,Red Lion - Glasgow,JJ Food Service,-367.32,Maintenance
3/14/2026,Kings Arms - Edinburgh,E.ON,242.07,Soft Drinks
2026-03-17,Kings Arms - Edinburgh,bidfood,339.14,Utilities
28/02/2026,The Plough - Falkirk,Scottish Water,1073.15,Food
1/18/2026,The Ship Inn - Oban,Scottish Water,694.77,Food
2026-02-09,Kings Arms - Edinburgh,Costco UK,-279.96,Utilities
2026-04-24,The Plough - Falkirk,Booker Wholesale,189.87,Food
2026-02-05,The Ship Inn - Oban,Scottish Water,188.92,Utilities
2026-03-17,Fox & Hound - Hamilton,British Gas,913.61,Food
2026-03-02,Fox & Hound - Hamilton,Heineken UK Ltd,£258.09,Maintenance
2/10/2026,The Anchor - Perth,Amazon,343.12,Maintenance
2026-04-24,The Plough - Falkirk,amazon,182.53,Soft Drinks
26/02/2026,Red Lion - Glasgow,brakes,416.40 ,Utilities
2026-01-07,Fox & Hound - Hamilton,JJ Food Service,£168.64,Cleaning
2026-03-14,Red Lion - Glasgow,BOOKER,128.13,Maintenance
3/26/2026,Kings Arms - Edinburgh,Local Butcher,231.70,Food
3/19/2026,Kings Arms - Edinburgh,Makro,£40.86,Cleaning
2026-01-19,Queens Head - Aberdeen,heineken,1801.77,Alcohol
3/29/2026,Red Lion - Glasgow,E.ON,456.40,Utilities
2026-03-31,The Anchor - Perth,Diageo Ltd,580.06,Food
2026-01-04,Fox & Hound - Hamilton,Makro,254.09,Utilities
29/03/2026,Kings Arms - Edinburgh,Coca Cola,2351.83,Alcohol
1/13/2026,White Hart - Inverness,Diageo PLC,520.54,Utilities
2/26/2026,The Anchor - Perth,Amazon,309.95,Maintenance
13/03/2026,The Swan - Ayr,JJ Food Service,£307.76,Maintenance
18/04/2026,The Plough - Falkirk,BOOKER,£421.30,Maintenance
3/17/2026,The Anchor - Perth,Costco UK,£1050.77,Food
01/04/2026,The Ship Inn - Oban,E.ON,244.32,Supplies
28/01/2026,Black Bull - Dundee,Coca Cola Europacific,2084.13,Alcohol
26/04/2026,The Ship Inn - Oban,DiageoLtd,150.84,Soft Drinks
1/1/2026,Black Bull - Dundee,Makro,126.28,Cleaning
3/15/2026,The Ship Inn - Oban,BOOKER,£519.41,Utilities
2026-03-31,The Ship Inn - Oban,BOOKER,389.35,Maintenance
30/04/2026,The Crown - Stirling,BOOKER,£361.02,Utilities
02/03/2026,The Swan - Ayr,heineken,210.23,Utilities
2/10/2026,Black Bull - Dundee,JJ Food Service,293.82,Food
30/04/2026,The Crown - Stirling,Booker Wholesale,£132.31,Soft Drinks
28/04/2026,The Swan - Ayr,Diageo Ltd,165.60,Utilities
2026-01-23,The Anchor - Perth,JJ Food Service,323.44,Maintenance
20/02/2026,The Swan - Ayr,CocaCola Europacific,57.76,Cleaning
2026-01-30,The Crown - Stirling,BT PLC,377.65,Soft Drinks
21/02/2026,Fox & Hound - Hamilton,BOOKER,2190.43,Alcohol
2026-04-16,Fox & Hound - Hamilton,BT PLC,£1839.35,Alcohol
2/9/2026,The Anchor - Perth,heineken uk ltd,£398.22,Food
2026-02-04,The Plough - Falkirk,BT PLC,420.82,Maintenance
2026-01-08,White Hart - Inverness,BRAKESUK,1254.73,Alcohol
3/20/2026,Black Bull - Dundee,Local Bakery,£252.95,Utilities
1/8/2026,Royal Oak - Paisley,Bidfood,203.16,Utilities
4/27/2026,Royal Oak - Paisley,BT PLC,58.86,Cleaning
08/04/2026,Fox & Hound - Hamilton,Diageo Ltd,374.84,Cleaning
09/02/2026,The Plough - Falkirk,Heineken UK Ltd,51.94,Soft Drinks
23/02/2026,The Anchor - Perth,Amazon Business,£45.44,Cleaning
31/03/2026,Royal Oak - Paisley,Bidfood,145.90,Maintenance
2/17/2026,Queens Head - Aberdeen,BRAKES UK,£280.22,Soft Drinks
2/13/2026,Kings Arms - Edinburgh,Diageo Ltd,£292.89,Cleaning
27/02/2026,Kings Arms - Edinburgh,BOOKER,262.85,Soft Drinks
31/01/2026,Queens Head - Aberdeen,Diageo Ltd,1760.05,Alcohol
16/03/2026,Kings Arms - Edinburgh,E.ON,310.42,Supplies
2026-03-31,White Hart - Inverness,local bakery,976.25,Food
2026-04-28,The Ship Inn - Oban,Amazon,-396.38,Soft Drinks
19/03/2026,Queens Head - Aberdeen,E.ON,-195.74,Cleaning
2026-04-07,Royal Oak - Paisley,British Gas,1237.98,Food
07/03/2026,Royal Oak - Paisley,Amazon Business,£226.89,Soft Drinks
25/02/2026,The Anchor - Perth,Amazon,1919.14,Alcohol
2026-03-04,The Ship Inn - Oban,JJ Food Service,184.47,Soft Drinks
20/01/2026,The Crown - Stirling,BOOKER,£222.39,Cleaning
2026-01-07,White Hart - Inverness,HEINEKEN,115.36,Maintenance
2026-03-12,The Anchor - Perth,E.ON,271.77,Utilities
01/02/2026,Fox & Hound - Hamilton,Brakes Catering,-£1139.05,Food
16/01/2026,The Plough - Falkirk,JJ Food Service,425.20,Maintenance
24/02/2026,The Anchor - Perth,JJ Foods,387.59,Supplies
12/01/2026,The Anchor - Perth,Costco UK,107.00,Utilities
3/30/2026,Black Bull - Dundee,Brakes,£427.91,Supplies
25/01/2026,Red Lion - Glasgow,Amazon,707.22,Food
2026-01-28,Queens Head - Aberdeen,Bidfood,-1121.25,Food
2026-01-13,Queens Head - Aberdeen,JJFoods,581.86,Utilities
2026-01-18,The Plough - Falkirk,BOOKER,43.50,Soft Drinks
2026-04-22,Kings Arms - Edinburgh,HEINEKEN,£220.60,Soft Drinks
09/03/2026,Kings Arms - Edinburgh,Brakes,186.67,Soft Drinks
2026-04-06,Black Bull - Dundee,Brakes,£131.28,Utilities
2026-03-25,The Anchor - Perth,Heineken UK Ltd,149.59,Utilities
2/4/2026,The Plough - Falkirk,Local Bakery,-89.15,Supplies
2026-04-03,Kings Arms - Edinburgh,Heineken UK Ltd,115.75,Supplies
4/25/2026,The Crown - Stirling,EON Energy,210.73,Supplies
20/03/2026,Queens Head - Aberdeen,Local Bakery,£428.37,Soft Drinks
3/18/2026,Kings Arms - Edinburgh,amazon,393.05,Maintenance
06/01/2026,Red Lion - Glasgow,Amazon Business,181.56,Maintenance
19/01/2026,Fox & Hound - Hamilton,Coca Cola Europacific,£189.43,Cleaning
2026-03-07,The Plough - Falkirk,Amazon Business,362.53,Cleaning
4/5/2026,Fox & Hound - Hamilton,Diageo PLC,£138.42,Soft Drinks
2026-01-15,The Ship Inn - Oban,DIAGEO,-£197.48,Cleaning
4/25/2026,Red Lion - Glasgow,Diageo Ltd,554.62,Alcohol
4/23/2026,The Anchor - Perth,Diageo PLC,£2005.49,Alcohol
05/02/2026,Kings Arms - Edinburgh,Scottish Water,2274.13,Alcohol
2026-02-08,The Anchor - Perth,AmazonBusiness,169.93,Soft Drinks
10/03/2026,Red Lion - Glasgow,EON Energy,1583.20,Alcohol
03/04/2026,White Hart - Inverness,Makro,476.90,Utilities
2026-02-24,Black Bull - Dundee,BRAKES UK,233.64,Soft Drinks
10/03/2026,White Hart - Inverness,Coca Cola Europacific,325.18,Soft Drinks
1/24/2026,Kings Arms - Edinburgh,Bidfood,-457.65,Food
1/24/2026,The Ship Inn - Oban,CocaCola Europacific,341.85,Food
2/12/2026,The Crown - Stirling,amazon business,£205.99,Supplies
2026-04-27,Fox & Hound - Hamilton,BOOKER,1242.18,Food
20/03/2026,The Anchor - Perth,E.ON,1980.09,Alcohol
24/01/2026,Red Lion - Glasgow,BOOKER,2666.17,Alcohol
14/02/2026,Royal Oak - Paisley,Makro,£1704.59,Alcohol
1/1/2026,The Anchor - Perth,Diageo Ltd,119.87,Cleaning
10/03/2026,The Ship Inn - Oban,Diageo Ltd,59.31,Supplies
2026-01-11,The Plough - Falkirk,Coca Cola,£2121.44,Alcohol
2026-02-03,Queens Head - Aberdeen,Scottish Water,122.76,Cleaning
28/04/2026,The Plough - Falkirk,Diageo PLC,360.93,Supplies
4/16/2026,The Plough - Falkirk,DIAGEO,£356.33,Maintenance
2/17/2026,Black Bull - Dundee,Costco UK,71.18,Supplies
2/21/2026,Queens Head - Aberdeen,Bidfood,139.49,Cleaning
2026-04-13,The Ship Inn - Oban,BOOKER,266.18,Maintenance
4/14/2026,The Plough - Falkirk,Brakes,1007.02,Food
3/31/2026,The Swan - Ayr,Coca Cola,248.85,Cleaning
30/01/2026,The Plough - Falkirk,Heineken UK,138.19,Utilities
2026-01-15,The Anchor - Perth,CocaCola,£181.33,Soft Drinks
2026-04-29,The Plough - Falkirk,Heineken UK,85.75 ,Maintenance
28/03/2026,Red Lion - Glasgow,HEINEKEN,£31.50,Soft Drinks
2026-02-12,The Anchor - Perth,Costco UK,337.23,Food
1/8/2026,Fox & Hound - Hamilton,Local Butcher,561.51,Food
3/5/2026,Fox & Hound - Hamilton,BRAKES UK,428.16,Utilities
4/25/2026,The Swan - Ayr,Bidfood,435.36,Utilities
25/04/2026,Queens Head - Aberdeen,BOOKER,35.94,Soft Drinks
2026-01-14,The Plough - Falkirk,British Gas,331.13,Food
21/03/2026,Royal Oak - Paisley,EON Energy,588.77,Food
2/15/2026,The Crown - Stirling,British Gas,187.04,Food
2026-01-27,The Swan - Ayr,Local Bakery,£538.18,Food
3/22/2026,Fox & Hound - Hamilton,amazon,623.37,Food
2026-01-30,Black Bull - Dundee,Booker Wholesale,£106.22,Maintenance
2026-04-04,The Crown - Stirling,Local Bakery,210.92,Cleaning
12/03/2026,The Swan - Ayr,Amazon,162.50,Cleaning
2026-03-14,The Ship Inn - Oban,Diageo PLC,516.09,Food
2026-02-01,The Swan - Ayr,E.ON,£427.06,Cleaning
2026-03-26,White Hart - Inverness,Local Butcher,£537.84,Utilities
2026-03-17,Royal Oak - Paisley,Brakes Catering,£392.55,Maintenance
2026-03-27,The Swan - Ayr,Coca Cola Europacific,-34.91,Cleaning
2026-02-04,Black Bull - Dundee,Local Butcher,£295.00,Utilities
2026-02-25,The Swan - Ayr,EON Energy,210.91,Maintenance
2026-03-27,Red Lion - Glasgow,Local Fishmonger,312.11,Utilities
3/24/2026,The Swan - Ayr,Booker Wholesale,157.20,Cleaning
09/01/2026,Red Lion - Glasgow,JJ Food Service,1089.92,Food
2026-02-18,The Plough - Falkirk,HEINEKEN,150.56,Cleaning
09/02/2026,The Swan - Ayr,Heineken UK,63.58,Soft Drinks
08/01/2026,White Hart - Inverness,HEINEKEN,305.93,Cleaning
2026-01-30,The Plough - Falkirk,Diageo Ltd,388.56,Cleaning
4/2/2026,Red Lion - Glasgow,Makro,2527.34,Alcohol
2026-04-04,White Hart - Inverness,Makro,68.40,Maintenance
03/02/2026,Kings Arms - Edinburgh,Local Butcher,777.93 ,Food
22/01/2026,Royal Oak - Paisley,Bidfood,£567.97,Utilities
2026-03-21,Red Lion - Glasgow,Amazon,244.30,Cleaning
2026-01-03,The Anchor - Perth,Coca Cola Europacific,-272.71,Supplies
2026-03-07,The Ship Inn - Oban,Local Bakery,£567.87,Food
2026-03-24,The Anchor - Perth,Amazon Business,226.83,Supplies
2026-01-12,The Crown - Stirling,Heineken UK Ltd,1118.86,Alcohol
2026-04-02,Royal Oak - Paisley,Local Butcher,1226.32,Food
2026-04-03,The Ship Inn - Oban,Heineken UK,253.22,Utilities
1/20/2026,The Crown - Stirling,Diageo Ltd,214.20,Supplies
3/7/2026,Red Lion - Glasgow,Brakes Catering,£252.28,Utilities
27/02/2026,Queens Head - Aberdeen,Makro,366.49,Utilities
1/6/2026,Red Lion - Glasgow,ScottishWater,280.48,Utilities
31/03/2026,The Anchor - Perth,JJ Food Service,144.34,Supplies
21/03/2026,Royal Oak - Paisley,JJ Food Service,1688.67,Alcohol
17/03/2026,Queens Head - Aberdeen,Amazon,666.87,Food
08/03/2026,White Hart - Inverness,Booker Ltd,465.77,Utilities
1/31/2026,The Swan - Ayr,Diageo Ltd,331.51,Supplies
3/18/2026,Royal Oak - Paisley,Brakes Catering,178.76,Soft Drinks
2026-03-14,White Hart - Inverness,Costco UK,346.44,Cleaning
2026-03-31,The Anchor - Perth,Diageo PLC,963.92,Food
09/04/2026,Kings Arms - Edinburgh,Costco UK,229.68,Soft Drinks
2026-03-17,Fox & Hound - Hamilton,BookerWholesale,663.08,Food
2026-04-15,The Anchor - Perth,Brakes Catering,138.14,Soft Drinks
03/02/2026,The Crown - Stirling,British Gas,107.44 ,Soft Drinks
23/04/2026,The Crown - Stirling,Local Butcher,£284.51,Soft Drinks
13/02/2026,Black Bull - Dundee,Heineken UK Ltd,221.34,Maintenance
13/01/2026,Red Lion - Glasgow,Booker Ltd,100.51,Maintenance
12/03/2026,The Swan - Ayr,Brakes,680.67,Alcohol
11/04/2026,The Swan - Ayr,Bidfood,300.51,Food
1/4/2026,The Swan - Ayr,JJ Food Service,327.86,Supplies
4/7/2026,The Ship Inn - Oban,DIAGEO,308.09,Supplies
4/29/2026,The Swan - Ayr,Bidfood,£252.92,Soft Drinks
13/01/2026,The Ship Inn - Oban,HEINEKEN,193.91,Soft Drinks
4/26/2026,Black Bull - Dundee,BrakesCatering,1206.62,Food
27/02/2026,Black Bull - Dundee,Coca Cola,85.48,Supplies
2026-04-23,The Plough - Falkirk,BT PLC,39.09,Soft Drinks
2026-02-19,Black Bull - Dundee,Coca Cola,-453.03,Food
4/12/2026,The Ship Inn - Oban,BOOKER,£50.27,Cleaning
02/01/2026,The Plough - Falkirk,Amazon Business,361.52,Supplies
2026-03-03,The Crown - Stirling,Heineken UK,342.12,Food
2026-01-15,Black Bull - Dundee,bt plc,436.37,Food
4/18/2026,The Plough - Falkirk,Coca Cola Europacific,396.67,Utilities
3/26/2026,Red Lion - Glasgow,Coca Cola Europacific,134.54,Cleaning
1/12/2026,The Swan - Ayr,Amazon Business,235.02,Cleaning
2026-01-11,The Plough - Falkirk,Heineken UK Ltd,£1095.31,Food
4/19/2026,The Crown - Stirling,E.ON,1024.34,Food
3/1/2026,The Crown - Stirling,Heineken UK Ltd,221.42,Soft Drinks
2026-01-15,White Hart - Inverness,Bidfood,118.50,Soft Drinks
23/02/2026,The Swan - Ayr,Diageo Ltd,350.26,Soft Drinks
04/02/2026,The Crown - Stirling,Amazon,1752.88,Alcohol
2026-03-14,Royal Oak - Paisley,Diageo Ltd,148.68,Soft Drinks
11/02/2026,The Swan - Ayr,BT PLC,1027.09,Alcohol
1/9/2026,Queens Head - Aberdeen,DIAGEO,286.97,Utilities
2026-03-01,White Hart - Inverness,Brakes,1732.85,Alcohol
22/02/2026,The Crown - Stirling,Booker Wholesale,£83.40,Maintenance
10/01/2026,Fox & Hound - Hamilton,Brakes Catering,£72.70,Supplies
2026-03-26,The Swan - Ayr,Local Bakery,1402.18,Alcohol
2026-04-17,Black Bull - Dundee,Coca Cola Europacific,1936.77,Alcohol
28/04/2026,The Crown - Stirling,Brakes,180.86,Supplies
21/01/2026,The Swan - Ayr,JJ Food Service,-£48.34,Cleaning
25/01/2026,The Ship Inn - Oban,Local Bakery,374.93,Utilities
2/21/2026,The Swan - Ayr,EON Energy,£31.99,Supplies
11/04/2026,Red Lion - Glasgow,Coca Cola Europacific,£681.52,Alcohol
22/02/2026,The Plough - Falkirk,Coca Cola Europacific,£366.88,Cleaning
3/25/2026,White Hart - Inverness,jj foods,118.60,Cleaning
04/04/2026,The Anchor - Perth,british gas,76.33,Maintenance
15/01/2026,The Anchor - Perth,Costco UK,183.30,Cleaning
2026-01-29,The Ship Inn - Oban,DIAGEO,37.34,Maintenance
2026-04-25,The Anchor - Perth,JJ Food Service,306.71,Maintenance
2026-02-20,White Hart - Inverness,Brakes,172.18,Supplies
24/01/2026,Fox & Hound - Hamilton,EON Energy,1640.16,Alcohol
1/31/2026,The Crown - Stirling,Brakes Catering,550.68,Food
15/01/2026,Fox & Hound - Hamilton,Heineken UK,128.19,Soft Drinks
2026-01-11,Black Bull - Dundee,DiageoPLC,322.83,Soft Drinks
2026-01-19,The Plough - Falkirk,DIAGEO,416.91,Supplies
2026-04-17,Queens Head - Aberdeen,Coca Cola Europacific,530.76,Utilities
21/01/2026,The Ship Inn - Oban,E.ON,986.73,Alcohol
26/02/2026,Kings Arms - Edinburgh,British Gas,189.11,Food
2026-03-20,Fox & Hound - Hamilton,Local Fishmonger,216.71,Utilities
01/02/2026,Kings Arms - Edinburgh,Local Bakery,£738.97,Food
2026-04-23,Fox & Hound - Hamilton,Heineken UK Ltd,30.86,Soft Drinks
22/04/2026,Fox & Hound - Hamilton,heineken uk,775.42,Food
15/04/2026,The Swan - Ayr,Heineken UK Ltd,1293.40,Food
1/13/2026,Royal Oak - Paisley,Coca Cola Europacific,88.78,Maintenance
2/12/2026,The Ship Inn - Oban,local bakery,£159.64,Supplies
2026-03-06,Queens Head - Aberdeen,brakes uk,368.27,Utilities
4/18/2026,Royal Oak - Paisley,Makro,262.22,Soft Drinks
1/10/2026,Red Lion - Glasgow,Brakes Catering,1139.53,Alcohol
03/03/2026,White Hart - Inverness,JJ Food Service,904.13,Alcohol
1/12/2026,White Hart - Inverness,HeinekenUK Ltd,1642.59,Alcohol
06/03/2026,The Anchor - Perth,Scottish Water,£188.93,Cleaning
1/8/2026,The Crown - Stirling,HEINEKEN,129.76,Utilities
18/04/2026,The Anchor - Perth,British Gas,124.41,Utilities
2026-01-04,The Anchor - Perth,Diageo Ltd,384.30,Utilities
31/01/2026,Red Lion - Glasgow,BT PLC,1279.47,Food
3/21/2026,Kings Arms - Edinburgh,Heineken UK Ltd,91.95,Supplies
2026-03-15,The Plough - Falkirk,BOOKER,133.87,Maintenance
3/15/2026,The Ship Inn - Oban,Brakes,-£383.29,Supplies
16/02/2026,Kings Arms - Edinburgh,Booker Ltd,£299.23,Supplies
1/26/2026,The Anchor - Perth,BRAKES UK,£2241.67,Alcohol
2026-03-25,The Crown - Stirling,HEINEKEN,429.13,Cleaning
2026-02-16,The Ship Inn - Oban,Heineken UK Ltd,1907.76,Alcohol
3/6/2026,Royal Oak - Paisley,EON Energy,100.81 ,Cleaning
2026-01-06,The Ship Inn - Oban,Brakes,£381.01,Soft Drinks
29/03/2026,Royal Oak - Paisley,Booker Ltd,48.91,Maintenance
04/02/2026,The Anchor - Perth,Diageo Ltd,379.78,Supplies
31/03/2026,Queens Head - Aberdeen,BRAKES UK,495.91,Alcohol
10/02/2026,Queens Head - Aberdeen,Brakes Catering,1204.00,Alcohol
2/14/2026,Fox & Hound - Hamilton,Bidfood,408.28,Supplies
04/02/2026,Red Lion - Glasgow,BritishGas,2558.47,Alcohol
23/03/2026,The Anchor - Perth,CocaCola,£161.02,Maintenance
3/16/2026,Black Bull - Dundee,Brakes,342.38,Soft Drinks
2026-04-24,Red Lion - Glasgow,BOOKER,-360.22,Supplies
31/03/2026,The Ship Inn - Oban,Booker Wholesale,758.30,Food
02/04/2026,Fox & Hound - Hamilton,Diageo PLC,-43.71,Maintenance
07/04/2026,Queens Head - Aberdeen,Brakes Catering,£1132.20,Food
2026-01-22,The Ship Inn - Oban,Scottish Water,304.63,Soft Drinks
2026-02-17,The Anchor - Perth,Local Butcher,303.42,Food
2026-02-13,White Hart - Inverness,Coca Cola Europacific,404.65,Soft Drinks
2026-03-28,Royal Oak - Paisley,Amazon Business,44.69,Supplies
2026-01-18,Queens Head - Aberdeen,Heineken UK,412.52,Cleaning
2026-04-13,Royal Oak - Paisley,Coca Cola Europacific,233.22,Supplies
2026-02-09,White Hart - Inverness,BT PLC,460.41,Utilities
4/13/2026,The Anchor - Perth,Amazon Business,159.40,Cleaning
2026-04-09,Fox & Hound - Hamilton,Makro,406.14,Supplies
2026-04-03,Royal Oak - Paisley,Coca Cola,-148.13 ,Cleaning
2026-02-27,The Plough - Falkirk,LocalButcher,99.76,Cleaning
21/01/2026,Kings Arms - Edinburgh,brakes catering,£1290.18,Food
2026-01-16,The Ship Inn - Oban,Scottish Water,£355.92,Utilities
1/12/2026,The Anchor - Perth,HEINEKEN,£680.21,Alcohol
13/01/2026,White Hart - Inverness,BritishGas,331.34,Maintenance
2026-04-03,Queens Head - Aberdeen,Diageo PLC,294.81,Soft Drinks
2026-01-06,Black Bull - Dundee,Brakes,211.81,Cleaning
3/13/2026,White Hart - Inverness,Brakes,158.60,Utilities
2/8/2026,The Ship Inn - Oban,Brakes Catering,429.54,Utilities
30/04/2026,Royal Oak - Paisley,JJ Food Service,2245.14,Alcohol
19/04/2026,Royal Oak - Paisley,Brakes,£106.42,Supplies
09/03/2026,The Anchor - Perth,Brakes Catering,392.22,Maintenance
06/03/2026,The Anchor - Perth,Coca Cola,358.37,Soft Drinks
02/03/2026,The Swan - Ayr,Amazon,£420.99,Alcohol
1/10/2026,The Ship Inn - Oban,Amazon,96.88,Supplies
2026-01-11,Kings Arms - Edinburgh,JJFood Service,102.98,Supplies
4/3/2026,The Ship Inn - Oban,Local Bakery,380.97 ,Utilities
26/03/2026,The Plough - Falkirk,JJ Food Service,570.15,Alcohol
2026-02-23,White Hart - Inverness,Brakes Catering,278.96,Supplies
2/11/2026,Red Lion - Glasgow,Local Butcher,386.87,Cleaning
09/02/2026,Queens Head - Aberdeen,JJ Foods,536.69,Utilities
3/2/2026,Fox & Hound - Hamilton,Amazon,359.74,Utilities
01/04/2026,Red Lion - Glasgow,EON Energy,279.91,Utilities
2/1/2026,Kings Arms - Edinburgh,Local Butcher,192.41,Cleaning
28/02/2026,The Swan - Ayr,Heineken UK,2594.32,Alcohol
2026-03-02,The Crown - Stirling,HEINEKEN,409.79,Cleaning
04/01/2026,Red Lion - Glasgow,E.ON,416.96,Food
2026-01-09,White Hart - Inverness,JJ Food Service,433.53,Utilities
2026-01-30,Red Lion - Glasgow,DIAGEO,229.55,Soft Drinks
04/02/2026,The Ship Inn - Oban,Coca Cola Europacific,533.75,Utilities
18/03/2026,Red Lion - Glasgow,Brakes,721.28,Food
29/01/2026,The Ship Inn - Oban,Amazon Business,384.28,Supplies
2026-04-12,The Crown - Stirling,DIAGEO,324.94,Cleaning
3/30/2026,The Plough - Falkirk,DIAGEO,387.58,Cleaning
20/04/2026,Queens Head - Aberdeen,Scottish Water,171.33,Utilities
4/22/2026,Royal Oak - Paisley,Diageo PLC,£43.72,Cleaning
2026-01-05,The Plough - Falkirk,Amazon,587.97,Utilities
12/04/2026,Red Lion - Glasgow,Booker Ltd,1316.30 ,Food
21/04/2026,Black Bull - Dundee,Local Butcher,£145.35,Cleaning
2026-03-03,The Swan - Ayr,Heineken UK,£839.15,Food
2026-04-05,The Swan - Ayr,HEINEKEN,1059.98,Alcohol
2/18/2026,The Ship Inn - Oban,Amazon Business,150.29,Food
26/01/2026,The Anchor - Perth,EON Energy,452.40,Food
06/04/2026,Red Lion - Glasgow,E.ON,123.20,Cleaning
2026-01-06,Royal Oak - Paisley,BRAKES UK,-561.51,Alcohol
2026-03-12,Fox & Hound - Hamilton,Bidfood,£745.37,Alcohol
19/01/2026,The Ship Inn - Oban,EON Energy,275.09,Maintenance
21/03/2026,Fox & Hound - Hamilton,Booker Wholesale,£249.60,Maintenance
2/26/2026,The Anchor - Perth,Diageo Ltd,214.60,Maintenance
3/28/2026,Fox & Hound - Hamilton,brakes uk,192.22,Maintenance
4/29/2026,Fox & Hound - Hamilton,Makro,-£118.03,Maintenance
2026-02-20,The Swan - Ayr,brakes uk,248.30,Cleaning
19/03/2026,Red Lion - Glasgow,Amazon,57.30,Maintenance
1/15/2026,The Crown - Stirling,Heineken UK Ltd,£297.36,Utilities
09/03/2026,Red Lion - Glasgow,BT PLC,62.38,Maintenance
18/03/2026,Black Bull - Dundee,BRAKESUK,1230.70,Food
12/01/2026,Royal Oak - Paisley,JJ Foods,701.73,Food
4/7/2026,The Swan - Ayr,BT PLC,443.93,Utilities
2026-02-04,The Anchor - Perth,EON Energy,419.70,Soft Drinks
2026-04-01,Fox & Hound - Hamilton,JJ Foods,£219.90,Cleaning
2026-03-13,Black Bull - Dundee,E.ON,579.34,Food
2026-01-19,The Plough - Falkirk,Local Fishmonger,£321.14,Utilities
2/28/2026,The Plough - Falkirk,Diageo PLC,£90.94,Soft Drinks
2026-01-01,Red Lion - Glasgow,DIAGEO,£1285.68,Alcohol
2/18/2026,The Plough - Falkirk,Local Butcher,175.30,Maintenance
3/9/2026,Black Bull - Dundee,costco uk,386.70,Supplies
2026-04-15,The Ship Inn - Oban,Coca Cola Europacific,2492.82,Alcohol
1/17/2026,White Hart - Inverness,heineken uk,1359.80,Alcohol
2/7/2026,Royal Oak - Paisley,DIAGEO,1312.83,Food
2/22/2026,Red Lion - Glasgow,British Gas,£519.82,Utilities
2026-03-16,Queens Head - Aberdeen,Bidfood,£1363.11,Alcohol
4/22/2026,The Swan - Ayr,coca cola,316.86,Utilities
24/01/2026,Fox & Hound - Hamilton,Diageo Ltd,133.11,Utilities
4/24/2026,Black Bull - Dundee,local fishmonger,£35.55,Supplies
09/04/2026,The Ship Inn - Oban,JJ Food Service,39.35,Cleaning
4/20/2026,Queens Head - Aberdeen,BOOKER,-£284.38,Cleaning
2026-04-21,Royal Oak - Paisley,EONEnergy,£824.31,Food
2026-04-16,The Swan - Ayr,Local Fishmonger,-459.23,Utilities
2026-03-01,The Swan - Ayr,DIAGEO,1485.56,Alcohol
2/28/2026,Queens Head - Aberdeen,E.ON,2737.04,Alcohol
02/04/2026,The Swan - Ayr,BT PLC,200.63,Maintenance
18/02/2026,The Ship Inn - Oban,Brakes Catering,257.31,Cleaning
2026-01-05,Queens Head - Aberdeen,Amazon,136.97,Utilities
2026-01-07,Queens Head - Aberdeen,Diageo Ltd,166.85,Utilities
1/21/2026,The Crown - Stirling,makro,363.04,Food
13/04/2026,The Swan - Ayr,EON Energy,1445.25,Alcohol
2026-02-14,Fox & Hound - Hamilton,Costco UK,413.03,Utilities
1/3/2026,The Anchor - Perth,local fishmonger,284.75,Maintenance
2026-04-08,Queens Head - Aberdeen,Bidfood,159.50,Maintenance
26/03/2026,The Crown - Stirling,scottish water,£737.94,Food
2026-01-15,Kings Arms - Edinburgh,BOOKER,£241.50,Maintenance
2026-04-09,The Anchor - Perth,JJ Food Service,813.95,Food
2026-03-17,The Ship Inn - Oban,Local Butcher,36.08,Cleaning
2026-04-04,Red Lion - Glasgow,Costco UK,204.26,Maintenance
06/02/2026,Fox & Hound - Hamilton,Amazon,£227.92 ,Maintenance
2026-02-06,Royal Oak - Paisley,Booker Wholesale,144.41,Cleaning
2026-03-08,The Crown - Stirling,Coca Cola Europacific,£86.71,Soft Drinks
19/02/2026,Queens Head - Aberdeen,Local Fishmonger,45.13,Cleaning
2026-02-20,White Hart - Inverness,Booker Wholesale,350.99,Maintenance
05/03/2026,Fox & Hound - Hamilton,JJ Food Service,58.50,Soft Drinks
2/20/2026,The Swan - Ayr,Local Fishmonger,412.26,Utilities
1/4/2026,The Plough - Falkirk,Heineken UK Ltd,1123.94,Food
3/14/2026,The Plough - Falkirk,Scottish Water,£1314.52,Food
2/12/2026,The Plough - Falkirk,Brakes Catering,173.15,Cleaning
4/22/2026,Fox & Hound - Hamilton,Costco UK,£79.29,Maintenance
21/03/2026,Fox & Hound - Hamilton,DIAGEO,423.20,Utilities
07/02/2026,White Hart - Inverness,Heineken UK Ltd,333.08,Supplies
3/17/2026,Fox & Hound - Hamilton,coca cola,41.86,Supplies
27/04/2026,Royal Oak - Paisley,E.ON,213.67,Supplies
2026-01-29,Kings Arms - Edinburgh,EON Energy,1588.13,Alcohol
25/01/2026,Queens Head - Aberdeen,E.ON,219.58,Utilities
2026-01-05,Queens Head - Aberdeen,Coca Cola,199.86,Soft Drinks
1/31/2026,Black Bull - Dundee,Costco UK,479.25,Food
3/4/2026,Fox & Hound - Hamilton,HEINEKEN,400.89,Cleaning
3/13/2026,Black Bull - Dundee,heineken,123.88,Utilities
2026-03-04,Royal Oak - Paisley,Coca Cola Europacific,323.93,Utilities
14/03/2026,The Crown - Stirling,DIAGEO,£291.24,Cleaning
3/11/2026,White Hart - Inverness,Costco UK,334.67,Soft Drinks
30/01/2026,The Ship Inn - Oban,EON Energy,248.94,Maintenance
2026-04-25,Red Lion - Glasgow,Booker Ltd,300.22,Maintenance
09/01/2026,The Plough - Falkirk,BT PLC,246.58,Supplies
4/30/2026,Black Bull - Dundee,Coca Cola Europacific,38.72,Soft Drinks
31/03/2026,The Ship Inn - Oban,Diageo Ltd,323.68,Food
04/02/2026,White Hart - Inverness,Brakes,£232.00,Cleaning
2026-04-10,The Anchor - Perth,EON Energy,£1790.94,Alcohol
2026-02-19,Royal Oak - Paisley,DIAGEO,£515.80,Utilities
3/6/2026,Queens Head - Aberdeen,heineken uk ltd,1490.41,Alcohol
20/03/2026,Kings Arms - Edinburgh,Diageo Ltd,£1264.22,Alcohol
2026-04-23,The Plough - Falkirk,Local Butcher,70.18,Supplies
16/01/2026,White Hart - Inverness,BookerLtd,£254.39,Supplies
11/03/2026,Fox & Hound - Hamilton,British Gas,£35.23,Soft Drinks
08/04/2026,White Hart - Inverness,BT PLC,371.18,Soft Drinks
2/14/2026,Red Lion - Glasgow,Local Butcher,-116.29,Cleaning
2026-03-26,Queens Head - Aberdeen,Local Butcher,274.77,Soft Drinks
21/03/2026,Queens Head - Aberdeen,BookerLtd,124.10,Utilities
2/23/2026,Queens Head - Aberdeen,JJ Foods,-£125.34,Utilities
2026-02-27,Royal Oak - Paisley,British Gas,145.79,Cleaning
2026-04-25,The Swan - Ayr,Bidfood,1700.49,Alcohol
2026-01-07,The Plough - Falkirk,BRAKES UK,1030.63,Alcohol
18/04/2026,The Ship Inn - Oban,Makro,£51.69,Soft Drinks
2026-04-19,Red Lion - Glasgow,Costco UK,231.74,Maintenance
3/6/2026,Royal Oak - Paisley,DiageoLtd,£2462.31,Alcohol
2026-04-22,Queens Head - Aberdeen,scottish water,£81.51,Soft Drinks
4/30/2026,Red Lion - Glasgow,Diageo PLC,£206.83 ,Cleaning
2026-02-25,Red Lion - Glasgow,BookerWholesale,241.42,Supplies
28/03/2026,Queens Head - Aberdeen,e.on,1051.26,Alcohol
05/04/2026,White Hart - Inverness,Coca Cola,587.09,Utilities
2026-04-14,Red Lion - Glasgow,BT PLC,59.68,Soft Drinks
14/04/2026,Fox & Hound - Hamilton,HEINEKEN,41.93 ,Maintenance
1/10/2026,White Hart - Inverness,BOOKER,£192.31,Cleaning
3/6/2026,Queens Head - Aberdeen,Amazon,108.07,Cleaning
27/02/2026,The Ship Inn - Oban,heineken uk ltd,2738.04,Alcohol
05/03/2026,The Swan - Ayr,British Gas,£418.26,Maintenance
2026-02-21,Queens Head - Aberdeen,Costco UK,2030.35,Alcohol
2026-01-03,Fox & Hound - Hamilton,HEINEKEN,-366.11,Utilities
2026-02-22,The Anchor - Perth,Coca Cola,403.20,Soft Drinks
3/29/2026,Black Bull - Dundee,Amazon Business,271.31,Cleaning
2/19/2026,The Plough - Falkirk,BOOKER,£606.11,Alcohol
22/04/2026,Royal Oak - Paisley,Makro,469.19,Food
2026-04-10,The Swan - Ayr,Scottish Water,-£2835.45,Alcohol
27/02/2026,The Swan - Ayr,BookerWholesale,110.46,Supplies
2026-03-17,Black Bull - Dundee,Amazon,294.86,Soft Drinks
1/15/2026,The Anchor - Perth,amazonbusiness,145.98,Cleaning
01/04/2026,The Ship Inn - Oban,Coca Cola Europacific,203.86,Maintenance
2026-04-29,White Hart - Inverness,Booker Wholesale,550.63,Utilities
22/01/2026,Red Lion - Glasgow,DIAGEO,-1076.72,Food
2026-01-07,The Plough - Falkirk,JJ Foods,£231.74,Soft Drinks
2/14/2026,Black Bull - Dundee,Makro,276.63 ,Cleaning
2026-03-17,Black Bull - Dundee,Coca Cola,302.70,Maintenance
2026-01-09,Fox & Hound - Hamilton,JJ Food Service,801.15,Food
2026-04-06,The Ship Inn - Oban,Coca Cola Europacific,511.58,Utilities
1/24/2026,Red Lion - Glasgow,Amazon,£544.63,Alcohol
2026-01-16,Queens Head - Aberdeen,Scottish Water,275.21,Cleaning
4/10/2026,Kings Arms - Edinburgh,British Gas,£266.24,Supplies
4/22/2026,Fox & Hound - Hamilton,Local Fishmonger,1124.28,Alcohol
1/13/2026,White Hart - Inverness,JJ Food Service,£308.86,Utilities
3/20/2026,The Swan - Ayr,JJ Food Service,£34.01,Soft Drinks
4/23/2026,The Plough - Falkirk,Makro,1249.21,Alcohol
2/17/2026,White Hart - Inverness,Heineken UK,2128.34,Alcohol
3/13/2026,Queens Head - Aberdeen,Local Butcher,282.71,Cleaning
2/4/2026,The Crown - Stirling,Local Butcher,£435.10,Food
3/30/2026,Red Lion - Glasgow,Heineken UK Ltd,£34.55,Supplies
04/02/2026,The Anchor - Perth,EON Energy,612.98,Alcohol
2026-02-21,The Plough - Falkirk,British Gas,407.93,Soft Drinks
2026-01-12,Fox & Hound - Hamilton,BOOKER,£50.48,Supplies
3/5/2026,The Crown - Stirling,Local Fishmonger,£340.95,Supplies
2/18/2026,The Swan - Ayr,diageo plc,190.25,Utilities
2026-02-21,Black Bull - Dundee,Booker Ltd,204.97,Cleaning
3/18/2026,The Plough - Falkirk,ScottishWater,188.47 ,Soft Drinks
2026-04-06,The Ship Inn - Oban,Coca Cola Europacific,51.75,Maintenance
2026-01-10,The Crown - Stirling,British Gas,784.54,Food
23/03/2026,The Plough - Falkirk,Amazon Business,1184.99,Food
04/01/2026,Royal Oak - Paisley,Costco UK,86.59,Soft Drinks
4/10/2026,Red Lion - Glasgow,Costco UK,£358.35,Maintenance
19/01/2026,The Swan - Ayr,Amazon Business,2581.25,Alcohol
2026-03-24,Black Bull - Dundee,E.ON,417.90,Soft Drinks
26/01/2026,Kings Arms - Edinburgh,Diageo Ltd,762.05,Food
05/03/2026,Kings Arms - Edinburgh,BOOKER,1815.85,Alcohol
04/03/2026,White Hart - Inverness,British Gas,399.60,Soft Drinks
2026-01-10,Black Bull - Dundee,Booker Wholesale,67.82,Maintenance
2026-01-09,Fox & Hound - Hamilton,Local Fishmonger,545.94,Utilities
2026-01-04,Fox & Hound - Hamilton,Booker Ltd,£417.42,Maintenance
2/27/2026,White Hart - Inverness,Local Bakery,£662.05,Food
2026-04-12,Red Lion - Glasgow,BOOKER,117.32,Soft Drinks
03/04/2026,The Swan - Ayr,BRAKES UK,148.92,Soft Drinks
2/15/2026,Red Lion - Glasgow,Heineken UK,£2215.70,Alcohol
2026-03-20,Red Lion - Glasgow,BOOKER,2143.48,Alcohol
01/01/2026,The Plough - Falkirk,British Gas,82.79,Supplies
23/01/2026,White Hart - Inverness,JJ Foods,-£144.74 ,Supplies
2026-01-25,Black Bull - Dundee,Diageo Ltd,708.47,Food
09/01/2026,The Anchor - Perth,Coca Cola,51.28,Maintenance
23/01/2026,Fox & Hound - Hamilton,British Gas,£149.96,Utilities
01/01/2026,The Plough - Falkirk,Amazon Business,£142.93,Soft Drinks
3/21/2026,Queens Head - Aberdeen,Local Fishmonger,348.04,Utilities
4/30/2026,The Ship Inn - Oban,Amazon Business,148.07,Soft Drinks
2/25/2026,Red Lion - Glasgow,Local Fishmonger,£312.70,Supplies
2026-02-17,Black Bull - Dundee,LocalButcher,126.47,Maintenance
05/03/2026,The Ship Inn - Oban,HEINEKEN,337.49,Supplies
2/7/2026,Black Bull - Dundee,AmazonBusiness,348.22,Soft Drinks
4/23/2026,The Swan - Ayr,Local Bakery,-762.13,Food
2026-04-13,Queens Head - Aberdeen,Heineken UK,-260.29,Maintenance
2/15/2026,White Hart - Inverness,local bakery,153.60,Supplies
2026-01-23,The Anchor - Perth,Makro,145.08,Soft Drinks
14/03/2026,The Ship Inn - Oban,Brakes Catering,271.24,Soft Drinks
2026-02-01,Red Lion - Glasgow,brakes uk,241.70,Soft Drinks
17/02/2026,The Anchor - Perth,Amazon Business,402.05,Soft Drinks
2026-01-26,The Swan - Ayr,HEINEKEN,243.41,Supplies
3/30/2026,The Swan - Ayr,Brakes Catering,283.12,Utilities
08/02/2026,The Swan - Ayr,Brakes,£400.93,Soft Drinks
02/02/2026,Black Bull - Dundee,Brakes Catering,669.49 ,Food
2/24/2026,The Crown - Stirling,JJ Food Service,229.30,Supplies
3/9/2026,The Plough - Falkirk,Makro,989.47,Food
2026-02-05,The Swan - Ayr,ScottishWater,£174.76 ,Cleaning
17/04/2026,The Swan - Ayr,Amazon Business,-425.76,Food
05/02/2026,Queens Head - Aberdeen,Diageo PLC,223.21,Food
3/7/2026,The Plough - Falkirk,Booker Ltd,166.33,Supplies
08/03/2026,Black Bull - Dundee,BT PLC,596.41,Food
3/22/2026,The Ship Inn - Oban,Booker Ltd,258.11,Utilities
07/01/2026,Red Lion - Glasgow,British Gas,346.26,Cleaning
06/03/2026,White Hart - Inverness,Makro,£208.76,Soft Drinks
2026-01-18,Kings Arms - Edinburgh,Makro,404.96,Maintenance
2026-02-20,Royal Oak - Paisley,Amazon,220.43,Cleaning
4/25/2026,The Crown - Stirling,JJ Foods,203.07,Soft Drinks
4/1/2026,The Swan - Ayr,Amazon Business,393.89,Supplies
2026-01-15,Fox & Hound - Hamilton,Local Fishmonger,£428.22,Soft Drinks
13/04/2026,The Swan - Ayr,Diageo Ltd,230.80,Supplies
20/04/2026,Queens Head - Aberdeen,E.ON,87.01,Soft Drinks
29/03/2026,Black Bull - Dundee,E.ON,146.23,Cleaning
2026-02-09,Black Bull - Dundee,BRAKES UK,£2072.54,Alcohol
07/03/2026,Kings Arms - Edinburgh,Local Bakery,379.93,Utilities
2026-03-21,Red Lion - Glasgow,Heineken UK Ltd,164.61,Supplies
4/27/2026,Queens Head - Aberdeen,JJ Food Service,412.03,Cleaning
2026-04-26,The Ship Inn - Oban,Makro,1717.25,Alcohol
05/01/2026,Kings Arms - Edinburgh,Bidfood,165.98,Soft Drinks
1/26/2026,Royal Oak - Paisley,diageo,211.35,Soft Drinks
2/7/2026,Black Bull - Dundee,Booker Wholesale,177.31,Cleaning
2026-04-09,The Crown - Stirling,Local Fishmonger,296.91,Maintenance
25/03/2026,The Anchor - Perth,Costco UK,381.62,Supplies
2026-04-20,The Ship Inn - Oban,Coca Cola,£1688.09,Alcohol
14/04/2026,The Anchor - Perth,Booker Wholesale,293.24,Utilities
05/04/2026,The Anchor - Perth,Brakes,2198.87 ,Alcohol
1/6/2026,White Hart - Inverness,BritishGas,353.94,Maintenance
10/02/2026,Kings Arms - Edinburgh,JJ Food Service,532.75,Food
2026-03-03,The Crown - Stirling,Diageo Ltd,£379.60,Soft Drinks
1/21/2026,The Plough - Falkirk,BRAKES UK,269.67,Maintenance
2/13/2026,The Ship Inn - Oban,Scottish Water,455.79,Alcohol
2026-01-09,The Ship Inn - Oban,diageo ltd,£2729.28,Alcohol
04/04/2026,Fox & Hound - Hamilton,HEINEKEN,213.80,Utilities
05/04/2026,White Hart - Inverness,Makro,1580.53,Alcohol
2026-03-09,The Ship Inn - Oban,Costco UK,171.95,Maintenance
12/01/2026,Royal Oak - Paisley,Booker Wholesale,£282.67,Utilities
2026-03-05,The Swan - Ayr,JJ Foods,122.31 ,Supplies
05/03/2026,Red Lion - Glasgow,EONEnergy,125.39,Cleaning
1/13/2026,Kings Arms - Edinburgh,JJ Food Service,254.39,Utilities
23/03/2026,The Crown - Stirling,Scottish Water,359.05,Supplies
19/04/2026,Black Bull - Dundee,Booker Ltd,450.47,Utilities
1/2/2026,Kings Arms - Edinburgh,Brakes Catering,666.94,Food
2026-04-29,Royal Oak - Paisley,Scottish Water,499.61,Utilities
17/03/2026,The Swan - Ayr,Booker Wholesale,355.25,Soft Drinks
2/27/2026,Queens Head - Aberdeen,Local Butcher,318.51,Soft Drinks
3/5/2026,The Ship Inn - Oban,Heineken UK,£273.30,Supplies
2026-03-24,White Hart - Inverness,brakes catering,£263.76,Cleaning
3/30/2026,The Anchor - Perth,Booker Ltd,2125.06,Alcohol
2026-04-03,The Swan - Ayr,HEINEKEN,399.36,Cleaning
2026-04-11,The Ship Inn - Oban,Brakes,332.42,Utilities
2026-02-14,The Plough - Falkirk,Coca Cola,164.13,Soft Drinks
2026-01-04,Kings Arms - Edinburgh,Brakes Catering,1789.42,Alcohol
17/04/2026,The Ship Inn - Oban,Coca Cola,390.12,Supplies
11/02/2026,The Swan - Ayr,HeinekenUK,529.80,Utilities
2026-04-21,Red Lion - Glasgow,heineken uk ltd,195.80,Utilities
4/4/2026,The Crown - Stirling,Brakes,£130.67,Soft Drinks
21/03/2026,White Hart - Inverness,Local Butcher,415.94,Soft Drinks
2/15/2026,Queens Head - Aberdeen,Heineken UK Ltd,401.32,Supplies
2026-03-26,Royal Oak - Paisley,British Gas,£2297.92,Alcohol
2/25/2026,The Ship Inn - Oban,Local Fishmonger,88.68,Maintenance
08/02/2026,White Hart - Inverness,E.ON,£502.14,Food
3/4/2026,The Ship Inn - Oban,Scottish Water,£58.60,Soft Drinks
3/2/2026,Fox & Hound - Hamilton,DIAGEO,36.34,Supplies
31/03/2026,The Crown - Stirling,Local Butcher,2016.05,Alcohol
2/2/2026,The Swan - Ayr,Local Bakery,279.25,Maintenance
4/8/2026,White Hart - Inverness,brakes uk,£587.87,Utilities
2026-03-04,The Swan - Ayr,scottish water,2035.11,Alcohol
2026-02-27,Royal Oak - Paisley,EON Energy,252.06,Cleaning
4/23/2026,Fox & Hound - Hamilton,Local Butcher,£262.44,Cleaning
4/26/2026,Fox & Hound - Hamilton,Bidfood,114.33 ,Supplies
24/02/2026,Kings Arms - Edinburgh,Diageo Ltd,400.64,Soft Drinks
1/5/2026,White Hart - Inverness,BRAKES UK,-£2548.67,Alcohol
2026-03-10,The Swan - Ayr,Costco UK,£929.90 ,Food
2026-02-18,Kings Arms - Edinburgh,Diageo Ltd,£239.93,Soft Drinks
25/03/2026,The Anchor - Perth,Local Fishmonger,406.59,Food
30/04/2026,Red Lion - Glasgow,Scottish Water,277.79,Food
2026-01-13,The Anchor - Perth,EONEnergy,145.00,Supplies
19/04/2026,The Ship Inn - Oban,EON Energy,£1799.74,Alcohol
06/04/2026,Fox & Hound - Hamilton,Bidfood,240.71 ,Cleaning
2026-01-27,Kings Arms - Edinburgh,coca cola,£1057.22,Food
2026-01-22,Queens Head - Aberdeen,BOOKER,193.33,Supplies
2026-01-30,The Ship Inn - Oban,Brakes Catering,279.79,Maintenance
2/16/2026,The Plough - Falkirk,Booker Ltd,215.02,Soft Drinks
02/04/2026,Royal Oak - Paisley,Makro,714.74,Food
22/04/2026,Royal Oak - Paisley,Local Bakery,2806.09,Alcohol
17/02/2026,The Anchor - Perth,BOOKER,£254.69,Cleaning
16/01/2026,Queens Head - Aberdeen,EON Energy,185.99,Supplies
2/27/2026,Royal Oak - Paisley,Heineken UK,1108.59,Food
16/01/2026,Royal Oak - Paisley,EON Energy,120.56,Utilities
19/02/2026,The Anchor - Perth,JJ Foods,394.87,Maintenance
20/01/2026,Red Lion - Glasgow,Diageo Ltd,1645.21 ,Alcohol
3/28/2026,White Hart - Inverness,jj food service,1088.56,Food
2026-03-06,Black Bull - Dundee,DIAGEO,1068.91,Food
2026-01-02,The Crown - Stirling,E.ON,£2208.27,Alcohol
2026-01-24,White Hart - Inverness,costco uk,118.28,Cleaning
13/04/2026,The Swan - Ayr,DIAGEO,182.51,Cleaning
2026-01-18,The Crown - Stirling,Booker Ltd,£204.66,Soft Drinks
2026-02-03,The Plough - Falkirk,Local Butcher,414.79,Supplies
2026-04-16,The Swan - Ayr,LocalBakery,-124.12,Maintenance
2/9/2026,Royal Oak - Paisley,British Gas,2758.03,Alcohol
4/9/2026,White Hart - Inverness,Scottish Water,1339.95 ,Food
2/7/2026,Queens Head - Aberdeen,JJ Foods,£399.64,Supplies
26/04/2026,Fox & Hound - Hamilton,Amazon,1821.30,Alcohol
2026-04-10,The Swan - Ayr,BRAKES UK,224.13 ,Cleaning
1/13/2026,The Anchor - Perth,BT PLC,£382.19,Maintenance
2026-03-07,The Swan - Ayr,Heineken UK,505.64,Utilities
2/2/2026,The Anchor - Perth,Amazon Business,377.25,Cleaning
4/13/2026,The Ship Inn - Oban,BRAKES UK,1021.47,Food
21/04/2026,The Plough - Falkirk,BritishGas,£339.68,Soft Drinks
07/02/2026,Royal Oak - Paisley,Local Fishmonger,-243.47,Soft Drinks
2026-04-12,The Anchor - Perth,Brakes,110.39 ,Cleaning
1/13/2026,Kings Arms - Edinburgh,Local Bakery,£352.55,Supplies
4/20/2026,Fox & Hound - Hamilton,Booker Wholesale,428.28,Cleaning
4/13/2026,Royal Oak - Paisley,Coca Cola,-302.57,Cleaning
2/19/2026,The Crown - Stirling,Amazon,415.90,Soft Drinks
07/02/2026,White Hart - Inverness,jj foods,888.84,Food
2026-04-26,The Ship Inn - Oban,Diageo PLC,113.19,Cleaning
4/28/2026,The Ship Inn - Oban,Brakes Catering,606.32 ,Food
2026-04-24,The Plough - Falkirk,DIAGEO,£68.14,Maintenance
2026-03-25,The Swan - Ayr,BT PLC,414.90,Cleaning
2/12/2026,Kings Arms - Edinburgh,Coca Cola Europacific,223.72,Cleaning
2026-04-12,Fox & Hound - Hamilton,Diageo PLC,£589.26,Utilities
27/04/2026,The Anchor - Perth,Coca Cola,328.47 ,Supplies
10/02/2026,Queens Head - Aberdeen,Booker Wholesale,232.61,Cleaning
2026-04-20,The Anchor - Perth,DIAGEO,2314.47,Alcohol
2026-01-10,The Swan - Ayr,Costco UK,2792.03,Alcohol
1/8/2026,Black Bull - Dundee,BrakesCatering,£270.86,Supplies
29/01/2026,Kings Arms - Edinburgh,Local Bakery,1584.24,Alcohol
4/20/2026,The Ship Inn - Oban,HEINEKEN,40.69,Soft Drinks
2026-01-30,Royal Oak - Paisley,Booker Wholesale,276.91,Soft Drinks
2026-04-21,Royal Oak - Paisley,Bidfood,337.74,Maintenance
2026-01-23,The Crown - Stirling,Heineken UK,496.19,Food
2026-02-07,Kings Arms - Edinburgh,Local Fishmonger,£116.24,Utilities
4/4/2026,Fox & Hound - Hamilton,AmazonBusiness,168.35,Food
3/19/2026,White Hart - Inverness,coca cola,48.39,Soft Drinks
4/20/2026,The Crown - Stirling,Amazon,760.06,Food
2/17/2026,Fox & Hound - Hamilton,Bidfood,2582.97,Alcohol
4/9/2026,The Plough - Falkirk,Coca Cola,696.13,Food
3/18/2026,Black Bull - Dundee,BT PLC,£198.78,Soft Drinks
3/22/2026,The Ship Inn - Oban,HEINEKEN,£413.05,Cleaning
13/02/2026,Red Lion - Glasgow,Diageo Ltd,158.22,Utilities
2026-03-06,Red Lion - Glasgow,coca cola,251.08,Utilities
2026-02-18,Royal Oak - Paisley,Coca Cola Europacific,198.21,Supplies
10/01/2026,The Swan - Ayr,Brakes Catering,156.41,Supplies
04/01/2026,The Crown - Stirling,Brakes,393.52,Utilities
2026-03-19,Fox & Hound - Hamilton,Makro,£231.43,Soft Drinks
01/04/2026,Red Lion - Glasgow,BT PLC,271.77,Food
4/22/2026,Black Bull - Dundee,Heineken UK,105.87,Utilities
4/10/2026,The Ship Inn - Oban,Makro,179.97,Cleaning
4/15/2026,White Hart - Inverness,Diageo Ltd,240.62,Maintenance
05/02/2026,The Crown - Stirling,BT PLC,£633.50,Alcohol
29/01/2026,Kings Arms - Edinburgh,heineken uk,898.88,Food
2026-02-02,The Anchor - Perth,Scottish Water,-2054.88,Alcohol
2/24/2026,The Swan - Ayr,Coca Cola Europacific,2805.17,Alcohol
2026-03-28,Red Lion - Glasgow,ScottishWater,165.71,Supplies
2026-01-04,Red Lion - Glasgow,Heineken UK,455.85,Utilities
08/04/2026,The Swan - Ayr,BT PLC,£171.33,Maintenance
12/02/2026,Fox & Hound - Hamilton,BT PLC,-542.84,Food
04/04/2026,Royal Oak - Paisley,Scottish Water,225.68,Food
2/23/2026,White Hart - Inverness,Coca Cola Europacific,109.13,Soft Drinks
4/12/2026,Red Lion - Glasgow,brakes uk,112.13,Maintenance
2026-03-29,Fox & Hound - Hamilton,BRAKES UK,105.99,Cleaning
4/12/2026,Kings Arms - Edinburgh,Local Butcher,2407.26,Alcohol
3/8/2026,The Swan - Ayr,Coca Cola,228.71,Food
22/01/2026,Red Lion - Glasgow,Coca Cola Europacific,2494.70,Alcohol
3/13/2026,The Ship Inn - Oban,Coca Cola Europacific,£1585.37,Alcohol
11/02/2026,The Anchor - Perth,Local Butcher,£326.03,Cleaning
2026-04-13,Kings Arms - Edinburgh,BOOKER,-£426.15,Maintenance
01/02/2026,Fox & Hound - Hamilton,EON Energy,2428.20,Alcohol
2/23/2026,Queens Head - Aberdeen,BRAKESUK,202.74,Maintenance
2026-02-08,Black Bull - Dundee,Costco UK,567.84,Food
3/4/2026,The Swan - Ayr,Diageo Ltd,560.30,Utilities
16/03/2026,The Anchor - Perth,Brakes,457.14,Food
4/30/2026,Queens Head - Aberdeen,AmazonBusiness,171.77,Supplies
22/04/2026,Kings Arms - Edinburgh,Brakes,252.06,Soft Drinks
19/03/2026,Royal Oak - Paisley,Heineken UK,75.23,Soft Drinks
2026-01-17,The Anchor - Perth,Local Butcher,1402.21,Alcohol
01/03/2026,Black Bull - Dundee,Booker Ltd,392.15,Supplies
11/02/2026,Fox & Hound - Hamilton,Local Butcher,427.80,Cleaning
2/23/2026,The Plough - Falkirk,Booker Wholesale,430.27,Food
1/1/2026,Black Bull - Dundee,Heineken UK Ltd,315.31,Maintenance
13/02/2026,Queens Head - Aberdeen,Diageo PLC,90.88,Cleaning
2026-02-01,The Crown - Stirling,Makro,139.83,Soft Drinks
19/01/2026,Red Lion - Glasgow,Scottish Water,423.75 ,Soft Drinks
08/03/2026,The Crown - Stirling,Coca Cola Europacific,£701.18,Alcohol
2026-02-25,Queens Head - Aberdeen,Scottish Water,176.96,Soft Drinks
3/31/2026,The Plough - Falkirk,Heineken UK Ltd,£59.96,Maintenance
2026-01-24,The Crown - Stirling,BRAKES UK,1009.53,Alcohol
13/01/2026,The Plough - Falkirk,JJ Foods,47.94,Cleaning
1/1/2026,Black Bull - Dundee,heineken uk ltd,£334.07,Cleaning
2026-03-05,The Crown - Stirling,Heineken UK Ltd,£553.46,Alcohol
17/03/2026,The Anchor - Perth,bidfood,2541.62,Alcohol
3/25/2026,Red Lion - Glasgow,Coca Cola Europacific,235.05,Maintenance
30/04/2026,Fox & Hound - Hamilton,Amazon Business,268.77,Supplies
4/15/2026,Red Lion - Glasgow,Heineken UK,631.32,Food
2026-02-16,Fox & Hound - Hamilton,Diageo PLC,373.69,Maintenance
3/4/2026,White Hart - Inverness,Makro,£504.84,Alcohol
4/17/2026,Fox & Hound - Hamilton,EONEnergy,392.36,Cleaning
15/02/2026,Royal Oak - Paisley,Coca Cola Europacific,833.68,Food
11/04/2026,Royal Oak - Paisley,Amazon Business,937.90,Food
2026-01-13,The Crown - Stirling,JJ Food Service,£110.31,Cleaning
2026-04-05,Queens Head - Aberdeen,JJFoods,188.14,Supplies
1/24/2026,The Anchor - Perth,Local Fishmonger,246.95,Supplies
26/01/2026,The Anchor - Perth,BT PLC,1061.92,Food
4/27/2026,Black Bull - Dundee,Local Fishmonger,£269.67,Supplies
2026-04-06,The Ship Inn - Oban,E.ON,£53.21,Supplies
2026-03-30,White Hart - Inverness,costco uk,280.90,Maintenance
3/10/2026,Fox & Hound - Hamilton,eon energy,320.61,Cleaning
10/01/2026,White Hart - Inverness,Heineken UK,269.27,Food
4/16/2026,Black Bull - Dundee,JJ Food Service,97.35,Supplies
2026-02-20,White Hart - Inverness,JJ Foods,135.75,Cleaning
2026-01-03,Red Lion - Glasgow,Makro,579.48,Utilities
2026-04-13,The Ship Inn - Oban,costco uk,42.24,Supplies
25/03/2026,The Ship Inn - Oban,BT PLC,£339.10,Soft Drinks
02/03/2026,The Anchor - Perth,HEINEKEN,909.83,Food
2026-01-30,White Hart - Inverness,Bidfood,£238.82,Maintenance
4/6/2026,Royal Oak - Paisley,HEINEKEN,288.61,Cleaning
08/03/2026,Black Bull - Dundee,BT PLC,£59.34,Cleaning
2026-02-23,Red Lion - Glasgow,Local Fishmonger,1937.25,Alcohol
2026-03-06,Red Lion - Glasgow,BRAKES UK,2852.24,Alcohol
03/02/2026,Fox & Hound - Hamilton,DIAGEO,398.64,Cleaning
4/1/2026,Kings Arms - Edinburgh,Makro,812.08,Alcohol
4/6/2026,The Swan - Ayr,Coca Cola Europacific,304.61,Maintenance
4/5/2026,Queens Head - Aberdeen,Booker Wholesale,310.58,Soft Drinks
3/22/2026,The Plough - Falkirk,Local Butcher,89.12,Maintenance
15/03/2026,Fox & Hound - Hamilton,Local Bakery,354.22,Food
2/19/2026,Black Bull - Dundee,Scottish Water,237.25,Supplies
2/6/2026,Black Bull - Dundee,Local Butcher,1046.11,Food
3/2/2026,The Plough - Falkirk,Coca Cola Europacific,411.39,Cleaning
26/01/2026,The Crown - Stirling,Bidfood,187.14,Food
2/7/2026,Kings Arms - Edinburgh,diageo plc,423.43,Food
4/23/2026,Royal Oak - Paisley,Amazon Business,56.71,Cleaning
2/14/2026,The Swan - Ayr,Coca Cola,255.19,Maintenance
26/02/2026,The Ship Inn - Oban,Makro,501.77,Utilities
03/03/2026,The Swan - Ayr,Booker Ltd,415.83,Utilities
27/03/2026,Royal Oak - Paisley,Brakes,144.41,Soft Drinks
2/7/2026,Royal Oak - Paisley,Heineken UK Ltd,£267.18,Soft Drinks
22/04/2026,The Swan - Ayr,jj foods,175.39,Cleaning
2026-02-27,Black Bull - Dundee,local bakery,£306.47,Maintenance
2026-02-06,Fox & Hound - Hamilton,BookerWholesale,96.62,Supplies
10/02/2026,Red Lion - Glasgow,HEINEKEN,70.45,Soft Drinks
2/1/2026,Queens Head - Aberdeen,Brakes,2828.57,Alcohol
2026-03-03,Queens Head - Aberdeen,Diageo PLC,1394.13,Alcohol
06/02/2026,The Crown - Stirling,Diageo Ltd,494.57,Utilities
29/04/2026,Red Lion - Glasgow,heineken uk ltd,200.63 ,Supplies
09/01/2026,The Ship Inn - Oban,DIAGEO,203.34,Cleaning
15/04/2026,The Plough - Falkirk,e.on,£477.30,Utilities
11/03/2026,Royal Oak - Paisley,JJ Food Service,218.48 ,Supplies
07/03/2026,Royal Oak - Paisley,DIAGEO,£419.36,Cleaning
1/11/2026,The Anchor - Perth,Local Butcher,70.21,Maintenance
2/18/2026,Queens Head - Aberdeen,E.ON,£183.06,Utilities
3/9/2026,Black Bull - Dundee,coca cola,881.17,Food
23/03/2026,The Ship Inn - Oban,Diageo Ltd,254.09,Maintenance
2/18/2026,White Hart - Inverness,EONEnergy,1951.80,Alcohol
2026-02-02,White Hart - Inverness,Scottish Water,433.00,Utilities
05/04/2026,The Swan - Ayr,Booker Wholesale,194.22,Maintenance
4/14/2026,White Hart - Inverness,diageo,-930.45,Food
2026-04-03,Kings Arms - Edinburgh,Brakes,454.03,Utilities
3/17/2026,White Hart - Inverness,Diageo PLC,£155.26,Maintenance
1/15/2026,The Crown - Stirling,Diageo PLC,£247.95,Food
2/21/2026,The Crown - Stirling,Costco UK,167.36 ,Supplies
4/9/2026,The Plough - Falkirk,EON Energy,2394.21,Alcohol
23/02/2026,Fox & Hound - Hamilton,BOOKER,1159.73,Alcohol
2026-04-05,The Swan - Ayr,BOOKER,372.64,Cleaning
2026-01-08,The Anchor - Perth,bidfood,£112.55,Soft Drinks
2026-01-09,Fox & Hound - Hamilton,Scottish Water,196.14,Maintenance
2026-01-09,Red Lion - Glasgow,BOOKER,313.33,Food
3/7/2026,Fox & Hound - Hamilton,Diageo Ltd,265.29,Cleaning
2026-02-11,The Swan - Ayr,Scottish Water,564.22,Food
2026-04-27,Fox & Hound - Hamilton,Amazon Business,237.51,Soft Drinks
1/8/2026,The Ship Inn - Oban,Brakes Catering,£367.87,Supplies
2026-02-11,Queens Head - Aberdeen,Booker Ltd,£146.26,Cleaning
07/03/2026,White Hart - Inverness,Heineken UK Ltd,1945.84,Alcohol
2/5/2026,Fox & Hound - Hamilton,Coca Cola Europacific,94.21,Supplies
18/02/2026,The Crown - Stirling,Heineken UK,-£161.01,Soft Drinks
3/12/2026,The Crown - Stirling,Local Bakery,1126.81,Alcohol
18/04/2026,The Swan - Ayr,Scottish Water,572.73,Utilities
3/29/2026,White Hart - Inverness,Brakes Catering,286.62,Soft Drinks
2026-01-15,The Anchor - Perth,Heineken UK,2338.32,Alcohol
4/3/2026,The Plough - Falkirk,Diageo PLC,330.72,Utilities
1/8/2026,The Crown - Stirling,british gas,518.34,Utilities
2026-01-25,White Hart - Inverness,BRAKES UK,483.93,Utilities
4/5/2026,The Crown - Stirling,Booker Ltd,1027.95,Food
2026-04-12,The Ship Inn - Oban,Heineken UK Ltd,137.55,Supplies
2026-04-20,The Anchor - Perth,EON Energy,988.83,Food
2026-03-01,Queens Head - Aberdeen,Amazon Business,-£1049.39,Alcohol
12/04/2026,The Plough - Falkirk,Local Butcher,931.46,Food
2026-04-11,Black Bull - Dundee,Heineken UK,369.66,Utilities
4/23/2026,Fox & Hound - Hamilton,BookerLtd,352.15,Supplies
2026-02-28,The Ship Inn - Oban,Makro,957.52,Food
2/18/2026,The Plough - Falkirk,DiageoPLC,202.16 ,Supplies
2/18/2026,The Plough - Falkirk,Diageo Ltd,£53.65,Cleaning
25/02/2026,Royal Oak - Paisley,booker,175.66,Supplies
2026-02-15,The Ship Inn - Oban,DIAGEO,£245.28,Soft Drinks
2/7/2026,Fox & Hound - Hamilton,Coca Cola Europacific,£243.78,Food
2026-04-20,The Swan - Ayr,Amazon Business,1794.06,Alcohol
21/01/2026,The Plough - Falkirk,BTPLC,£900.73,Alcohol
3/9/2026,The Ship Inn - Oban,EON Energy,402.30,Soft Drinks
2026-03-18,The Plough - Falkirk,Brakes,535.09,Alcohol
2026-03-14,Fox & Hound - Hamilton,Diageo PLC,107.77,Utilities
1/9/2026,White Hart - Inverness,Local Fishmonger,2712.75,Alcohol
2026-04-03,Red Lion - Glasgow,Local Fishmonger,310.97,Cleaning
20/02/2026,The Ship Inn - Oban,BRAKES UK,417.08,Cleaning
2026-03-03,The Swan - Ayr,Brakes,2070.19,Alcohol
3/3/2026,Royal Oak - Paisley,HEINEKEN,118.62,Maintenance
09/04/2026,The Ship Inn - Oban,diageo,1515.69,Alcohol
2/24/2026,The Plough - Falkirk,EON Energy,148.13,Cleaning
11/02/2026,White Hart - Inverness,British Gas,355.25,Maintenance
2026-02-22,The Crown - Stirling,Diageo PLC,308.33,Utilities
2026-03-18,Kings Arms - Edinburgh,Booker Wholesale,385.30,Utilities
3/28/2026,Red Lion - Glasgow,BOOKER,£105.13,Soft Drinks
2/13/2026,The Crown - Stirling,Local Bakery,2577.08 ,Alcohol
31/03/2026,Kings Arms - Edinburgh,British Gas,239.75,Maintenance
19/02/2026,Kings Arms - Edinburgh,Amazon,283.67,Food
13/01/2026,Fox & Hound - Hamilton,Booker Wholesale,£305.72,Soft Drinks
11/01/2026,Royal Oak - Paisley,HEINEKEN,-£347.40,Cleaning
2026-01-11,The Ship Inn - Oban,Local Bakery,£404.90,Maintenance
2026-01-26,Black Bull - Dundee,Booker Wholesale,£351.38,Cleaning
19/02/2026,The Swan - Ayr,JJ Foods,£511.30,Utilities
12/01/2026,Black Bull - Dundee,Costco UK,£401.10,Cleaning
2026-03-15,The Swan - Ayr,Scottish Water,308.97,Soft Drinks
15/02/2026,The Crown - Stirling,JJ Foods,745.52 ,Food
2026-04-07,The Swan - Ayr,JJ Food Service,114.90,Utilities
3/7/2026,Black Bull - Dundee,BRAKES UK,£375.04,Maintenance
23/01/2026,The Anchor - Perth,Brakes Catering,-231.80,Cleaning
2/22/2026,The Ship Inn - Oban,Makro,£46.13,Cleaning
27/01/2026,Queens Head - Aberdeen,Makro,399.82,Utilities
2026-04-16,Royal Oak - Paisley,DIAGEO,2228.66,Alcohol
2026-03-30,Royal Oak - Paisley,HEINEKEN,243.35 ,Cleaning
2026-01-09,Royal Oak - Paisley,Local Bakery,267.85,Supplies
4/13/2026,Red Lion - Glasgow,Heineken UK Ltd,410.12,Cleaning
05/02/2026,Black Bull - Dundee,Heineken UK,393.30 ,Maintenance
01/04/2026,White Hart - Inverness,Local Butcher,£183.28,Cleaning
26/04/2026,The Plough - Falkirk,Booker Ltd,1261.74,Food
1/23/2026,The Plough - Falkirk,Heineken UK Ltd,236.24,Cleaning
2/5/2026,The Anchor - Perth,Costco UK,£393.01,Maintenance
09/01/2026,Red Lion - Glasgow,British Gas,203.14,Cleaning
2026-01-10,The Swan - Ayr,E.ON,367.58,Cleaning
10/04/2026,Royal Oak - Paisley,local butcher,2220.27,Alcohol
4/27/2026,Queens Head - Aberdeen,Makro,£138.09,Maintenance
11/03/2026,The Plough - Falkirk,Brakes,£540.30,Alcohol
31/03/2026,The Swan - Ayr,DIAGEO,189.58,Supplies
2026-01-05,The Plough - Falkirk,BRAKES UK,848.39,Food
13/04/2026,Red Lion - Glasgow,Diageo Ltd,1732.62,Alcohol
2026-01-11,Red Lion - Glasgow,Heineken UK,£276.26,Utilities
2026-03-30,Fox & Hound - Hamilton,JJ Foods,324.22 ,Cleaning
2/15/2026,Kings Arms - Edinburgh,BRAKES UK,£381.16,Soft Drinks
4/29/2026,Royal Oak - Paisley,E.ON,163.44,Supplies
23/03/2026,The Plough - Falkirk,Local Butcher,635.03,Alcohol
2026-04-17,Kings Arms - Edinburgh,CocaCola,204.53,Maintenance
3/2/2026,The Anchor - Perth,Coca Cola,117.96,Utilities
2026-03-27,The Anchor - Perth,HEINEKEN,754.69,Alcohol
07/03/2026,Queens Head - Aberdeen,Scottish Water,71.96 ,Maintenance
2/15/2026,Red Lion - Glasgow,Amazon,2483.04,Alcohol
28/02/2026,Royal Oak - Paisley,Coca Cola,1106.99,Food
2026-04-05,Fox & Hound - Hamilton,Costco UK,635.72,Alcohol
2026-04-08,The Crown - Stirling,Makro,211.08,Maintenance
24/04/2026,The Plough - Falkirk,Brakes,367.71,Food
3/5/2026,The Anchor - Perth,Local Butcher,443.90,Utilities
2026-02-19,Fox & Hound - Hamilton,Local Fishmonger,£168.16,Maintenance
28/01/2026,The Ship Inn - Oban,JJ Foods,376.85,Supplies
3/21/2026,Red Lion - Glasgow,BRAKES UK,500.76,Utilities
2026-04-11,Red Lion - Glasgow,Scottish Water,£42.27,Maintenance
4/14/2026,The Crown - Stirling,JJ Foods,-598.51,Utilities
1/13/2026,Queens Head - Aberdeen,Costco UK,304.71,Soft Drinks
26/03/2026,Queens Head - Aberdeen,Local Bakery,181.52,Food
25/04/2026,The Ship Inn - Oban,DIAGEO,-42.33,Supplies
2026-04-05,The Swan - Ayr,brakes,280.19,Cleaning
2/20/2026,Black Bull - Dundee,BOOKER,691.64,Alcohol
2026-03-27,Kings Arms - Edinburgh,BOOKER,725.61,Food
03/02/2026,The Swan - Ayr,Costco UK,267.81 ,Soft Drinks
4/23/2026,The Ship Inn - Oban,Coca Cola Europacific,893.63,Food
2026-03-28,The Anchor - Perth,Brakes,924.39 ,Food
21/02/2026,White Hart - Inverness,EON Energy,419.90,Alcohol
2026-04-16,The Crown - Stirling,Local Fishmonger,£281.93,Soft Drinks
12/02/2026,The Crown - Stirling,DIAGEO,134.68,Soft Drinks
3/28/2026,The Plough - Falkirk,BRAKES UK,-174.11,Soft Drinks
03/01/2026,Queens Head - Aberdeen,BRAKES UK,£425.91,Maintenance
2026-04-19,Red Lion - Glasgow,DIAGEO,533.19,Utilities
20/03/2026,Red Lion - Glasgow,Local Fishmonger,92.46 ,Soft Drinks
21/01/2026,Black Bull - Dundee,Local Fishmonger,2273.23 ,Alcohol
24/02/2026,Kings Arms - Edinburgh,Booker Wholesale,£1138.47,Alcohol
2026-02-19,The Swan - Ayr,Booker Wholesale,379.68,Soft Drinks
20/02/2026,The Plough - Falkirk,Bidfood,182.45,Cleaning
3/31/2026,Queens Head - Aberdeen,amazon,1435.12,Alcohol
09/03/2026,Black Bull - Dundee,BT PLC,411.93,Soft Drinks
2026-01-03,The Crown - Stirling,JJ Foods,140.07,Soft Drinks
1/29/2026,Royal Oak - Paisley,Coca Cola Europacific,359.25,Utilities
2026-03-17,Royal Oak - Paisley,BOOKER,-340.88,Supplies
2/8/2026,Black Bull - Dundee,Brakes Catering,1136.44,Alcohol
06/03/2026,The Ship Inn - Oban,E.ON,32.69,Soft Drinks
2026-04-12,Black Bull - Dundee,Scottish Water,133.14,Maintenance
1/16/2026,The Swan - Ayr,booker wholesale,£154.37,Utilities
14/02/2026,White Hart - Inverness,JJ Foods,461.78,Utilities
27/02/2026,Royal Oak - Paisley,BRAKES UK,847.93,Food
1/28/2026,The Ship Inn - Oban,Diageo Ltd,290.73,Supplies
2026-04-05,Black Bull - Dundee,Diageo PLC,222.88 ,Supplies
18/02/2026,Queens Head - Aberdeen,Costco UK,339.02,Supplies
21/04/2026,Fox & Hound - Hamilton,Booker Wholesale,239.91,Soft Drinks
2/24/2026,The Crown - Stirling,Booker Ltd,2224.91,Alcohol
14/01/2026,Black Bull - Dundee,Amazon Business,57.97,Soft Drinks
1/29/2026,The Plough - Falkirk,Booker Wholesale,-389.10,Maintenance
1/11/2026,Queens Head - Aberdeen,Scottish Water,403.70,Cleaning
2/20/2026,The Crown - Stirling,DIAGEO,345.54,Supplies
3/3/2026,Royal Oak - Paisley,local fishmonger,431.49,Utilities
2026-03-04,Black Bull - Dundee,Brakes Catering,879.43,Food
04/04/2026,The Anchor - Perth,Heineken UK,912.49,Food
01/03/2026,Red Lion - Glasgow,JJ Food Service,114.38,Supplies
2/1/2026,The Anchor - Perth,Brakes Catering,283.12,Soft Drinks
07/01/2026,The Plough - Falkirk,Coca Cola Europacific,516.20 ,Utilities
2026-02-19,The Ship Inn - Oban,Costco UK,474.04,Utilities
2026-03-08,White Hart - Inverness,JJ Food Service,367.14,Cleaning
2026-04-02,Queens Head - Aberdeen,Local Fishmonger,182.92,Maintenance
3/25/2026,The Ship Inn - Oban,BTPLC,£52.78,Supplies
2026-02-24,The Ship Inn - Oban,BOOKER,£910.12,Alcohol
3/1/2026,The Anchor - Perth,Brakes,1279.65,Food
2026-04-29,The Crown - Stirling,Local Butcher,357.44,Soft Drinks
2026-04-05,Fox & Hound - Hamilton,BOOKER,39.69 ,Soft Drinks
3/18/2026,Queens Head - Aberdeen,Booker Ltd,693.91,Food
01/03/2026,The Anchor - Perth,BRAKES UK,-1979.77,Alcohol
27/03/2026,Fox & Hound - Hamilton,Coca Cola Europacific,401.04,Maintenance
2026-01-23,The Ship Inn - Oban,Brakes Catering,236.80,Maintenance
3/5/2026,The Anchor - Perth,Heineken UK,400.93 ,Utilities
2026-03-12,The Anchor - Perth,E.ON,330.99,Supplies
02/01/2026,Royal Oak - Paisley,Makro,305.96,Maintenance
2/3/2026,Kings Arms - Edinburgh,E.ON,270.46,Utilities
4/20/2026,The Crown - Stirling,JJ Foods,396.71 ,Supplies
21/04/2026,The Anchor - Perth,Bidfood,-1030.53,Alcohol
2026-04-03,Fox & Hound - Hamilton,Booker Ltd,-2348.06,Alcohol
2026-02-04,The Ship Inn - Oban,Local Fishmonger,386.94,Supplies
2026-01-30,Kings Arms - Edinburgh,Local Bakery,402.07,Soft Drinks
2026-04-28,The Ship Inn - Oban,Diageo PLC,109.09,Utilities
2026-01-02,Black Bull - Dundee,EON Energy,159.36,Supplies
2/14/2026,The Plough - Falkirk,LocalButcher,161.58,Cleaning
4/10/2026,The Crown - Stirling,Local Bakery,£338.85 ,Maintenance
06/04/2026,The Ship Inn - Oban,Amazon,114.70,Utilities
1/29/2026,The Crown - Stirling,JJ Foods,-372.45,Cleaning
2026-02-16,Kings Arms - Edinburgh,Diageo PLC,152.81,Food
2026-01-18,Red Lion - Glasgow,E.ON,£2292.94,Alcohol
1/19/2026,Black Bull - Dundee,Local Fishmonger,380.09,Supplies
3/11/2026,Royal Oak - Paisley,DIAGEO,317.37,Soft Drinks
3/20/2026,Royal Oak - Paisley,brakes uk,292.19,Soft Drinks
03/02/2026,Black Bull - Dundee,Booker Ltd,362.41,Cleaning
16/03/2026,Queens Head - Aberdeen,Amazon,-147.51,Soft Drinks
4/13/2026,Queens Head - Aberdeen,JJ Foods,358.88,Maintenance
2026-02-13,Kings Arms - Edinburgh,Heineken UK,596.29,Utilities
10/02/2026,Queens Head - Aberdeen,Heineken UK Ltd,231.00,Soft Drinks
1/31/2026,The Swan - Ayr,booker,371.78,Utilities
04/01/2026,The Ship Inn - Oban,JJ Food Service,387.00,Cleaning
1/11/2026,The Anchor - Perth,Brakes,770.28,Alcohol
17/02/2026,Royal Oak - Paisley,Coca Cola,1110.62,Food
04/02/2026,Red Lion - Glasgow,Costco UK,£1269.40,Alcohol
07/02/2026,The Plough - Falkirk,Booker Ltd,318.34 ,Maintenance
2026-04-17,The Swan - Ayr,Brakes Catering,540.53,Food
11/02/2026,The Ship Inn - Oban,Local Bakery,1534.06,Alcohol
28/01/2026,The Ship Inn - Oban,HEINEKEN,1833.02,Alcohol
2026-02-08,The Ship Inn - Oban,Coca Cola Europacific,317.88,Soft Drinks
16/02/2026,Queens Head - Aberdeen,costco uk,418.14,Cleaning
2026-01-23,The Anchor - Perth,JJ Foods,956.42,Alcohol
4/11/2026,Black Bull - Dundee,E.ON,69.77,Supplies
2/26/2026,Royal Oak - Paisley,EON Energy,2324.51,Alcohol
14/03/2026,The Crown - Stirling,Local Fishmonger,137.10,Utilities
3/20/2026,Queens Head - Aberdeen,British Gas,£418.51,Utilities
07/01/2026,Black Bull - Dundee,Diageo Ltd,£137.95,Supplies
10/04/2026,Black Bull - Dundee,Coca Cola Europacific,184.81,Cleaning
25/04/2026,The Crown - Stirling,Diageo PLC,364.80,Maintenance
2026-02-08,Kings Arms - Edinburgh,EON Energy,£320.84,Soft Drinks
2026-03-03,Royal Oak - Paisley,Makro,187.20,Soft Drinks
2026-04-26,The Plough - Falkirk,Scottish Water,£308.33,Soft Drinks
2026-04-11,The Anchor - Perth,BOOKER,243.31,Maintenance
2026-03-07,The Plough - Falkirk,Diageo PLC,387.59,Maintenance
2026-02-16,Kings Arms - Edinburgh,Heineken UK Ltd,1121.86,Food
11/02/2026,The Anchor - Perth,HEINEKEN,203.42,Maintenance
2026-03-03,The Crown - Stirling,Booker Ltd,237.57,Utilities
4/12/2026,Kings Arms - Edinburgh,jj food service,-£406.95,Maintenance
27/03/2026,The Anchor - Perth,Diageo Ltd,£1460.60,Alcohol
18/01/2026,The Anchor - Perth,Diageo Ltd,308.04,Cleaning
2/4/2026,Black Bull - Dundee,Costco UK,£164.59,Soft Drinks
02/03/2026,White Hart - Inverness,Diageo PLC,320.62 ,Cleaning
2026-04-01,Black Bull - Dundee,Diageo Ltd,443.84,Food
11/02/2026,Black Bull - Dundee,Brakes Catering,374.91,Maintenance
2026-03-16,Queens Head - Aberdeen,Amazon,549.88,Food
20/04/2026,The Crown - Stirling,Amazon,2640.78,Alcohol
09/01/2026,Kings Arms - Edinburgh,Brakes Catering,£37.06,Supplies
2026-02-20,The Anchor - Perth,EON Energy,344.00,Cleaning
2026-02-02,The Plough - Falkirk,eon energy,93.93,Cleaning
2026-04-23,Royal Oak - Paisley,Heineken UK,£203.66,Food
2/9/2026,The Crown - Stirling,BT PLC,£278.79,Cleaning
1/21/2026,The Swan - Ayr,JJ Foods,94.84,Maintenance
1/30/2026,Red Lion - Glasgow,DIAGEO,-241.84,Supplies
3/10/2026,Black Bull - Dundee,DIAGEO,£1313.76,Food
4/1/2026,Queens Head - Aberdeen,Brakes,44.25,Maintenance
2/5/2026,The Crown - Stirling,Local Bakery,277.60,Maintenance
21/01/2026,White Hart - Inverness,brakes,£1890.72,Alcohol
2026-02-09,The Crown - Stirling,Local Fishmonger,£143.48,Utilities
2026-01-16,Fox & Hound - Hamilton,DIAGEO,£319.08,Utilities
2026-03-22,Kings Arms - Edinburgh,Local Butcher,£126.64,Cleaning
4/24/2026,Black Bull - Dundee,Heineken UK Ltd,-£163.00,Cleaning
28/03/2026,Fox & Hound - Hamilton,BritishGas,82.23,Soft Drinks
2026-03-15,Royal Oak - Paisley,British Gas,£380.65,Maintenance
2026-04-26,Kings Arms - Edinburgh,Brakes Catering,£562.47 ,Utilities
1/11/2026,The Crown - Stirling,Makro,307.09,Cleaning
2/19/2026,White Hart - Inverness,Heineken UK,866.38,Alcohol
2026-03-29,Royal Oak - Paisley,eon energy,£39.13,Soft Drinks
16/02/2026,Fox & Hound - Hamilton,Amazon,226.36,Utilities
2026-02-20,The Anchor - Perth,Local Bakery,64.68,Maintenance
11/01/2026,The Swan - Ayr,Diageo PLC,292.13,Soft Drinks
07/01/2026,Red Lion - Glasgow,HEINEKEN,295.58,Cleaning
05/04/2026,Black Bull - Dundee,Bidfood,92.35,Soft Drinks
2026-03-13,The Anchor - Perth,Brakes Catering,683.11,Food
06/04/2026,The Swan - Ayr,ScottishWater,409.26,Soft Drinks
1/14/2026,The Ship Inn - Oban,Makro,347.85,Cleaning
2026-02-20,The Plough - Falkirk,Brakes,373.93,Soft Drinks
04/04/2026,The Ship Inn - Oban,Heineken UK,101.32,Soft Drinks
4/15/2026,The Crown - Stirling,Local Fishmonger,£352.86,Maintenance
17/02/2026,Queens Head - Aberdeen,Brakes Catering,232.35,Cleaning
25/03/2026,Kings Arms - Edinburgh,coca cola,£181.78,Cleaning
17/01/2026,The Anchor - Perth,JJ Food Service,460.83,Utilities
22/04/2026,The Ship Inn - Oban,British Gas,530.25,Utilities
22/01/2026,Royal Oak - Paisley,BOOKER,280.63 ,Maintenance
2/8/2026,Fox & Hound - Hamilton,Brakes Catering,1071.06,Food
2/19/2026,White Hart - Inverness,Coca Cola Europacific,202.99,Supplies
1/2/2026,Kings Arms - Edinburgh,jj foods,109.59,Supplies
30/03/2026,White Hart - Inverness,E.ON,359.96,Maintenance
3/5/2026,Red Lion - Glasgow,Diageo Ltd,76.17,Soft Drinks
19/01/2026,Black Bull - Dundee,Scottish Water,92.58,Soft Drinks
2/14/2026,Black Bull - Dundee,Brakes,60.49,Soft Drinks
4/24/2026,The Swan - Ayr,EON Energy,494.02,Alcohol
2026-04-08,The Plough - Falkirk,Scottish Water,319.67,Food
15/04/2026,The Ship Inn - Oban,Amazon,£392.19,Maintenance
17/03/2026,The Swan - Ayr,diageo,-2174.72,Alcohol
2026-01-14,Fox & Hound - Hamilton,Brakes,122.97,Maintenance
09/03/2026,The Swan - Ayr,Diageo PLC,£289.10,Maintenance
18/04/2026,The Plough - Falkirk,Heineken UK,588.15,Utilities
2026-02-20,Fox & Hound - Hamilton,Costco UK,36.02,Soft Drinks
2026-01-20,Black Bull - Dundee,BOOKER,600.55 ,Alcohol
2026-01-19,Royal Oak - Paisley,Brakes,£147.25,Soft Drinks
2026-03-16,Kings Arms - Edinburgh,DIAGEO,£256.60,Cleaning
2026-03-22,Royal Oak - Paisley,brakes uk,138.93,Utilities
2026-02-04,Queens Head - Aberdeen,Diageo PLC,1043.93,Alcohol
3/11/2026,The Anchor - Perth,Local Fishmonger,£382.20,Utilities
2026-03-04,White Hart - Inverness,DiageoLtd,£218.68,Supplies
10/01/2026,White Hart - Inverness,booker wholesale,240.87,Maintenance
4/8/2026,Black Bull - Dundee,Makro,252.11,Maintenance
2026-03-16,The Ship Inn - Oban,BRAKES UK,52.56,Supplies
2026-03-10,The Swan - Ayr,BOOKER,560.34 ,Utilities
14/01/2026,The Ship Inn - Oban,Booker Wholesale,219.76,Soft Drinks
2026-04-03,The Anchor - Perth,BritishGas,164.95,Supplies
2026-03-08,Kings Arms - Edinburgh,HEINEKEN,547.19,Food
13/04/2026,Royal Oak - Paisley,Amazon Business,546.05,Utilities
2026-02-28,Fox & Hound - Hamilton,Brakes Catering,440.69,Utilities
16/02/2026,Black Bull - Dundee,booker wholesale,£285.87,Food
2026-04-21,Queens Head - Aberdeen,British Gas,77.74,Maintenance
16/04/2026,The Ship Inn - Oban,HEINEKEN,246.60,Soft Drinks
27/03/2026,The Crown - Stirling,BT PLC,42.82,Soft Drinks
2026-02-18,Royal Oak - Paisley,CocaCola Europacific,143.51,Maintenance
4/17/2026,Queens Head - Aberdeen,EON Energy,£370.76,Supplies
2/23/2026,The Ship Inn - Oban,Local Bakery,76.22,Soft Drinks
2026-03-10,The Ship Inn - Oban,BOOKER,46.11,Cleaning
11/04/2026,Black Bull - Dundee,Costco UK,£92.67,Supplies
16/03/2026,The Plough - Falkirk,EON Energy,918.89,Food
2026-01-16,Queens Head - Aberdeen,Amazon,239.21,Supplies
4/4/2026,Fox & Hound - Hamilton,Scottish Water,181.36,Cleaning
1/6/2026,Queens Head - Aberdeen,DIAGEO,£33.01,Supplies
1/16/2026,Red Lion - Glasgow,Heineken UK Ltd,629.35,Alcohol
3/10/2026,The Ship Inn - Oban,Bidfood,-£61.87,Soft Drinks
2026-01-17,Kings Arms - Edinburgh,HEINEKEN,566.99,Utilities
07/03/2026,The Anchor - Perth,Booker Wholesale,278.13,Soft Drinks
1/4/2026,The Swan - Ayr,Booker Wholesale,349.06,Cleaning
14/02/2026,White Hart - Inverness,BRAKES UK,206.93,Cleaning
4/7/2026,Royal Oak - Paisley,Makro,£351.27,Cleaning
03/02/2026,The Anchor - Perth,Heineken UK,78.19,Cleaning
1/20/2026,The Crown - Stirling,Coca Cola,119.82,Cleaning
2026-02-22,The Swan - Ayr,JJ Food Service,92.45,Supplies
13/03/2026,Kings Arms - Edinburgh,Brakes Catering,380.34,Soft Drinks
2/10/2026,Kings Arms - Edinburgh,EON Energy,125.00,Soft Drinks
12/01/2026,The Crown - Stirling,Amazon,222.69,Utilities
29/01/2026,Royal Oak - Paisley,amazon business,£78.76,Cleaning
2026-01-06,Red Lion - Glasgow,Brakes Catering,161.78,Utilities
09/03/2026,The Anchor - Perth,makro,£345.40,Maintenance
2026-02-07,Red Lion - Glasgow,Brakes Catering,-£377.50,Supplies
3/19/2026,The Crown - Stirling,E.ON,273.92,Supplies
25/02/2026,The Crown - Stirling,heineken,£1436.44,Alcohol
4/20/2026,Fox & Hound - Hamilton,DIAGEO,£498.56,Food
2026-03-08,Black Bull - Dundee,Heineken UK Ltd,175.34,Supplies
08/02/2026,Red Lion - Glasgow,AmazonBusiness,1018.03,Alcohol
2026-01-18,Black Bull - Dundee,DIAGEO,1091.37,Food
2026-03-01,The Anchor - Perth,DiageoPLC,£99.68 ,Maintenance
2026-03-23,The Crown - Stirling,Scottish Water,195.85,Utilities
01/04/2026,The Swan - Ayr,diageo plc,£236.92 ,Cleaning
30/04/2026,Black Bull - Dundee,BOOKER,344.77,Supplies
3/22/2026,Black Bull - Dundee,Amazon Business,366.05,Supplies
05/02/2026,Fox & Hound - Hamilton,British Gas,211.88,Maintenance
2/3/2026,Fox & Hound - Hamilton,Coca Cola,334.23,Utilities
21/03/2026,Queens Head - Aberdeen,booker ltd,441.83,Utilities
29/01/2026,Fox & Hound - Hamilton,DiageoPLC,199.77,Soft Drinks
1/4/2026,The Ship Inn - Oban,EON Energy,£318.54,Maintenance
2026-01-15,The Crown - Stirling,LocalButcher,£145.06,Cleaning
01/04/2026,The Anchor - Perth,Local Bakery,777.73,Alcohol
28/02/2026,The Anchor - Perth,DIAGEO,367.72,Maintenance
2026-03-29,The Crown - Stirling,Booker Wholesale,2435.96,Alcohol
09/04/2026,The Crown - Stirling,Diageo PLC,282.75,Soft Drinks
26/02/2026,The Swan - Ayr,Bidfood,£96.95 ,Soft Drinks
06/04/2026,White Hart - Inverness,Heineken UK,305.93,Soft Drinks
1/2/2026,White Hart - Inverness,BRAKES UK,£253.96,Soft Drinks
2026-04-16,The Crown - Stirling,DIAGEO,376.70 ,Utilities
16/03/2026,Red Lion - Glasgow,Bidfood,216.82,Soft Drinks
3/21/2026,The Plough - Falkirk,Diageo Ltd,96.39 ,Cleaning
1/23/2026,Queens Head - Aberdeen,Brakes,£186.15,Cleaning
2026-02-04,Red Lion - Glasgow,BritishGas,1501.69,Alcohol
3/1/2026,The Ship Inn - Oban,Local Bakery,-£505.37,Utilities
11/02/2026,Fox & Hound - Hamilton,Bidfood,129.10,Maintenance
2/25/2026,The Plough - Falkirk,Booker Wholesale,86.17,Supplies
13/03/2026,The Swan - Ayr,British Gas,329.30,Cleaning
2026-01-09,Kings Arms - Edinburgh,Scottish Water,225.98,Maintenance
27/03/2026,Black Bull - Dundee,BOOKER,365.84,Cleaning
23/01/2026,The Swan - Ayr,Local Butcher,1006.86 ,Food
2026-01-31,Fox & Hound - Hamilton,Coca Cola,293.86,Supplies
24/04/2026,Black Bull - Dundee,AmazonBusiness,1244.86,Food
2026-02-18,The Anchor - Perth,Brakes Catering,1210.58,Food
28/01/2026,Red Lion - Glasgow,Bidfood,1481.16,Alcohol
3/27/2026,Queens Head - Aberdeen,Amazon Business,274.95,Supplies
2026-03-16,Black Bull - Dundee,Coca Cola Europacific,407.08,Utilities
4/18/2026,The Plough - Falkirk,Heineken UK,379.81,Utilities
2026-04-05,Queens Head - Aberdeen,Brakes,£67.61,Maintenance
2/13/2026,White Hart - Inverness,bt plc,£324.08,Supplies
06/03/2026,Fox & Hound - Hamilton,Local Bakery,151.66,Supplies
18/03/2026,The Crown - Stirling,Costco UK,£67.31,Supplies
4/5/2026,The Anchor - Perth,JJ Food Service,£276.23,Soft Drinks
3/30/2026,Red Lion - Glasgow,local fishmonger,£398.67,Supplies
2026-04-06,Red Lion - Glasgow,BRAKES UK,282.52,Soft Drinks
14/03/2026,Black Bull - Dundee,Coca Cola,380.15,Cleaning
2026-01-18,The Swan - Ayr,Local Bakery,£526.14 ,Food
2/14/2026,Fox & Hound - Hamilton,BrakesCatering,471.21,Utilities
03/03/2026,Kings Arms - Edinburgh,Booker Ltd,£469.57,Food
2026-03-12,Fox & Hound - Hamilton,heineken uk ltd,1256.18,Food
2026-04-05,Black Bull - Dundee,Heineken UK,243.59,Utilities
2/8/2026,Fox & Hound - Hamilton,Scottish Water,368.99,Supplies
29/01/2026,The Ship Inn - Oban,BRAKES UK,2822.96,Alcohol
17/02/2026,Red Lion - Glasgow,British Gas,265.35,Supplies
10/03/2026,The Ship Inn - Oban,Heineken UK Ltd,£321.08,Supplies
2026-02-27,Black Bull - Dundee,Local Fishmonger,275.43,Soft Drinks
12/03/2026,The Anchor - Perth,Coca Cola Europacific,222.04,Cleaning
2026-02-22,The Anchor - Perth,Brakes,£81.14,Maintenance
2026-02-27,The Ship Inn - Oban,Coca Cola Europacific,1999.84,Alcohol
13/03/2026,Kings Arms - Edinburgh,Bidfood,-31.23,Maintenance
2026-03-25,The Anchor - Perth,Brakes,312.39 ,Supplies
2026-03-21,The Plough - Falkirk,Brakes,425.25,Supplies
4/15/2026,The Anchor - Perth,JJ Food Service,334.63,Supplies
2026-03-21,Queens Head - Aberdeen,Makro,296.93,Soft Drinks
19/01/2026,The Crown - Stirling,Brakes,£171.77,Utilities
05/02/2026,The Swan - Ayr,Bidfood,-61.48,Maintenance
08/02/2026,The Anchor - Perth,Costco UK,£59.47,Soft Drinks
2026-01-17,The Anchor - Perth,BT PLC,2386.23,Alcohol
2/9/2026,The Anchor - Perth,Local Fishmonger,£186.59,Soft Drinks
3/13/2026,Queens Head - Aberdeen,local fishmonger,1715.09,Alcohol
2026-03-09,The Plough - Falkirk,Heineken UK Ltd,157.67,Maintenance
4/3/2026,The Crown - Stirling,Bidfood,245.51,Utilities
02/02/2026,Fox & Hound - Hamilton,Local Butcher,185.93,Food
4/5/2026,The Ship Inn - Oban,JJ Food Service,203.66,Soft Drinks
3/5/2026,Kings Arms - Edinburgh,Brakes,325.44,Maintenance
3/12/2026,Kings Arms - Edinburgh,BRAKES UK,162.25 ,Cleaning
12/02/2026,Red Lion - Glasgow,BRAKES UK,699.65,Food
1/14/2026,Queens Head - Aberdeen,Local Butcher,594.56,Food
15/03/2026,The Anchor - Perth,DIAGEO,751.28,Alcohol
4/25/2026,The Ship Inn - Oban,LocalFishmonger,£99.43,Cleaning
1/17/2026,The Plough - Falkirk,BT PLC,£119.65,Soft Drinks
2026-02-26,Red Lion - Glasgow,Coca Cola Europacific,386.59,Utilities
1/23/2026,The Plough - Falkirk,Brakes,-£260.76,Cleaning
30/04/2026,Kings Arms - Edinburgh,booker ltd,2448.70,Alcohol
4/16/2026,The Swan - Ayr,Local Butcher,£1099.26,Food
09/04/2026,White Hart - Inverness,british gas,1121.36,Food
2/11/2026,White Hart - Inverness,Amazon Business,347.75,Utilities
2026-02-16,The Plough - Falkirk,Diageo PLC,81.09,Maintenance
27/04/2026,Fox & Hound - Hamilton,HEINEKEN,350.65,Maintenance
2/10/2026,The Plough - Falkirk,Amazon Business,231.48,Soft Drinks
18/03/2026,The Anchor - Perth,Coca Cola Europacific,265.17,Cleaning
2/14/2026,Red Lion - Glasgow,BT PLC,832.33,Food
23/03/2026,Red Lion - Glasgow,makro,£271.15,Utilities
3/15/2026,The Ship Inn - Oban,BRAKES UK,£557.95,Food
4/15/2026,The Crown - Stirling,costco uk,205.50,Maintenance
2026-01-06,Fox & Hound - Hamilton,BOOKER,1139.82,Food
1/28/2026,The Swan - Ayr,Amazon Business,£363.21,Supplies
4/17/2026,White Hart - Inverness,Costco UK,92.17,Soft Drinks
12/02/2026,White Hart - Inverness,Brakes,344.89,Supplies
3/6/2026,Fox & Hound - Hamilton,Local Bakery,£526.79,Alcohol
18/02/2026,White Hart - Inverness,Local Fishmonger,66.06 ,Supplies
3/29/2026,Fox & Hound - Hamilton,BRAKES UK,1945.20,Alcohol
4/7/2026,The Plough - Falkirk,Brakes,-1856.02,Alcohol
2026-01-03,The Ship Inn - Oban,DIAGEO,£69.38 ,Soft Drinks
2/6/2026,White Hart - Inverness,JJ Food Service,£235.64,Maintenance
2026-03-13,Kings Arms - Edinburgh,Diageo Ltd,407.87,Supplies
2026-02-27,The Anchor - Perth,JJ Food Service,320.00,Maintenance
05/03/2026,Royal Oak - Paisley,Scottish Water,261.23,Maintenance
2026-02-25,The Swan - Ayr,Makro,-£86.13,Supplies
2/10/2026,The Plough - Falkirk,Brakes Catering,856.35,Food
2026-01-27,Fox & Hound - Hamilton,Local Fishmonger,119.55,Maintenance
3/22/2026,The Plough - Falkirk,Brakes,143.89,Cleaning
04/01/2026,Red Lion - Glasgow,Heineken UK Ltd,350.06,Utilities
1/14/2026,The Anchor - Perth,Amazon Business,191.36,Soft Drinks
2026-04-23,Black Bull - Dundee,HEINEKEN,£793.14,Food
2026-01-27,The Plough - Falkirk,Diageo Ltd,£1389.34,Alcohol
3/10/2026,Red Lion - Glasgow,Diageo Ltd,285.17,Soft Drinks
2/20/2026,White Hart - Inverness,BRAKES UK,140.54,Maintenance
14/04/2026,Fox & Hound - Hamilton,BRAKES UK,130.66,Utilities
2026-04-21,Red Lion - Glasgow,Local Butcher,474.07,Food
14/03/2026,Royal Oak - Paisley,DIAGEO,470.29,Utilities
12/02/2026,Royal Oak - Paisley,Heineken UK,849.50,Food
02/01/2026,Royal Oak - Paisley,Local Butcher,£593.43,Utilities
14/03/2026,The Crown - Stirling,Booker Ltd,£426.66,Utilities
2026-04-09,Kings Arms - Edinburgh,BT PLC,86.08,Maintenance
2/20/2026,The Anchor - Perth,Booker Wholesale,739.46,Food
3/14/2026,The Swan - Ayr,Coca Cola,371.48,Cleaning
2026-04-05,The Ship Inn - Oban,Coca Cola,£2540.30,Alcohol
07/03/2026,The Crown - Stirling,Heineken UK Ltd,1061.27,Alcohol
07/02/2026,The Anchor - Perth,DIAGEO,83.99,Soft Drinks
2/6/2026,Fox & Hound - Hamilton,Diageo Ltd,164.11,Soft Drinks
2026-04-08,The Ship Inn - Oban,DIAGEO,189.55,Food
3/24/2026,The Anchor - Perth,EON Energy,1067.31,Food
2/9/2026,The Crown - Stirling,Coca Cola Europacific,398.60,Supplies
17/02/2026,Red Lion - Glasgow,BRAKES UK,£1342.40,Food
2026-02-28,Fox & Hound - Hamilton,Amazon Business,274.95,Soft Drinks
1/15/2026,Kings Arms - Edinburgh,booker wholesale,1268.49,Food
3/31/2026,The Crown - Stirling,Booker Ltd,£137.62,Soft Drinks
30/03/2026,The Ship Inn - Oban,Local Butcher,801.66,Food
25/04/2026,Black Bull - Dundee,Amazon Business,237.84,Supplies
4/14/2026,Kings Arms - Edinburgh,E.ON,394.78,Cleaning
2026-01-17,Black Bull - Dundee,Diageo Ltd,-£382.39,Cleaning
2026-03-23,Kings Arms - Edinburgh,Coca Cola Europacific,188.44,Soft Drinks
2026-03-29,Fox & Hound - Hamilton,Scottish Water,778.85,Food
2026-01-14,Fox & Hound - Hamilton,Scottish Water,£227.93,Utilities
21/03/2026,The Swan - Ayr,Local Butcher,141.76,Supplies
4/12/2026,The Ship Inn - Oban,BritishGas,-£2558.22,Alcohol
2/3/2026,The Crown - Stirling,Brakes Catering,109.11,Cleaning
08/03/2026,Fox & Hound - Hamilton,JJ Foods,2142.07,Alcohol
29/03/2026,The Crown - Stirling,Local Bakery,£46.85,Soft Drinks
13/03/2026,The Swan - Ayr,Scottish Water,1786.08,Alcohol
4/1/2026,The Plough - Falkirk,E.ON,226.38,Supplies
3/28/2026,The Ship Inn - Oban,EON Energy,£152.92,Food
30/03/2026,Royal Oak - Paisley,Brakes Catering,£2206.82,Alcohol
1/25/2026,The Anchor - Perth,local fishmonger,231.02,Food
2026-03-26,Kings Arms - Edinburgh,eon energy,386.80,Utilities
23/02/2026,Kings Arms - Edinburgh,Booker Wholesale,£224.48,Maintenance
3/5/2026,White Hart - Inverness,JJ Foods,£2707.09,Alcohol
14/04/2026,The Plough - Falkirk,Amazon Business,-78.90,Supplies
23/01/2026,The Plough - Falkirk,Makro,753.40,Food
1/22/2026,White Hart - Inverness,Heineken UK Ltd,£486.51,Food
3/15/2026,The Swan - Ayr,JJ Food Service,£297.91,Soft Drinks
06/04/2026,The Crown - Stirling,BRAKES UK,186.09 ,Maintenance
09/03/2026,Fox & Hound - Hamilton,BT PLC,352.58,Cleaning
2/26/2026,The Swan - Ayr,HEINEKEN,198.54,Maintenance
2026-03-26,Kings Arms - Edinburgh,local bakery,2840.27,Alcohol
4/20/2026,The Swan - Ayr,Costco UK,1444.09,Alcohol
2026-04-13,The Ship Inn - Oban,diageo plc,363.22,Soft Drinks
31/03/2026,Royal Oak - Paisley,Local Bakery,88.98,Supplies
2026-03-05,The Anchor - Perth,Diageo Ltd,£125.59,Soft Drinks
2026-02-09,The Plough - Falkirk,heineken uk ltd,404.82 ,Soft Drinks
2026-03-29,Royal Oak - Paisley,DIAGEO,-51.24,Soft Drinks
2026-01-01,Black Bull - Dundee,heineken,411.79,Cleaning
2026-02-20,The Crown - Stirling,Diageo PLC,164.19,Cleaning
10/01/2026,Red Lion - Glasgow,localbutcher,38.71,Supplies
3/30/2026,Fox & Hound - Hamilton,Booker Ltd,68.75,Supplies
3/14/2026,Fox & Hound - Hamilton,Local Butcher,216.98,Cleaning
3/3/2026,Kings Arms - Edinburgh,Brakes,114.87,Utilities
3/20/2026,Kings Arms - Edinburgh,Coca Cola Europacific,424.28,Soft Drinks
2026-04-26,Black Bull - Dundee,Diageo Ltd,-369.59,Supplies
4/19/2026,The Crown - Stirling,Costco UK,507.86,Utilities
1/9/2026,The Plough - Falkirk,Amazon,147.27,Supplies
2/18/2026,White Hart - Inverness,Bidfood,303.05,Cleaning
2/4/2026,Royal Oak - Paisley,HEINEKEN,1853.94,Alcohol
21/01/2026,The Swan - Ayr,Booker Wholesale,£944.56,Alcohol
2026-03-21,Queens Head - Aberdeen,British Gas,112.26,Maintenance
4/16/2026,Royal Oak - Paisley,Diageo Ltd,£154.53,Supplies
30/01/2026,The Crown - Stirling,Diageo Ltd,76.20,Soft Drinks
12/01/2026,Fox & Hound - Hamilton,Brakes Catering,776.19,Food
3/13/2026,The Anchor - Perth,Coca Cola,1893.76,Alcohol
09/02/2026,The Anchor - Perth,BRAKES UK,355.86,Soft Drinks
2026-02-25,Red Lion - Glasgow,BOOKER,117.78,Cleaning
4/22/2026,White Hart - Inverness,Costco UK,297.45,Soft Drinks
3/30/2026,The Swan - Ayr,BT PLC,£345.60,Soft Drinks
2026-03-27,Fox & Hound - Hamilton,booker ltd,383.60,Supplies
4/23/2026,Royal Oak - Paisley,local fishmonger,303.76,Cleaning
18/03/2026,The Ship Inn - Oban,Makro,365.81,Maintenance
2026-01-18,The Plough - Falkirk,BOOKER,£355.42,Supplies
2026-03-26,Queens Head - Aberdeen,BOOKER,£2196.06,Alcohol
3/30/2026,The Plough - Falkirk,heineken,£524.91,Utilities
2/1/2026,Queens Head - Aberdeen,Booker Ltd,£100.03,Soft Drinks
06/01/2026,The Anchor - Perth,Booker Wholesale,£187.12,Cleaning
23/02/2026,Kings Arms - Edinburgh,BRAKES UK,236.26,Supplies
4/28/2026,Fox & Hound - Hamilton,Booker Ltd,1212.92,Food
16/02/2026,The Crown - Stirling,Heineken UK,£1214.41,Food
2026-03-30,Kings Arms - Edinburgh,costco uk,167.87,Maintenance
2026-04-20,Fox & Hound - Hamilton,Coca Cola,245.09,Soft Drinks
12/02/2026,The Plough - Falkirk,Bidfood,107.06,Utilities
24/03/2026,The Plough - Falkirk,heineken,305.10,Supplies
2026-04-01,Kings Arms - Edinburgh,Makro,£371.13 ,Supplies
1/16/2026,The Ship Inn - Oban,LocalButcher,£517.02,Alcohol
1/15/2026,Black Bull - Dundee,Diageo Ltd,259.99,Cleaning
2026-03-19,The Anchor - Perth,Amazon Business,£355.88,Maintenance
4/7/2026,Black Bull - Dundee,Amazon,52.87,Soft Drinks
1/15/2026,White Hart - Inverness,Local Bakery,168.86,Supplies
2026-02-24,The Swan - Ayr,scottish water,735.85,Alcohol
07/04/2026,Fox & Hound - Hamilton,British Gas,453.33,Food
2026-01-11,The Anchor - Perth,BOOKER,152.00,Maintenance
1/12/2026,The Plough - Falkirk,Makro,75.60,Supplies
2026-03-31,The Ship Inn - Oban,DIAGEO,421.71,Soft Drinks
1/20/2026,The Crown - Stirling,BT PLC,£327.47,Soft Drinks
2/1/2026,The Crown - Stirling,brakes,324.99,Cleaning
03/01/2026,The Ship Inn - Oban,BRAKES UK,125.66,Supplies
2026-04-14,Red Lion - Glasgow,DIAGEO,£352.91,Food
3/24/2026,The Plough - Falkirk,JJ Foods,198.34 ,Soft Drinks
2026-04-10,The Anchor - Perth,Brakes,157.75,Cleaning
1/26/2026,The Swan - Ayr,Booker Wholesale,£155.08 ,Soft Drinks
4/17/2026,Kings Arms - Edinburgh,Heineken UK,187.62,Supplies
2/21/2026,The Anchor - Perth,JJ Foods,792.30,Food
2/13/2026,The Anchor - Perth,Local Fishmonger,68.63,Soft Drinks
2026-03-21,The Anchor - Perth,Booker Wholesale,2895.50,Alcohol
20/02/2026,The Anchor - Perth,BOOKER,79.78,Soft Drinks
09/04/2026,Royal Oak - Paisley,Diageo Ltd,2480.39,Alcohol
07/04/2026,The Ship Inn - Oban,BOOKER,£874.94,Food
3/27/2026,Kings Arms - Edinburgh,Diageo Ltd,£327.51,Utilities
2026-04-14,The Swan - Ayr,Brakes Catering,287.24,Maintenance
2026-04-17,Fox & Hound - Hamilton,JJ Foods,614.01,Food
2026-02-09,Kings Arms - Edinburgh,DIAGEO,£419.73,Utilities
2/27/2026,The Ship Inn - Oban,Local Bakery,216.70,Supplies
2026-04-13,The Anchor - Perth,Coca Cola Europacific,£211.74,Soft Drinks
4/25/2026,The Swan - Ayr,EON Energy,204.71,Utilities
1/14/2026,Kings Arms - Edinburgh,Local Fishmonger,1025.52,Food
15/01/2026,The Swan - Ayr,coca cola europacific,£237.72,Supplies
2026-03-02,White Hart - Inverness,Scottish Water,158.35,Utilities
01/04/2026,The Plough - Falkirk,E.ON,115.55,Maintenance
04/01/2026,The Swan - Ayr,amazon,260.29,Utilities
2026-04-23,Red Lion - Glasgow,Amazon,115.13,Supplies
3/24/2026,The Swan - Ayr,E.ON,2191.40,Alcohol
2026-03-19,Red Lion - Glasgow,Booker Ltd,£1555.71,Alcohol
02/02/2026,Royal Oak - Paisley,Booker Wholesale,£82.28,Cleaning
1/16/2026,Queens Head - Aberdeen,Local Bakery,101.78,Supplies
14/02/2026,Red Lion - Glasgow,JJFood Service,968.30,Alcohol
18/04/2026,Red Lion - Glasgow,HEINEKEN,416.27,Soft Drinks
2026-03-21,The Swan - Ayr,EON Energy,178.64,Utilities
4/6/2026,Fox & Hound - Hamilton,Scottish Water,£204.93,Utilities
25/02/2026,Royal Oak - Paisley,Coca Cola Europacific,120.05,Utilities
01/02/2026,Royal Oak - Paisley,Bidfood,339.93,Maintenance
2026-03-10,The Anchor - Perth,Local Butcher,616.63,Food
03/04/2026,Red Lion - Glasgow,Amazon,264.30,Cleaning
2/23/2026,The Plough - Falkirk,JJ Food Service,£419.55,Maintenance
2026-03-22,Queens Head - Aberdeen,JJ Food Service,337.43,Cleaning
21/01/2026,Kings Arms - Edinburgh,BRAKES UK,76.81,Cleaning
2026-01-06,Red Lion - Glasgow,Booker Ltd,980.86,Food
10/02/2026,Queens Head - Aberdeen,Brakes,406.42,Maintenance
09/03/2026,Kings Arms - Edinburgh,JJ Foods,315.79,Maintenance
01/02/2026,Royal Oak - Paisley,BRAKES UK,404.91,Soft Drinks
20/01/2026,Royal Oak - Paisley,Coca Cola Europacific,£111.92,Supplies
3/20/2026,The Ship Inn - Oban,Costco UK,385.16,Maintenance
2026-03-28,The Crown - Stirling,Brakes,£1268.60,Alcohol
4/1/2026,Queens Head - Aberdeen,HeinekenUK,1181.20,Food
2026-03-24,Kings Arms - Edinburgh,EON Energy,£75.76,Cleaning
06/02/2026,The Swan - Ayr,Scottish Water,£266.02,Soft Drinks
2/1/2026,Fox & Hound - Hamilton,heineken uk,141.19,Supplies
14/04/2026,The Anchor - Perth,Amazon,£364.55,Maintenance
2026-03-10,Queens Head - Aberdeen,Makro,1381.05,Alcohol
11/04/2026,Red Lion - Glasgow,JJ Foods,-£321.46,Cleaning
2026-03-15,The Crown - Stirling,Booker Ltd,330.22,Soft Drinks
06/01/2026,Black Bull - Dundee,BOOKER,335.78,Supplies
08/03/2026,Red Lion - Glasgow,Diageo Ltd,656.10,Food
2026-01-26,The Swan - Ayr,Diageo Ltd,402.73,Soft Drinks
4/24/2026,The Plough - Falkirk,BT PLC,£1132.86,Alcohol
2026-02-09,White Hart - Inverness,HEINEKEN,173.74,Soft Drinks
3/19/2026,White Hart - Inverness,Coca Cola,£275.79,Supplies
08/01/2026,Red Lion - Glasgow,Diageo PLC,£969.13,Food
03/03/2026,Kings Arms - Edinburgh,DIAGEO,130.06,Soft Drinks
16/04/2026,Black Bull - Dundee,JJ Food Service,254.21,Utilities
2026-02-18,Queens Head - Aberdeen,Booker Ltd,-133.82,Soft Drinks
2026-02-15,Red Lion - Glasgow,BRAKES UK,£1609.70,Alcohol
2026-04-29,Queens Head - Aberdeen,Heineken UK Ltd,1157.64,Food
4/3/2026,Red Lion - Glasgow,Heineken UK,369.43,Maintenance
2026-02-20,Royal Oak - Paisley,JJ Food Service,£425.59,Soft Drinks
2026-01-31,Red Lion - Glasgow,Diageo PLC,1827.32,Alcohol
3/28/2026,Red Lion - Glasgow,jj foods,319.16,Cleaning
1/17/2026,The Swan - Ayr,Amazon Business,382.74,Maintenance
2026-02-23,Queens Head - Aberdeen,Heineken UK Ltd,344.73,Cleaning
2026-01-28,Fox & Hound - Hamilton,Costco UK,747.83,Alcohol
2/19/2026,The Crown - Stirling,Costco UK,143.57,Supplies
05/04/2026,The Ship Inn - Oban,Booker Wholesale,£377.39,Cleaning
30/03/2026,Black Bull - Dundee,Coca Cola Europacific,323.29,Maintenance
1/2/2026,White Hart - Inverness,Makro,£131.44,Maintenance
3/22/2026,Queens Head - Aberdeen,Coca Cola,34.38,Maintenance
3/22/2026,The Anchor - Perth,Heineken UK Ltd,464.84,Utilities
3/31/2026,Kings Arms - Edinburgh,Local Bakery,1237.78,Food
25/02/2026,Kings Arms - Edinburgh,JJ Foods,1234.61,Food
2026-01-01,Royal Oak - Paisley,BOOKER,276.60,Soft Drinks
1/8/2026,Fox & Hound - Hamilton,Makro,£153.12,Food
1/1/2026,Red Lion - Glasgow,JJ Foods,342.58,Cleaning
2026-03-07,The Ship Inn - Oban,Bidfood,357.91,Soft Drinks
1/31/2026,The Ship Inn - Oban,JJ Food Service,962.67,Alcohol
1/4/2026,The Plough - Falkirk,Brakes Catering,2697.52,Alcohol
2026-04-10,The Crown - Stirling,bidfood,576.72,Alcohol
01/01/2026,Kings Arms - Edinburgh,Costco UK,£380.01,Soft Drinks
2/16/2026,The Ship Inn - Oban,Coca Cola,69.51,Soft Drinks
2026-02-08,Red Lion - Glasgow,Scottish Water,£731.76,Food
09/02/2026,Red Lion - Glasgow,Booker Wholesale,266.15,Maintenance
13/04/2026,The Plough - Falkirk,HEINEKEN,308.27,Cleaning
23/03/2026,Queens Head - Aberdeen,Brakes,-285.13,Maintenance
2026-01-12,Fox & Hound - Hamilton,Amazon,1242.49,Food
2026-04-13,The Swan - Ayr,Local Butcher,360.00,Maintenance
29/01/2026,The Anchor - Perth,Coca Cola,182.79,Soft Drinks
21/04/2026,Royal Oak - Paisley,heineken,69.87,Maintenance
04/04/2026,The Swan - Ayr,EON Energy,227.32,Soft Drinks
2026-04-04,The Plough - Falkirk,HEINEKEN,£95.83,Maintenance
13/03/2026,Kings Arms - Edinburgh,BRAKES UK,367.69,Food
2026-02-11,The Plough - Falkirk,coca cola,210.42,Soft Drinks
4/7/2026,The Anchor - Perth,Local Bakery,£137.47,Supplies
05/04/2026,Royal Oak - Paisley,EONEnergy,352.65,Utilities
2026-01-20,Kings Arms - Edinburgh,Brakes,2379.40,Alcohol
2026-01-07,Fox & Hound - Hamilton,Coca Cola,1902.99,Alcohol
4/29/2026,The Swan - Ayr,brakes catering,£341.70,Maintenance
01/02/2026,The Swan - Ayr,Heineken UK,£392.82,Cleaning
3/4/2026,White Hart - Inverness,Heineken UK Ltd,491.22,Utilities
27/04/2026,Queens Head - Aberdeen,DIAGEO,295.79,Maintenance
3/6/2026,The Anchor - Perth,Coca Cola Europacific,£217.16 ,Supplies
2026-01-08,Fox & Hound - Hamilton,BOOKER,103.05,Cleaning
2026-04-20,Red Lion - Glasgow,BT PLC,£509.75,Utilities
22/01/2026,The Crown - Stirling,heineken uk ltd,478.50,Utilities
3/18/2026,The Ship Inn - Oban,BOOKER,2068.49,Alcohol
2026-01-21,Kings Arms - Edinburgh,brakes catering,£318.52,Cleaning
2026-02-21,The Ship Inn - Oban,CocaCola Europacific,295.50,Cleaning
28/04/2026,White Hart - Inverness,booker,£786.51,Food
3/3/2026,Queens Head - Aberdeen,Heineken UK,£290.61,Maintenance
2026-03-17,The Ship Inn - Oban,BT PLC,-140.72,Cleaning
2026-01-20,Fox & Hound - Hamilton,Heineken UK Ltd,287.58,Soft Drinks
21/02/2026,Kings Arms - Edinburgh,Local Bakery,550.88,Food
1/29/2026,Black Bull - Dundee,Bidfood,284.59,Supplies
2026-02-08,The Anchor - Perth,Brakes Catering,£212.84,Maintenance
15/01/2026,Red Lion - Glasgow,JJ Food Service,446.84,Utilities
10/01/2026,The Anchor - Perth,Amazon Business,62.73,Maintenance
08/02/2026,Kings Arms - Edinburgh,Diageo PLC,216.23,Food
2026-04-23,The Anchor - Perth,BritishGas,602.24,Food
2026-01-14,Kings Arms - Edinburgh,EON Energy,697.43,Alcohol
2026-04-09,The Plough - Falkirk,Brakes Catering,1847.93,Alcohol
23/02/2026,Kings Arms - Edinburgh,JJ Food Service,181.82 ,Supplies
07/01/2026,Kings Arms - Edinburgh,Amazon,50.08,Maintenance
28/03/2026,The Swan - Ayr,bidfood,57.44,Maintenance
30/03/2026,Queens Head - Aberdeen,Scottish Water,1969.54,Alcohol
2/13/2026,The Anchor - Perth,Amazon,£1007.12,Food
1/29/2026,Royal Oak - Paisley,Local Bakery,252.82,Cleaning
1/3/2026,The Plough - Falkirk,local butcher,49.37,Soft Drinks
2026-04-16,Kings Arms - Edinburgh,Amazon Business,£34.09,Supplies
15/03/2026,Fox & Hound - Hamilton,E.ON,£241.35,Supplies
2026-04-13,Kings Arms - Edinburgh,Bidfood,£429.56,Maintenance
14/03/2026,Red Lion - Glasgow,Local Bakery,1238.61,Food
10/01/2026,The Swan - Ayr,E.ON,1300.23,Food
2026-01-01,Fox & Hound - Hamilton,DIAGEO,£582.35,Food
2/7/2026,Fox & Hound - Hamilton,Heineken UK Ltd,386.20,Supplies
27/02/2026,The Plough - Falkirk,Heineken UK,£525.67,Food
2/28/2026,Queens Head - Aberdeen,BRAKES UK,488.49,Utilities
3/2/2026,The Swan - Ayr,coca cola,581.70,Food
2026-02-19,The Swan - Ayr,Amazon Business,2176.80,Alcohol
4/10/2026,Black Bull - Dundee,eon energy,237.80,Maintenance
2026-01-06,The Anchor - Perth,Makro,199.62,Soft Drinks
2026-04-28,Black Bull - Dundee,Amazon Business,£339.16,Cleaning
02/04/2026,The Crown - Stirling,Coca Cola,264.42,Soft Drinks
2026-04-01,Black Bull - Dundee,Local Butcher,241.93,Utilities
13/02/2026,Red Lion - Glasgow,EON Energy,£2416.78,Alcohol
2026-02-07,Royal Oak - Paisley,Coca Cola,927.19,Food
2026-04-26,The Crown - Stirling,Makro,260.85,Maintenance
2026-02-01,The Swan - Ayr,Makro,278.04,Cleaning
2026-02-28,Royal Oak - Paisley,EON Energy,793.25,Food
2026-03-10,Black Bull - Dundee,BOOKER,393.77,Cleaning
4/19/2026,Fox & Hound - Hamilton,ScottishWater,422.31,Utilities
2026-03-28,The Anchor - Perth,HEINEKEN,£1345.57,Food
2/1/2026,Kings Arms - Edinburgh,DIAGEO,£1405.83,Alcohol
2026-03-10,The Ship Inn - Oban,Local Fishmonger,£186.94,Maintenance
2/7/2026,Fox & Hound - Hamilton,BRAKES UK,2012.65,Alcohol
06/02/2026,The Plough - Falkirk,Brakes Catering,1054.44,Food
2026-02-21,The Ship Inn - Oban,Amazon Business,£135.34,Utilities
2026-03-13,The Plough - Falkirk,Local Butcher,511.54,Utilities
2026-04-05,Royal Oak - Paisley,DIAGEO,-£2686.83,Alcohol
20/03/2026,Queens Head - Aberdeen,JJ Foods,£1659.06,Alcohol
2026-03-18,The Swan - Ayr,Local Butcher,2563.14,Alcohol
2026-03-07,Black Bull - Dundee,EON Energy,177.41,Supplies
31/01/2026,Royal Oak - Paisley,Scottish Water,127.12,Cleaning
3/11/2026,Queens Head - Aberdeen,Booker Wholesale,916.59 ,Food
2026-04-05,Royal Oak - Paisley,Brakes Catering,£159.31,Food
2026-01-23,The Anchor - Perth,Local Bakery,560.25,Alcohol
2026-01-24,The Swan - Ayr,Amazon,575.68,Food
2026-03-06,The Swan - Ayr,British Gas,-316.76,Soft Drinks
21/01/2026,Queens Head - Aberdeen,makro,776.49,Food
2026-03-25,Kings Arms - Edinburgh,BOOKER,98.16,Maintenance
03/03/2026,Queens Head - Aberdeen,Scottish Water,£359.53,Cleaning
4/18/2026,Fox & Hound - Hamilton,JJ Food Service,365.73,Soft Drinks
12/03/2026,The Anchor - Perth,Diageo Ltd,2607.81,Alcohol
2026-02-02,Red Lion - Glasgow,scottish water,827.19,Food
26/04/2026,Red Lion - Glasgow,Makro,303.90,Utilities
2026-03-02,The Plough - Falkirk,Bidfood,£1660.92,Alcohol
2026-03-19,Queens Head - Aberdeen,Booker Ltd,176.39,Supplies
11/04/2026,Black Bull - Dundee,Booker Wholesale,114.14,Utilities
2026-03-19,The Swan - Ayr,E.ON,208.32,Supplies
18/01/2026,Queens Head - Aberdeen,Coca Cola Europacific,-234.87,Soft Drinks
2026-02-10,White Hart - Inverness,DIAGEO,402.12,Supplies
4/3/2026,Red Lion - Glasgow,Local Fishmonger,384.87,Supplies
18/04/2026,Red Lion - Glasgow,DIAGEO,243.54 ,Soft Drinks
3/9/2026,Fox & Hound - Hamilton,DIAGEO,-1960.08,Alcohol
21/02/2026,Royal Oak - Paisley,Scottish Water,313.33,Maintenance
1/30/2026,The Plough - Falkirk,Makro,525.88,Utilities
4/16/2026,Black Bull - Dundee,Local Fishmonger,402.42,Food
2026-01-10,Red Lion - Glasgow,British Gas,230.28,Food
3/23/2026,Kings Arms - Edinburgh,Diageo Ltd,158.26,Soft Drinks
02/03/2026,The Swan - Ayr,British Gas,£1611.84,Alcohol
2026-04-14,Queens Head - Aberdeen,BOOKER,198.92,Supplies
1/13/2026,Black Bull - Dundee,Scottish Water,50.95,Soft Drinks
1/21/2026,The Anchor - Perth,British Gas,195.32,Supplies
1/6/2026,The Anchor - Perth,British Gas,£357.01,Cleaning
2/21/2026,Fox & Hound - Hamilton,local butcher,£193.80,Soft Drinks
03/03/2026,The Crown - Stirling,Local Fishmonger,167.66 ,Maintenance
08/01/2026,The Plough - Falkirk,Heineken UK Ltd,1311.00,Food
09/02/2026,White Hart - Inverness,BT PLC,510.54,Utilities
2026-01-06,Red Lion - Glasgow,HEINEKEN,£256.90,Utilities
2026-02-12,The Swan - Ayr,JJ Foods,£304.49,Cleaning
25/01/2026,Queens Head - Aberdeen,Heineken UK Ltd,307.99,Supplies
25/04/2026,The Plough - Falkirk,Coca Cola Europacific,75.03,Maintenance
1/7/2026,The Plough - Falkirk,Coca Cola,-322.92,Supplies
2026-04-22,The Plough - Falkirk,Makro,£272.81,Maintenance
2026-04-03,Fox & Hound - Hamilton,Scottish Water,-548.19,Utilities
14/02/2026,Red Lion - Glasgow,Scottish Water,158.82,Supplies
13/04/2026,Kings Arms - Edinburgh,JJ Food Service,50.03,Maintenance
2/24/2026,The Crown - Stirling,Local Fishmonger,440.49,Utilities
1/16/2026,Kings Arms - Edinburgh,British Gas,2876.99,Alcohol
2026-03-07,The Plough - Falkirk,JJ Foods,30.13,Soft Drinks
2026-02-26,The Ship Inn - Oban,diageo ltd,159.28,Maintenance
2026-02-17,The Plough - Falkirk,Diageo Ltd,£196.00,Maintenance
2026-01-15,Black Bull - Dundee,DIAGEO,220.86 ,Utilities
3/15/2026,The Ship Inn - Oban,Coca Cola,£100.01,Supplies
2026-01-22,The Crown - Stirling,JJ Food Service,-£479.86,Utilities
3/15/2026,The Plough - Falkirk,Local Butcher,2593.87,Alcohol
25/02/2026,The Ship Inn - Oban,EON Energy,245.88,Soft Drinks
3/10/2026,The Plough - Falkirk,heineken uk ltd,298.67,Utilities
3/7/2026,Kings Arms - Edinburgh,HEINEKEN,111.64,Maintenance
3/4/2026,Kings Arms - Edinburgh,bt plc,894.86,Food
2026-01-16,Kings Arms - Edinburgh,Diageo PLC,432.98,Alcohol
11/04/2026,Black Bull - Dundee,Brakes,-361.12,Supplies
4/22/2026,Fox & Hound - Hamilton,Makro,£347.84 ,Utilities
2/11/2026,White Hart - Inverness,brakes,£735.79,Alcohol
20/01/2026,The Anchor - Perth,Booker Ltd,539.63,Utilities
1/10/2026,Black Bull - Dundee,Booker Ltd,337.43,Cleaning
27/01/2026,Black Bull - Dundee,HEINEKEN,292.70,Food
2026-01-11,The Ship Inn - Oban,Local Butcher,285.94,Utilities
2026-02-01,Black Bull - Dundee,Local Fishmonger,407.63 ,Supplies
1/15/2026,White Hart - Inverness,DIAGEO,415.01,Soft Drinks
2/4/2026,Queens Head - Aberdeen,Coca Cola Europacific,87.10,Cleaning
27/01/2026,Red Lion - Glasgow,Local Fishmonger,403.85,Cleaning
4/4/2026,The Ship Inn - Oban,Brakes,1066.64,Food
2/20/2026,Black Bull - Dundee,EON Energy,379.56,Supplies
16/04/2026,The Ship Inn - Oban,Heineken UK Ltd,763.71,Food
4/20/2026,The Ship Inn - Oban,Brakes Catering,£171.21,Food
4/14/2026,The Anchor - Perth,DIAGEO,£97.53,Cleaning
4/3/2026,White Hart - Inverness,Bidfood,£127.43,Utilities
2/24/2026,Red Lion - Glasgow,Amazon,2518.06,Alcohol
2026-03-27,Royal Oak - Paisley,BOOKER,£217.71,Soft Drinks
1/28/2026,Black Bull - Dundee,DIAGEO,240.47,Supplies
4/13/2026,The Swan - Ayr,BRAKES UK,465.71,Food
2026-01-06,The Plough - Falkirk,DIAGEO,421.42,Maintenance
03/03/2026,Fox & Hound - Hamilton,ScottishWater,£325.10,Soft Drinks
4/4/2026,Royal Oak - Paisley,Heineken UK,£170.90,Food
3/10/2026,Red Lion - Glasgow,BRAKES UK,£302.03,Cleaning
3/18/2026,Red Lion - Glasgow,heineken uk ltd,240.80,Utilities
3/6/2026,Red Lion - Glasgow,Amazon,172.59,Utilities
2026-04-08,Kings Arms - Edinburgh,Local Butcher,£179.46,Soft Drinks
2026-01-19,The Swan - Ayr,DIAGEO,£436.14,Utilities
3/27/2026,Kings Arms - Edinburgh,JJ Foods,£122.38,Cleaning
17/01/2026,The Crown - Stirling,Heineken UK Ltd,£1140.02,Food
16/01/2026,The Plough - Falkirk,HEINEKEN,£561.31,Utilities
3/11/2026,The Swan - Ayr,JJ Food Service,277.90,Cleaning
2026-04-05,Royal Oak - Paisley,Heineken UK,383.62,Cleaning
22/01/2026,White Hart - Inverness,HEINEKEN,217.92 ,Cleaning
2026-03-06,The Plough - Falkirk,Heineken UK,189.55,Maintenance
3/12/2026,The Crown - Stirling,brakes,£278.58,Cleaning
1/21/2026,The Anchor - Perth,BT PLC,36.92,Soft Drinks
4/25/2026,Royal Oak - Paisley,Brakes,550.33,Utilities
1/2/2026,Fox & Hound - Hamilton,JJ Food Service,-189.79,Soft Drinks
2/4/2026,Queens Head - Aberdeen,British Gas,418.42,Cleaning
4/11/2026,Queens Head - Aberdeen,Diageo PLC,-207.07,Soft Drinks
4/28/2026,Queens Head - Aberdeen,Coca Cola,590.47,Utilities
20/04/2026,The Ship Inn - Oban,e.on,£398.02,Soft Drinks
2026-02-11,Black Bull - Dundee,Local Fishmonger,£962.28,Alcohol
04/01/2026,Queens Head - Aberdeen,BRAKES UK,334.64 ,Soft Drinks
25/04/2026,The Anchor - Perth,EON Energy,512.05,Food
2026-01-18,Kings Arms - Edinburgh,BOOKER,426.67,Utilities
12/04/2026,White Hart - Inverness,Coca Cola Europacific,297.36,Supplies
4/30/2026,The Swan - Ayr,JJ Foods,2064.40,Alcohol
1/6/2026,Fox & Hound - Hamilton,Coca Cola Europacific,£288.35,Soft Drinks
1/23/2026,The Swan - Ayr,Bidfood,310.53,Cleaning
2/26/2026,The Crown - Stirling,EON Energy,£822.75,Food
2026-04-10,Royal Oak - Paisley,Amazon,£2441.98,Alcohol
4/13/2026,The Swan - Ayr,Diageo Ltd,£53.91,Soft Drinks
18/04/2026,Kings Arms - Edinburgh,Brakes,404.59,Utilities
2026-02-13,The Ship Inn - Oban,Local Butcher,£250.84,Food
1/29/2026,Royal Oak - Paisley,Local Bakery,50.00,Soft Drinks
16/03/2026,Kings Arms - Edinburgh,DIAGEO,79.19,Supplies
3/21/2026,The Anchor - Perth,Coca Cola,292.81,Cleaning
4/11/2026,The Plough - Falkirk,Amazon,210.21,Food
2026-02-12,Fox & Hound - Hamilton,Diageo PLC,£238.90,Soft Drinks
1/8/2026,Fox & Hound - Hamilton,BOOKER,156.17,Utilities
2026-03-04,Queens Head - Aberdeen,Amazon Business,1253.37,Food
3/18/2026,Red Lion - Glasgow,Makro,£178.08,Soft Drinks
01/04/2026,The Crown - Stirling,Brakes,91.28,Maintenance
22/04/2026,Kings Arms - Edinburgh,Diageo Ltd,133.11,Soft Drinks
3/31/2026,The Crown - Stirling,DIAGEO,958.57,Food
25/01/2026,The Anchor - Perth,Costco UK,223.15,Cleaning
15/02/2026,The Crown - Stirling,JJ Foods,195.04,Supplies
19/04/2026,Red Lion - Glasgow,Local Butcher,247.93,Soft Drinks
1/12/2026,Royal Oak - Paisley,Heineken UK,71.24,Soft Drinks
02/01/2026,Royal Oak - Paisley,Bidfood,430.89,Utilities
28/04/2026,White Hart - Inverness,Bidfood,£149.64,Soft Drinks
2026-02-01,Fox & Hound - Hamilton,Local Fishmonger,33.45,Cleaning
2026-01-18,Royal Oak - Paisley,EON Energy,128.30,Soft Drinks
2026-04-07,The Crown - Stirling,Local Fishmonger,£429.34,Cleaning
29/01/2026,Red Lion - Glasgow,Brakes Catering,2238.32,Alcohol
3/7/2026,Red Lion - Glasgow,Makro,120.09,Maintenance
3/8/2026,White Hart - Inverness,costco uk,264.18,Supplies
2026-02-21,White Hart - Inverness,JJ Food Service,1223.79,Food
2026-02-26,Kings Arms - Edinburgh,Local Butcher,300.14,Cleaning
12/02/2026,The Anchor - Perth,Amazon,1055.20,Food
2026-01-24,White Hart - Inverness,BT PLC,-360.42,Utilities
1/4/2026,The Ship Inn - Oban,Diageo Ltd,307.97,Utilities
13/01/2026,Red Lion - Glasgow,Heineken UK,-43.53 ,Cleaning
2026-02-27,Fox & Hound - Hamilton,Diageo PLC,307.26,Soft Drinks
11/01/2026,The Swan - Ayr,heineken,77.46,Maintenance
18/02/2026,The Plough - Falkirk,bidfood,123.31,Maintenance
30/04/2026,White Hart - Inverness,diageo,1091.29,Food
1/5/2026,Queens Head - Aberdeen,Amazon Business,289.40,Soft Drinks
3/23/2026,Kings Arms - Edinburgh,Bidfood,363.64,Soft Drinks
4/19/2026,The Anchor - Perth,Heineken UK Ltd,£136.75,Maintenance
4/29/2026,Red Lion - Glasgow,brakes uk,-£199.90,Soft Drinks
2/10/2026,The Plough - Falkirk,amazon,£144.57,Utilities
09/03/2026,The Ship Inn - Oban,CocaCola Europacific,1869.85,Alcohol
2026-01-22,Queens Head - Aberdeen,Amazon Business,249.03,Supplies
2026-02-07,The Anchor - Perth,BRAKES UK,-260.65,Supplies
2026-04-15,The Ship Inn - Oban,E.ON,1220.46,Food
08/02/2026,The Anchor - Perth,Diageo Ltd,371.80,Maintenance
2026-02-09,The Plough - Falkirk,Coca Cola Europacific,£1604.94,Alcohol
1/11/2026,The Ship Inn - Oban,Diageo PLC,185.43 ,Maintenance
20/04/2026,Royal Oak - Paisley,E.ON,414.62,Supplies
26/03/2026,Kings Arms - Edinburgh,JJ Foods,282.59,Utilities
4/24/2026,Black Bull - Dundee,BT PLC,275.32 ,Supplies
18/03/2026,The Crown - Stirling,EON Energy,£454.04,Utilities
2026-04-12,Black Bull - Dundee,bt plc,127.74,Supplies
26/04/2026,The Plough - Falkirk,Makro,224.28,Utilities
16/04/2026,The Swan - Ayr,Coca Cola Europacific,£253.00,Supplies
2026-02-14,The Anchor - Perth,JJ Foods,£540.15,Food
2026-04-04,Kings Arms - Edinburgh,British Gas,£2538.53,Alcohol
2026-02-10,The Ship Inn - Oban,Local Bakery,706.72,Food
2026-03-29,White Hart - Inverness,Bidfood,£235.95,Supplies
02/02/2026,The Anchor - Perth,Scottish Water,199.10,Supplies
2026-01-31,Royal Oak - Paisley,JJ Foods,302.86,Cleaning
2026-02-09,The Crown - Stirling,Booker Ltd,£493.86,Food
2026-02-09,Black Bull - Dundee,E.ON,513.63,Food
2026-04-03,Black Bull - Dundee,Scottish Water,523.41,Food
2/4/2026,Royal Oak - Paisley,BOOKER,£360.16,Cleaning
4/15/2026,Black Bull - Dundee,Local Fishmonger,219.80,Utilities
2026-04-06,Fox & Hound - Hamilton,Diageo PLC,318.43,Supplies
2026-01-09,Kings Arms - Edinburgh,Heineken UK,357.45,Maintenance
24/02/2026,Black Bull - Dundee,Booker Ltd,559.26,Food
2026-02-16,The Ship Inn - Oban,Makro,£1330.49,Food
3/3/2026,The Ship Inn - Oban,JJ Foods,80.99,Cleaning
2026-03-20,The Anchor - Perth,JJFood Service,£345.00,Cleaning
23/01/2026,The Crown - Stirling,Amazon Business,£379.13,Cleaning
2/16/2026,Black Bull - Dundee,Diageo Ltd,£1694.94,Alcohol
06/03/2026,Kings Arms - Edinburgh,Local Bakery,£1113.76,Food
2026-04-18,The Crown - Stirling,booker wholesale,526.71,Food
2026-04-18,Kings Arms - Edinburgh,Bidfood,£283.99,Utilities
1/21/2026,Queens Head - Aberdeen,Heineken UK Ltd,1069.07,Alcohol
14/03/2026,Black Bull - Dundee,bt plc,1535.29,Alcohol
1/13/2026,The Ship Inn - Oban,Heineken UK,749.73,Food
3/5/2026,The Crown - Stirling,Coca Cola,305.71,Utilities
2026-01-16,White Hart - Inverness,Brakes,333.17,Supplies
13/03/2026,Fox & Hound - Hamilton,Makro,109.47 ,Soft Drinks
3/15/2026,The Swan - Ayr,Coca Cola Europacific,341.04,Supplies
2026-02-04,White Hart - Inverness,JJ Food Service,236.41,Soft Drinks
2026-02-10,Kings Arms - Edinburgh,Diageo PLC,196.64,Soft Drinks
30/04/2026,The Anchor - Perth,Local Fishmonger,2162.57,Alcohol
3/7/2026,Kings Arms - Edinburgh,BT PLC,229.79,Utilities
2026-03-08,The Ship Inn - Oban,Heineken UK,£89.77,Soft Drinks
02/04/2026,Kings Arms - Edinburgh,makro,543.67,Food
3/16/2026,The Ship Inn - Oban,EON Energy,249.67,Cleaning
2026-02-08,Fox & Hound - Hamilton,bidfood,2076.10,Alcohol
25/02/2026,The Swan - Ayr,Amazon Business,126.81,Maintenance
29/01/2026,Kings Arms - Edinburgh,British Gas,207.84,Maintenance
19/04/2026,The Swan - Ayr,CostcoUK,328.13,Utilities
2026-02-01,The Anchor - Perth,BRAKES UK,310.60,Soft Drinks
24/01/2026,Fox & Hound - Hamilton,jj foods,31.36,Maintenance
28/03/2026,White Hart - Inverness,brakes uk,£265.19,Cleaning
15/04/2026,The Swan - Ayr,E.ON,448.91,Food
3/14/2026,The Plough - Falkirk,jj food service,308.95,Soft Drinks
1/22/2026,The Swan - Ayr,E.ON,315.22,Maintenance
21/02/2026,The Anchor - Perth,Brakes,343.00,Food
2026-01-29,Queens Head - Aberdeen,HEINEKEN,310.76,Utilities
2026-01-09,Royal Oak - Paisley,diageo,-£900.96,Alcohol
2026-04-27,The Crown - Stirling,EON Energy,31.23,Soft Drinks
17/01/2026,The Anchor - Perth,BRAKES UK,411.30,Supplies
01/01/2026,White Hart - Inverness,Makro,194.80,Utilities
26/04/2026,The Crown - Stirling,BT PLC,127.20,Soft Drinks
2026-02-22,White Hart - Inverness,coca cola europacific,£173.72,Utilities
17/02/2026,The Plough - Falkirk,E.ON,63.04,Supplies
2026-02-15,The Plough - Falkirk,heineken,231.03,Supplies
3/2/2026,The Plough - Falkirk,bidfood,325.54,Cleaning
2026-04-23,The Plough - Falkirk,Local Fishmonger,£191.98,Maintenance
1/14/2026,White Hart - Inverness,Amazon Business,£153.97,Soft Drinks
23/02/2026,Fox & Hound - Hamilton,Costco UK,£213.92,Soft Drinks
4/17/2026,Kings Arms - Edinburgh,Booker Ltd,141.48,Utilities
2026-02-25,Kings Arms - Edinburgh,Local Fishmonger,120.41,Cleaning
05/04/2026,The Ship Inn - Oban,Coca Cola Europacific,57.08,Soft Drinks
06/04/2026,Kings Arms - Edinburgh,Heineken UK Ltd,181.16,Soft Drinks
21/04/2026,The Ship Inn - Oban,Coca Cola Europacific,294.97,Food
2026-01-14,White Hart - Inverness,Brakes,366.66,Supplies
3/11/2026,Fox & Hound - Hamilton,Heineken UK,£221.47,Soft Drinks
2026-03-15,Fox & Hound - Hamilton,Heineken UK,533.14,Utilities
04/01/2026,Royal Oak - Paisley,Bidfood,370.22,Cleaning
2026-03-06,Fox & Hound - Hamilton,JJ Foods,161.39,Utilities
2026-02-17,Royal Oak - Paisley,EON Energy,143.14,Maintenance
1/21/2026,White Hart - Inverness,Diageo Ltd,319.88,Food
2026-01-05,Kings Arms - Edinburgh,Scottish Water,102.37,Cleaning
2026-02-06,Red Lion - Glasgow,DIAGEO,-34.47,Maintenance
03/03/2026,The Swan - Ayr,Booker Ltd,2786.00,Alcohol
4/8/2026,The Anchor - Perth,HEINEKEN,212.90 ,Cleaning
3/19/2026,Queens Head - Aberdeen,Booker Wholesale,1884.19,Alcohol
2026-04-19,The Plough - Falkirk,Local Bakery,269.80,Utilities
22/03/2026,The Crown - Stirling,Diageo PLC,84.37,Supplies
2/5/2026,The Ship Inn - Oban,Scottish Water,387.44,Supplies
27/02/2026,The Anchor - Perth,British Gas,170.23,Supplies
1/6/2026,The Ship Inn - Oban,Makro,£393.81,Utilities
2026-04-21,The Anchor - Perth,Costco UK,-339.75,Utilities
2026-01-26,The Plough - Falkirk,BOOKER,78.13,Cleaning
2026-03-10,Royal Oak - Paisley,Makro,1066.93,Food
10/01/2026,The Plough - Falkirk,Brakes Catering,£127.93,Supplies
2026-02-18,The Crown - Stirling,JJ Foods,391.46,Maintenance
3/30/2026,Royal Oak - Paisley,Amazon,£376.45,Maintenance
1/1/2026,The Anchor - Perth,Scottish Water,561.61 ,Food
2026-04-09,The Anchor - Perth,Scottish Water,945.45,Food
27/02/2026,Fox & Hound - Hamilton,booker ltd,188.49,Soft Drinks
2026-02-02,The Anchor - Perth,Booker Wholesale,-400.16,Supplies
1/19/2026,The Swan - Ayr,Diageo Ltd,329.12,Cleaning
2026-04-05,The Swan - Ayr,HEINEKEN,1876.47,Alcohol
4/29/2026,The Anchor - Perth,Brakes,£120.00,Cleaning
2/21/2026,The Swan - Ayr,JJ Food Service,419.02,Cleaning
2026-03-28,The Crown - Stirling,CocaCola Europacific,£568.23,Food
2026-02-14,White Hart - Inverness,Amazon Business,296.86,Cleaning
2026-02-04,Royal Oak - Paisley,BRAKES UK,885.09,Alcohol
2026-02-13,The Plough - Falkirk,E.ON,270.45,Soft Drinks
4/28/2026,The Crown - Stirling,Brakes,372.15,Supplies
2026-02-19,Kings Arms - Edinburgh,Costco UK,233.72,Supplies
2026-04-27,Kings Arms - Edinburgh,Amazon,593.11,Utilities
4/29/2026,The Anchor - Perth,BookerWholesale,143.79,Utilities
2026-01-25,Royal Oak - Paisley,EON Energy,314.06,Supplies
2026-01-13,The Plough - Falkirk,Bidfood,1541.01,Alcohol
29/01/2026,The Plough - Falkirk,Diageo Ltd,£1246.08,Food
2026-03-19,The Anchor - Perth,local bakery,379.21,Soft Drinks
2026-04-01,The Crown - Stirling,EON Energy,111.10,Cleaning
04/02/2026,The Swan - Ayr,Coca Cola Europacific,£390.72,Cleaning
1/16/2026,The Swan - Ayr,HEINEKEN,£119.32,Utilities
07/03/2026,White Hart - Inverness,Amazon,141.62,Utilities
2026-03-30,The Ship Inn - Oban,Bidfood,406.35,Cleaning
2026-01-23,Fox & Hound - Hamilton,Local Bakery,421.17,Maintenance
4/15/2026,Red Lion - Glasgow,EON Energy,148.13,Supplies
2026-01-11,White Hart - Inverness,Coca Cola,218.84,Soft Drinks
4/27/2026,Queens Head - Aberdeen,Diageo Ltd,-1880.27,Alcohol
04/02/2026,Kings Arms - Edinburgh,bookerltd,1319.51,Alcohol
3/28/2026,Black Bull - Dundee,JJ Food Service,478.61,Food
12/02/2026,Fox & Hound - Hamilton,BRAKES UK,81.19,Supplies
2026-04-13,The Plough - Falkirk,BOOKER,£161.82,Soft Drinks
14/04/2026,The Anchor - Perth,Local Bakery,73.35,Maintenance
02/03/2026,Black Bull - Dundee,booker wholesale,113.41,Cleaning
17/03/2026,White Hart - Inverness,Local Bakery,227.50,Supplies
28/03/2026,Red Lion - Glasgow,Amazon Business,88.14,Supplies
1/15/2026,Fox & Hound - Hamilton,Makro,2015.58,Alcohol
2026-02-11,The Ship Inn - Oban,Scottish Water,296.25,Soft Drinks
11/01/2026,The Plough - Falkirk,Makro,379.72,Utilities
2026-02-25,Fox & Hound - Hamilton,Scottish Water,£1273.02,Alcohol
05/04/2026,White Hart - Inverness,BOOKER,318.89,Soft Drinks
2026-02-04,Queens Head - Aberdeen,Bidfood,413.06,Maintenance
2026-01-18,The Crown - Stirling,Local Bakery,-£320.67,Maintenance
2026-01-13,Royal Oak - Paisley,Amazon Business,296.37,Cleaning
17/02/2026,White Hart - Inverness,Bidfood,178.59,Soft Drinks
4/19/2026,Kings Arms - Edinburgh,Makro,115.52,Soft Drinks
2026-03-13,The Plough - Falkirk,brakes,39.25,Soft Drinks
2026-01-25,The Crown - Stirling,Bidfood,-£479.05,Food
4/23/2026,The Swan - Ayr,Bidfood,-384.29,Maintenance
4/14/2026,The Ship Inn - Oban,Brakes,189.43,Supplies
22/03/2026,The Ship Inn - Oban,Amazon,£247.95,Cleaning
1/12/2026,Red Lion - Glasgow,brakes catering,571.29 ,Food
2026-02-02,Fox & Hound - Hamilton,Local Butcher,270.98,Supplies
2026-04-28,White Hart - Inverness,Booker Ltd,59.05,Maintenance
26/01/2026,The Swan - Ayr,Local Butcher,£402.41,Supplies
3/31/2026,Royal Oak - Paisley,british gas,-1223.74,Food
3/8/2026,The Plough - Falkirk,DIAGEO,553.56,Alcohol
27/03/2026,The Crown - Stirling,HEINEKEN,395.76,Maintenance
06/02/2026,The Swan - Ayr,JJ Food Service,-462.39 ,Alcohol
1/31/2026,Fox & Hound - Hamilton,Brakes,£367.66,Food
1/9/2026,The Swan - Ayr,Coca Cola Europacific,545.91,Alcohol
2/8/2026,The Swan - Ayr,BRAKES UK,148.95,Supplies
3/21/2026,The Crown - Stirling,Diageo Ltd,£371.71,Maintenance
3/21/2026,Queens Head - Aberdeen,JJ Foods,236.01,Soft Drinks
4/12/2026,Fox & Hound - Hamilton,jj foods,413.79,Soft Drinks
4/6/2026,The Swan - Ayr,HEINEKEN,338.08,Cleaning
2026-03-18,The Ship Inn - Oban,Bidfood,£536.77,Utilities
2026-02-11,Black Bull - Dundee,Coca Cola Europacific,36.37,Maintenance
11/02/2026,The Ship Inn - Oban,British Gas,£383.20,Maintenance
2026-01-17,The Crown - Stirling,makro,223.18,Utilities
11/03/2026,Royal Oak - Paisley,Booker Wholesale,2208.22,Alcohol
16/01/2026,Black Bull - Dundee,EONEnergy,218.01,Maintenance
1/29/2026,The Crown - Stirling,Heineken UK,925.29 ,Alcohol
2026-03-04,The Crown - Stirling,Costco UK,£152.71,Supplies
2026-01-29,Royal Oak - Paisley,Bidfood,368.81,Supplies
4/22/2026,Queens Head - Aberdeen,British Gas,2665.98,Alcohol
28/03/2026,White Hart - Inverness,Diageo PLC,235.70,Food
24/03/2026,White Hart - Inverness,JJ Food Service,£46.13,Supplies
4/3/2026,Black Bull - Dundee,Booker Wholesale,174.33,Maintenance
2026-03-11,Kings Arms - Edinburgh,jj food service,278.68,Cleaning
14/01/2026,The Swan - Ayr,Scottish Water,201.03,Supplies
2026-02-02,Black Bull - Dundee,British Gas,1072.53,Alcohol
1/11/2026,Fox & Hound - Hamilton,Costco UK,107.88,Supplies
21/02/2026,Fox & Hound - Hamilton,Amazon,266.15,Supplies
2026-01-22,Fox & Hound - Hamilton,local bakery,33.35,Supplies
4/21/2026,The Crown - Stirling,Heineken UK Ltd,506.06,Utilities
26/04/2026,White Hart - Inverness,DiageoPLC,-£2888.16,Alcohol
23/03/2026,The Crown - Stirling,Makro,2631.04,Alcohol
2026-02-19,The Swan - Ayr,scottish water,742.82,Alcohol
3/18/2026,Queens Head - Aberdeen,JJ Food Service,194.63,Soft Drinks
2026-03-26,The Ship Inn - Oban,EON Energy,2766.60,Alcohol
2026-02-14,Red Lion - Glasgow,Bidfood,369.80,Maintenance
23/02/2026,Royal Oak - Paisley,diageo plc,961.26,Food
2/10/2026,Black Bull - Dundee,Heineken UK,£160.71 ,Soft Drinks
2026-01-21,White Hart - Inverness,Booker Wholesale,2876.86,Alcohol
11/04/2026,White Hart - Inverness,Diageo PLC,-264.84,Supplies
1/23/2026,Queens Head - Aberdeen,Booker Ltd,379.50,Soft Drinks
4/6/2026,Black Bull - Dundee,E.ON,327.34,Utilities
11/04/2026,The Anchor - Perth,BRAKES UK,406.38,Alcohol
2026-03-05,Black Bull - Dundee,EONEnergy,£2509.84,Alcohol
2026-04-28,The Crown - Stirling,E.ON,£1177.78,Food
08/01/2026,The Ship Inn - Oban,JJ Food Service,£2298.52,Alcohol
2026-01-01,The Anchor - Perth,Heineken UK,-150.97,Cleaning
01/03/2026,The Swan - Ayr,Diageo PLC,274.09,Supplies
2026-03-07,Royal Oak - Paisley,bidfood,575.14,Utilities
10/01/2026,Queens Head - Aberdeen,Booker Wholesale,32.73,Cleaning
2/22/2026,Fox & Hound - Hamilton,JJ Food Service,201.52,Supplies
30/04/2026,Red Lion - Glasgow,Amazon,168.19,Cleaning
3/29/2026,The Swan - Ayr,heineken,275.52,Maintenance
01/03/2026,The Crown - Stirling,Local Butcher,£249.66,Soft Drinks
18/04/2026,Kings Arms - Edinburgh,DiageoPLC,150.66 ,Maintenance
3/9/2026,Black Bull - Dundee,Coca Cola Europacific,2770.86,Alcohol
2026-04-09,Black Bull - Dundee,Booker Wholesale,£421.79 ,Cleaning
3/13/2026,The Crown - Stirling,DIAGEO,115.08,Maintenance
2026-01-11,Black Bull - Dundee,Local Butcher,2597.55,Alcohol
04/04/2026,Kings Arms - Edinburgh,Brakes,264.74,Supplies
27/02/2026,Kings Arms - Edinburgh,HeinekenUK,365.67,Cleaning
2026-03-02,The Anchor - Perth,BOOKER,172.43,Cleaning
3/9/2026,Red Lion - Glasgow,Heineken UK,1420.00,Alcohol
3/10/2026,Red Lion - Glasgow,Local Bakery,£235.02,Food
1/4/2026,Kings Arms - Edinburgh,BOOKER,648.15,Alcohol
2026-04-12,Queens Head - Aberdeen,Costco UK,277.34,Utilities
24/03/2026,Kings Arms - Edinburgh,British Gas,304.33,Maintenance
1/31/2026,Fox & Hound - Hamilton,Amazon Business,302.01,Maintenance
24/04/2026,White Hart - Inverness,CocaCola Europacific,87.63,Maintenance
1/16/2026,The Anchor - Perth,Local Fishmonger,£177.96,Utilities
12/04/2026,Red Lion - Glasgow,Amazon Business,30.70,Supplies
2026-01-17,Fox & Hound - Hamilton,Booker Ltd,331.02,Utilities
3/21/2026,Red Lion - Glasgow,Makro,1953.13,Alcohol
12/02/2026,The Swan - Ayr,Amazon Business,1044.88,Food
25/01/2026,The Swan - Ayr,JJ Foods,£157.79,Cleaning
22/01/2026,The Swan - Ayr,Local Bakery,130.72,Supplies
2026-04-01,The Anchor - Perth,Heineken UK Ltd,305.13,Supplies
11/01/2026,Red Lion - Glasgow,Heineken UK,£367.48,Utilities
2026-03-07,Royal Oak - Paisley,Coca Cola,240.18,Maintenance
3/1/2026,The Ship Inn - Oban,Amazon,257.23,Supplies
2/3/2026,The Ship Inn - Oban,Diageo PLC,166.80,Utilities
19/01/2026,Red Lion - Glasgow,Scottish Water,242.28 ,Cleaning
15/02/2026,The Ship Inn - Oban,JJ Foods,77.72,Soft Drinks
2026-01-28,Black Bull - Dundee,Costco UK,872.52,Food
2026-02-18,White Hart - Inverness,Brakes,-354.50,Supplies
24/02/2026,The Ship Inn - Oban,Heineken UK Ltd,50.17,Maintenance
07/02/2026,The Swan - Ayr,Amazon,203.17,Cleaning
2026-02-22,The Plough - Falkirk,BRAKES UK,£178.43,Maintenance
1/29/2026,Queens Head - Aberdeen,Diageo PLC,985.52,Alcohol
09/03/2026,Red Lion - Glasgow,BRAKES UK,2046.31,Alcohol
3/18/2026,The Plough - Falkirk,DIAGEO,354.21,Soft Drinks
1/18/2026,The Crown - Stirling,heineken,£130.43,Cleaning
3/16/2026,Royal Oak - Paisley,JJFood Service,109.89,Soft Drinks
1/4/2026,The Swan - Ayr,JJ Foods,£1796.98,Alcohol
4/9/2026,White Hart - Inverness,E.ON,£461.56,Utilities
26/04/2026,Queens Head - Aberdeen,Brakes Catering,791.17,Food
2026-04-25,White Hart - Inverness,Costco UK,-409.37,Cleaning
2026-03-27,Queens Head - Aberdeen,Amazon,418.20 ,Soft Drinks
1/31/2026,Queens Head - Aberdeen,Diageo PLC,-134.69,Soft Drinks
2/2/2026,Kings Arms - Edinburgh,Costco UK,£307.05,Cleaning
2026-03-31,Fox & Hound - Hamilton,JJ Foods,£146.60,Cleaning
2026-01-23,Black Bull - Dundee,HEINEKEN,2452.33 ,Alcohol
02/02/2026,White Hart - Inverness,Coca Cola Europacific,83.04,Soft Drinks
19/03/2026,The Ship Inn - Oban,heineken uk ltd,£603.67,Food
2026-04-25,Black Bull - Dundee,Heineken UK Ltd,419.55,Soft Drinks
3/12/2026,The Crown - Stirling,ScottishWater,1629.53,Alcohol
1/31/2026,The Swan - Ayr,amazon business,£183.26,Supplies
2026-01-13,White Hart - Inverness,Coca Cola Europacific,£89.38,Cleaning
1/20/2026,Queens Head - Aberdeen,Heineken UK,345.38,Food
4/3/2026,The Crown - Stirling,Coca Cola Europacific,154.35,Utilities
02/01/2026,Kings Arms - Edinburgh,Scottish Water,57.69,Maintenance
04/01/2026,The Anchor - Perth,BRAKES UK,£1267.26,Alcohol
12/02/2026,The Ship Inn - Oban,Local Bakery,£150.66,Supplies
3/28/2026,The Anchor - Perth,Amazon,522.68,Utilities
2026-02-08,The Crown - Stirling,Brakes,67.65,Supplies
31/03/2026,The Crown - Stirling,DIAGEO,1190.37,Food
2026-04-28,Fox & Hound - Hamilton,CostcoUK,477.03,Utilities
3/23/2026,Queens Head - Aberdeen,Diageo PLC,520.70,Utilities
4/3/2026,The Swan - Ayr,bookerwholesale,£124.23,Supplies
02/02/2026,Royal Oak - Paisley,Coca Cola,£360.74,Supplies
4/20/2026,Royal Oak - Paisley,BrakesCatering,175.67,Supplies
09/04/2026,Royal Oak - Paisley,Heineken UK Ltd,141.81,Cleaning
24/04/2026,Royal Oak - Paisley,EONEnergy,386.46,Soft Drinks
26/01/2026,The Anchor - Perth,jj food service,£147.30,Supplies
16/04/2026,The Anchor - Perth,Local Butcher,-392.33,Maintenance
2026-01-19,The Plough - Falkirk,Heineken UK Ltd,340.11 ,Utilities
2026-02-16,Royal Oak - Paisley,BOOKER,50.32,Soft Drinks
14/02/2026,Black Bull - Dundee,BT PLC,£119.22,Maintenance
14/04/2026,Kings Arms - Edinburgh,eon energy,331.15,Food
1/27/2026,Kings Arms - Edinburgh,amazon,£236.35,Utilities
2026-02-22,Red Lion - Glasgow,Coca Cola,£251.94,Supplies
10/03/2026,Queens Head - Aberdeen,Costco UK,£404.72,Maintenance
3/24/2026,Fox & Hound - Hamilton,EON Energy,180.80,Cleaning
11/01/2026,Red Lion - Glasgow,amazon,£63.01,Maintenance
23/03/2026,The Crown - Stirling,BRAKES UK,-287.43,Utilities
18/04/2026,The Swan - Ayr,Brakes,£57.06,Supplies
2026-02-19,The Plough - Falkirk,Scottish Water,£2623.82,Alcohol
28/02/2026,The Anchor - Perth,BT PLC,329.15,Supplies
2026-03-01,The Crown - Stirling,JJ Food Service,-£133.29,Supplies
23/01/2026,The Swan - Ayr,Amazon,227.71,Soft Drinks
1/29/2026,The Anchor - Perth,Scottish Water,1114.80,Food
2026-02-13,Queens Head - Aberdeen,BT PLC,200.89,Utilities
14/01/2026,Fox & Hound - Hamilton,BRAKES UK,2791.56,Alcohol
2026-01-09,The Crown - Stirling,Brakes,£206.32,Maintenance
2026-03-23,The Crown - Stirling,Bidfood,£338.17,Supplies
09/01/2026,The Crown - Stirling,Diageo PLC,911.72,Alcohol
4/24/2026,Fox & Hound - Hamilton,Costco UK,263.68,Supplies
1/30/2026,White Hart - Inverness,heineken uk,2570.83,Alcohol
2026-02-21,The Plough - Falkirk,Local Butcher,292.58,Maintenance
2026-04-02,The Anchor - Perth,Local Bakery,£92.11,Supplies
1/19/2026,The Swan - Ayr,JJ Food Service,1280.22,Food
2026-03-13,Queens Head - Aberdeen,Makro,303.15,Cleaning
30/01/2026,Fox & Hound - Hamilton,DIAGEO,2096.85,Alcohol
2026-03-07,Red Lion - Glasgow,E.ON,114.96,Maintenance
08/01/2026,Queens Head - Aberdeen,CocaCola,233.35,Utilities
2026-01-07,The Plough - Falkirk,BOOKER,777.66,Alcohol
1/13/2026,The Crown - Stirling,BOOKER,£324.70,Utilities
02/02/2026,The Plough - Falkirk,Booker Ltd,364.85,Cleaning
13/04/2026,Queens Head - Aberdeen,Brakes,-386.77,Supplies
2026-03-24,The Plough - Falkirk,JJ Food Service,142.14,Maintenance
2026-04-18,Royal Oak - Paisley,Scottish Water,414.72,Supplies
2/25/2026,Queens Head - Aberdeen,Coca Cola,-253.71,Maintenance
1/8/2026,The Swan - Ayr,local bakery,704.14 ,Food
07/03/2026,Fox & Hound - Hamilton,Heineken UK Ltd,1236.90,Alcohol
1/28/2026,The Plough - Falkirk,E.ON,304.05 ,Maintenance
31/03/2026,Red Lion - Glasgow,Booker Ltd,209.19,Utilities
2/5/2026,Fox & Hound - Hamilton,Makro,420.95 ,Soft Drinks
1/30/2026,The Ship Inn - Oban,DIAGEO,405.62,Supplies
12/02/2026,Queens Head - Aberdeen,Heineken UK Ltd,£235.70,Cleaning
2026-03-10,Queens Head - Aberdeen,E.ON,190.40,Cleaning
2026-01-08,The Anchor - Perth,jjfoods,£36.99,Maintenance
16/03/2026,Fox & Hound - Hamilton,Local Butcher,394.10,Cleaning
27/03/2026,Black Bull - Dundee,scottish water,342.75,Soft Drinks
2026-01-17,Kings Arms - Edinburgh,Booker Ltd,£358.77,Supplies
2026-04-24,The Swan - Ayr,Brakes,1171.30,Alcohol
2026-03-18,The Crown - Stirling,Costco UK,385.99,Supplies
3/12/2026,Royal Oak - Paisley,Makro,595.34,Utilities
07/02/2026,The Ship Inn - Oban,Brakes,£32.56,Soft Drinks
3/26/2026,White Hart - Inverness,EON Energy,41.19,Cleaning
2026-01-24,Fox & Hound - Hamilton,BookerWholesale,196.84,Supplies
2026-03-02,The Anchor - Perth,Local Butcher,2211.64,Alcohol
2/19/2026,Fox & Hound - Hamilton,Amazon,304.07,Soft Drinks
2026-02-25,Red Lion - Glasgow,BRAKES UK,1670.54,Alcohol
2026-03-26,Royal Oak - Paisley,BRAKES UK,132.03,Utilities
2026-04-18,The Crown - Stirling,Heineken UK Ltd,-312.18,Supplies
1/5/2026,Kings Arms - Edinburgh,Brakes,-£2767.98,Alcohol
2026-02-26,Red Lion - Glasgow,coca cola europacific,133.01,Soft Drinks
2026-01-08,The Plough - Falkirk,JJ Foods,361.01,Supplies
2026-01-20,The Plough - Falkirk,scottish water,235.79,Cleaning
3/31/2026,Fox & Hound - Hamilton,DIAGEO,62.49,Cleaning
2/16/2026,Royal Oak - Paisley,Local Bakery,£186.29,Maintenance
08/03/2026,The Crown - Stirling,Booker Ltd,140.70,Supplies
1/13/2026,Red Lion - Glasgow,E.ON,437.98,Utilities
1/6/2026,White Hart - Inverness,JJ Foods,372.15,Soft Drinks
2026-04-27,The Anchor - Perth,BOOKER,175.11,Cleaning
2/3/2026,The Crown - Stirling,Local Butcher,142.16,Supplies
4/4/2026,Fox & Hound - Hamilton,Amazon,£242.95,Soft Drinks
4/2/2026,White Hart - Inverness,Makro,-£869.53,Alcohol
16/04/2026,Queens Head - Aberdeen,Diageo PLC,1241.78,Alcohol
27/01/2026,The Plough - Falkirk,Diageo Ltd,217.58,Cleaning
26/01/2026,Royal Oak - Paisley,Amazon,366.45,Soft Drinks
2026-01-14,Queens Head - Aberdeen,EON Energy,332.09,Supplies
18/02/2026,White Hart - Inverness,brakes,227.83,Utilities
13/01/2026,Fox & Hound - Hamilton,E.ON,211.11,Soft Drinks
2026-03-25,Red Lion - Glasgow,JJ Food Service,49.81,Maintenance
4/8/2026,The Plough - Falkirk,Coca Cola,161.49,Maintenance
24/02/2026,The Plough - Falkirk,Local Fishmonger,£264.48,Utilities
17/02/2026,Red Lion - Glasgow,DIAGEO,£381.83,Maintenance
2026-04-19,The Ship Inn - Oban,Brakes,345.09,Soft Drinks
2/12/2026,Red Lion - Glasgow,Heineken UK,1238.19,Alcohol
3/31/2026,The Ship Inn - Oban,Diageo Ltd,1114.28,Food
28/01/2026,The Crown - Stirling,Local Bakery,97.69,Soft Drinks
2026-03-17,The Ship Inn - Oban,DiageoLtd,179.02,Maintenance
4/26/2026,The Ship Inn - Oban,Brakes,£399.81,Cleaning
14/01/2026,White Hart - Inverness,Makro,520.69,Utilities
28/03/2026,The Crown - Stirling,HEINEKEN,129.34 ,Utilities
2026-02-21,White Hart - Inverness,Booker Wholesale,285.16,Utilities
1/16/2026,The Ship Inn - Oban,Local Fishmonger,£328.71,Supplies
18/04/2026,Royal Oak - Paisley,British Gas,215.42,Maintenance
3/21/2026,Red Lion - Glasgow,BRAKESUK,1121.41,Food
07/04/2026,Royal Oak - Paisley,BTPLC,130.01,Soft Drinks
3/19/2026,Kings Arms - Edinburgh,Local Butcher,£304.03,Cleaning
4/21/2026,Red Lion - Glasgow,BT PLC,1029.48,Alcohol
1/9/2026,Black Bull - Dundee,Amazon,-£33.91 ,Maintenance
2026-02-09,Black Bull - Dundee,Local Butcher,104.37,Maintenance
16/04/2026,The Crown - Stirling,Local Bakery,-151.62,Soft Drinks
3/20/2026,Kings Arms - Edinburgh,Bidfood,852.30,Alcohol
1/7/2026,Fox & Hound - Hamilton,Amazon,1554.46 ,Alcohol
27/04/2026,Fox & Hound - Hamilton,Booker Wholesale,£1620.31,Alcohol
2026-01-13,Fox & Hound - Hamilton,Local Bakery,789.26,Food
2026-01-01,Royal Oak - Paisley,Diageo Ltd,1162.24,Alcohol
2026-01-29,The Ship Inn - Oban,Heineken UK Ltd,395.22,Supplies
2026-01-01,Kings Arms - Edinburgh,JJ Foods,412.17,Utilities
1/14/2026,Fox & Hound - Hamilton,Coca Cola Europacific,126.27,Supplies
10/02/2026,The Ship Inn - Oban,HEINEKEN,815.38,Alcohol
2026-02-01,The Plough - Falkirk,Coca Cola,310.29,Soft Drinks
2026-04-19,The Crown - Stirling,Scottish Water,420.07,Cleaning
01/01/2026,White Hart - Inverness,DIAGEO,234.60,Cleaning
23/01/2026,Fox & Hound - Hamilton,Coca Cola,79.37,Cleaning
20/02/2026,Queens Head - Aberdeen,E.ON,384.53,Supplies
11/02/2026,The Swan - Ayr,JJ Food Service,1198.02,Food
14/01/2026,Kings Arms - Edinburgh,E.ON,318.88,Utilities
3/17/2026,Fox & Hound - Hamilton,DIAGEO,310.61,Supplies
2026-04-05,The Ship Inn - Oban,Coca Cola,1059.82,Food
2026-01-05,Queens Head - Aberdeen,Brakes,929.17,Alcohol
2026-04-03,Royal Oak - Paisley,Amazon,£401.98,Soft Drinks
2026-03-22,Royal Oak - Paisley,EON Energy,36.85 ,Soft Drinks
4/25/2026,Royal Oak - Paisley,local butcher,438.03 ,Food
2/1/2026,Red Lion - Glasgow,Amazon,205.54,Cleaning
1/9/2026,The Crown - Stirling,Local Butcher,42.51,Cleaning
2/12/2026,The Crown - Stirling,booker,288.95,Supplies
2/19/2026,Queens Head - Aberdeen,JJ Foods,-1172.94,Food
12/04/2026,The Crown - Stirling,Local Butcher,£369.34,Supplies
3/2/2026,Queens Head - Aberdeen,Amazon,62.22,Supplies
3/13/2026,Royal Oak - Paisley,Makro,2522.06,Alcohol
14/02/2026,The Ship Inn - Oban,Local Butcher,249.35,Maintenance
2026-04-13,The Anchor - Perth,JJ Foods,198.03,Utilities
4/22/2026,The Anchor - Perth,Scottish Water,317.83,Supplies
31/01/2026,The Anchor - Perth,HEINEKEN,2872.44,Alcohol
1/3/2026,The Plough - Falkirk,Bidfood,376.40,Maintenance
2026-04-09,Queens Head - Aberdeen,Booker Ltd,375.91,Food
20/03/2026,White Hart - Inverness,Diageo PLC,324.00,Cleaning
2026-02-25,Kings Arms - Edinburgh,Costco UK,£239.31,Supplies
20/01/2026,White Hart - Inverness,Brakes Catering,£94.66,Cleaning
29/01/2026,The Anchor - Perth,BT PLC,263.96 ,Soft Drinks
11/02/2026,The Anchor - Perth,diageo plc,45.93,Soft Drinks
22/01/2026,Royal Oak - Paisley,Bidfood,374.05,Utilities
1/15/2026,Royal Oak - Paisley,JJ Foods,218.43,Soft Drinks
2026-01-06,The Anchor - Perth,JJ Foods,373.19,Cleaning
30/03/2026,Fox & Hound - Hamilton,Local Fishmonger,£186.94,Utilities
2026-04-09,White Hart - Inverness,Amazon,137.88,Maintenance
2026-04-02,White Hart - Inverness,Costco UK,326.55 ,Cleaning
08/04/2026,The Crown - Stirling,bidfood,65.27,Maintenance
2026-04-18,Red Lion - Glasgow,Heineken UK Ltd,£543.81,Food
12/04/2026,The Swan - Ayr,Amazon,£786.99,Food
2026-04-11,The Swan - Ayr,Bidfood,-328.25,Cleaning
2026-04-27,The Crown - Stirling,BT PLC,341.32,Soft Drinks
1/6/2026,Royal Oak - Paisley,local bakery,1119.41,Alcohol
19/01/2026,The Swan - Ayr,HEINEKEN,1044.82,Alcohol
2026-02-26,White Hart - Inverness,Scottish Water,160.78,Cleaning
2/25/2026,The Crown - Stirling,Bidfood,359.13,Soft Drinks
2026-01-27,White Hart - Inverness,HEINEKEN,234.06 ,Supplies
2/22/2026,The Anchor - Perth,Amazon,2321.56,Alcohol
2026-02-15,The Swan - Ayr,heineken uk ltd,347.32 ,Soft Drinks
2/7/2026,White Hart - Inverness,Makro,405.09,Maintenance
26/01/2026,The Crown - Stirling,Local Butcher,409.51 ,Maintenance
2026-01-04,Royal Oak - Paisley,Makro,826.08,Alcohol
06/02/2026,The Ship Inn - Oban,E.ON,156.05,Cleaning
2/8/2026,Kings Arms - Edinburgh,Coca Cola Europacific,189.65,Cleaning
3/20/2026,The Plough - Falkirk,DIAGEO,-175.65,Supplies
4/14/2026,Black Bull - Dundee,HeinekenUK,-283.19,Cleaning
2/4/2026,The Swan - Ayr,EON Energy,£170.00,Soft Drinks
24/03/2026,White Hart - Inverness,JJ Foods,323.52,Soft Drinks
2026-02-19,The Anchor - Perth,Diageo Ltd,-225.60,Utilities
2026-02-21,Red Lion - Glasgow,E.ON,588.67,Alcohol
2026-03-13,The Crown - Stirling,Bidfood,348.73,Soft Drinks
21/02/2026,Black Bull - Dundee,Local Bakery,177.13,Maintenance
4/21/2026,The Anchor - Perth,Local Butcher,531.85,Utilities
3/16/2026,The Anchor - Perth,JJ Food Service,281.90,Maintenance
2/25/2026,The Crown - Stirling,BTPLC,£978.81,Food
03/03/2026,Queens Head - Aberdeen,Booker Ltd,-145.97,Soft Drinks
1/13/2026,The Crown - Stirling,Scottish Water,207.21,Utilities
04/02/2026,The Ship Inn - Oban,Amazon Business,£259.78,Cleaning
1/9/2026,Black Bull - Dundee,Bidfood,119.43,Cleaning
3/28/2026,Red Lion - Glasgow,costcouk,£397.09,Utilities
2026-01-14,Kings Arms - Edinburgh,Heineken UK,291.00,Cleaning
2026-01-08,The Anchor - Perth,HEINEKEN,402.29 ,Cleaning
1/22/2026,The Crown - Stirling,Scottish Water,327.18,Utilities
2026-01-10,The Plough - Falkirk,Booker Ltd,£129.47,Supplies
22/01/2026,Fox & Hound - Hamilton,diageo plc,140.68,Soft Drinks
2/9/2026,The Anchor - Perth,BRAKES UK,290.66,Supplies
23/04/2026,The Swan - Ayr,Brakes,86.00,Supplies
2/14/2026,The Crown - Stirling,Local Butcher,167.18,Maintenance
1/11/2026,Black Bull - Dundee,Brakes,248.98,Supplies
11/02/2026,Fox & Hound - Hamilton,JJFoods,£125.64,Maintenance
2026-01-14,Red Lion - Glasgow,JJ Foods,130.43,Utilities
2/23/2026,The Crown - Stirling,EON Energy,170.59,Maintenance
3/27/2026,The Swan - Ayr,Booker Ltd,£56.01,Supplies
2026-03-08,Fox & Hound - Hamilton,Local Butcher,129.60,Utilities
26/02/2026,White Hart - Inverness,amazon,£125.14,Cleaning
2026-03-11,The Crown - Stirling,BRAKES UK,249.71,Utilities
1/26/2026,Queens Head - Aberdeen,Amazon,389.14,Utilities
4/15/2026,The Crown - Stirling,Heineken UK Ltd,105.58,Cleaning
2026-04-19,Fox & Hound - Hamilton,Booker Wholesale,105.46,Soft Drinks
28/03/2026,The Swan - Ayr,Bidfood,125.19,Supplies
2026-03-25,The Crown - Stirling,Amazon,130.68,Utilities
2026-04-14,Red Lion - Glasgow,heineken uk ltd,168.10,Utilities
1/1/2026,Black Bull - Dundee,DIAGEO,-1153.60,Food
3/18/2026,Royal Oak - Paisley,Brakes Catering,215.16,Soft Drinks
23/02/2026,The Ship Inn - Oban,DIAGEO,216.26,Soft Drinks
4/1/2026,Queens Head - Aberdeen,HEINEKEN,£218.56,Cleaning
2026-04-15,Fox & Hound - Hamilton,Local Fishmonger,£417.56,Soft Drinks
4/22/2026,The Crown - Stirling,heineken,521.08,Utilities
4/23/2026,The Crown - Stirling,Diageo PLC,294.09 ,Soft Drinks
2026-04-20,The Anchor - Perth,Heineken UK,409.25,Cleaning
18/03/2026,The Plough - Falkirk,Heineken UK Ltd,291.92,Maintenance
2026-04-02,The Anchor - Perth,Booker Wholesale,92.61,Cleaning
2026-02-04,The Swan - Ayr,Amazon,£701.30,Food
10/01/2026,The Ship Inn - Oban,Scottish Water,£230.23,Soft Drinks
05/03/2026,The Crown - Stirling,Brakes Catering,£189.13,Cleaning
13/03/2026,Fox & Hound - Hamilton,BRAKES UK,84.56,Cleaning
08/04/2026,The Anchor - Perth,jj foods,412.04,Maintenance
15/04/2026,Red Lion - Glasgow,Coca Cola Europacific,146.74,Cleaning
2/25/2026,Red Lion - Glasgow,british gas,2601.78,Alcohol
03/02/2026,The Plough - Falkirk,DiageoLtd,415.79,Soft Drinks
1/29/2026,The Crown - Stirling,Coca Cola,334.60,Cleaning
27/02/2026,Royal Oak - Paisley,E.ON,678.49,Alcohol
3/10/2026,Royal Oak - Paisley,HEINEKEN,202.63,Maintenance
29/04/2026,Queens Head - Aberdeen,HEINEKEN,-283.72,Cleaning
3/20/2026,White Hart - Inverness,Amazon Business,£205.41,Supplies
2026-02-17,Black Bull - Dundee,BRAKES UK,251.28,Supplies
15/01/2026,The Anchor - Perth,Local Butcher,£176.18,Supplies
13/04/2026,Black Bull - Dundee,BRAKES UK,£233.83,Supplies
07/04/2026,Fox & Hound - Hamilton,Coca Cola Europacific,376.54,Soft Drinks
05/04/2026,Black Bull - Dundee,JJFood Service,£209.93,Maintenance
25/03/2026,The Anchor - Perth,Amazon,£174.02,Cleaning
30/03/2026,Red Lion - Glasgow,Coca Cola Europacific,1288.65,Food
23/01/2026,The Plough - Falkirk,BRAKES UK,597.56,Utilities
2/23/2026,Kings Arms - Edinburgh,Diageo Ltd,156.89,Cleaning
06/01/2026,Royal Oak - Paisley,Costco UK,243.67,Soft Drinks
23/02/2026,Royal Oak - Paisley,Diageo Ltd,294.62 ,Maintenance
08/04/2026,Red Lion - Glasgow,Brakes Catering,380.60,Maintenance
12/03/2026,Fox & Hound - Hamilton,Costco UK,£255.36,Utilities
2026-03-07,Red Lion - Glasgow,BT PLC,£820.33,Alcohol
2026-03-13,Royal Oak - Paisley,Coca Cola Europacific,1734.65,Alcohol
2/24/2026,Red Lion - Glasgow,Coca Cola Europacific,161.24,Supplies
2026-04-11,Kings Arms - Edinburgh,EON Energy,104.71,Supplies
3/18/2026,Red Lion - Glasgow,diageo,209.12,Cleaning
2026-04-28,Red Lion - Glasgow,Local Butcher,£279.55,Cleaning
2026-01-12,The Anchor - Perth,Booker Ltd,520.44,Utilities
2026-04-20,Black Bull - Dundee,Local Fishmonger,204.27,Soft Drinks
4/15/2026,The Swan - Ayr,JJ Foods,2290.71,Alcohol
2026-01-22,The Ship Inn - Oban,Amazon,2657.80,Alcohol
05/01/2026,The Crown - Stirling,Local Fishmonger,£483.59,Utilities
12/02/2026,Red Lion - Glasgow,Coca Cola,181.40,Soft Drinks
1/25/2026,Black Bull - Dundee,Costco UK,2236.66,Alcohol
2026-02-23,White Hart - Inverness,heineken,£170.28,Supplies
29/01/2026,Royal Oak - Paisley,Local Butcher,427.07,Supplies
2026-02-22,The Plough - Falkirk,EON Energy,£310.17,Supplies
13/01/2026,Kings Arms - Edinburgh,CocaCola Europacific,373.78,Supplies
19/04/2026,White Hart - Inverness,Local Fishmonger,£406.26,Alcohol
2026-04-22,The Anchor - Perth,Coca Cola Europacific,308.40,Maintenance
2/16/2026,White Hart - Inverness,JJ Foods,251.95,Soft Drinks
4/18/2026,The Swan - Ayr,BRAKES UK,1036.85,Food
2026-04-06,White Hart - Inverness,BRAKES UK,£344.31,Supplies
2026-03-12,Kings Arms - Edinburgh,Heineken UK Ltd,344.92,Utilities
3/9/2026,The Anchor - Perth,CocaCola,£1505.32,Alcohol
2026-04-02,The Anchor - Perth,British Gas,£37.12,Cleaning
3/24/2026,Fox & Hound - Hamilton,BT PLC,374.17,Utilities
1/18/2026,The Swan - Ayr,HEINEKEN,-£47.01,Supplies
2026-02-08,The Plough - Falkirk,BookerWholesale,2044.24,Alcohol
2026-02-18,Black Bull - Dundee,JJ Foods,369.41,Utilities
2026-01-23,Queens Head - Aberdeen,Diageo Ltd,£352.72,Utilities
2026-04-15,The Swan - Ayr,EON Energy,368.37,Utilities
2026-03-01,The Anchor - Perth,Local Bakery,110.80,Supplies
2026-04-21,Black Bull - Dundee,HEINEKEN,264.09,Cleaning
3/17/2026,The Ship Inn - Oban,Amazon,221.17,Cleaning
3/11/2026,Royal Oak - Paisley,British Gas,51.15,Soft Drinks
2/1/2026,Black Bull - Dundee,HEINEKEN,228.56,Maintenance
2026-03-22,The Plough - Falkirk,BOOKER,356.26,Maintenance
2/14/2026,Royal Oak - Paisley,Scottish Water,30.28,Maintenance
2026-02-04,Fox & Hound - Hamilton,Brakes Catering,£535.30,Utilities
2026-04-02,Red Lion - Glasgow,Amazon Business,327.34,Supplies
1/1/2026,The Anchor - Perth,Amazon Business,-£678.94,Food
1/5/2026,The Plough - Falkirk,Amazon Business,£2218.41,Alcohol
29/03/2026,The Crown - Stirling,diageo ltd,£105.25,Soft Drinks
2026-01-12,Queens Head - Aberdeen,E.ON,£78.26,Soft Drinks
05/03/2026,The Anchor - Perth,ScottishWater,195.77,Soft Drinks
3/26/2026,Fox & Hound - Hamilton,Heineken UK,£363.46 ,Soft Drinks
2026-01-09,The Crown - Stirling,Makro,124.15,Cleaning
06/03/2026,The Swan - Ayr,Diageo PLC,387.54,Utilities
3/26/2026,Royal Oak - Paisley,DIAGEO,£245.32,Maintenance
2026-04-14,Black Bull - Dundee,Scottish Water,63.22,Soft Drinks
23/01/2026,The Plough - Falkirk,HEINEKEN,1726.72,Alcohol
26/02/2026,Black Bull - Dundee,Brakes,48.29,Maintenance
2026-03-13,The Anchor - Perth,Makro,64.81,Soft Drinks
2026-04-02,The Anchor - Perth,BRAKES UK,66.41,Supplies
03/04/2026,Red Lion - Glasgow,BRAKES UK,82.41,Cleaning
2026-02-07,The Anchor - Perth,Brakes,308.32,Supplies
30/04/2026,The Swan - Ayr,Local Fishmonger,207.26,Food
15/03/2026,Royal Oak - Paisley,Brakes Catering,210.44,Soft Drinks
2026-04-07,Kings Arms - Edinburgh,BOOKER,260.12,Soft Drinks
06/04/2026,Queens Head - Aberdeen,Local Fishmonger,256.88,Soft Drinks
05/02/2026,Black Bull - Dundee,british gas,1570.77,Alcohol
20/03/2026,The Plough - Falkirk,Coca Cola,£266.64,Utilities
26/02/2026,Fox & Hound - Hamilton,Brakes,£119.39,Utilities
20/03/2026,Fox & Hound - Hamilton,Booker Ltd,308.43,Cleaning
4/4/2026,The Swan - Ayr,Brakes Catering,115.28,Cleaning
2026-04-12,White Hart - Inverness,HEINEKEN,112.26,Soft Drinks
2/16/2026,The Anchor - Perth,Bidfood,-269.45,Maintenance
01/03/2026,The Plough - Falkirk,BritishGas,84.11,Cleaning
1/5/2026,Royal Oak - Paisley,Scottish Water,2881.23,Alcohol
2026-02-20,Fox & Hound - Hamilton,Brakes,£152.28,Soft Drinks
12/03/2026,White Hart - Inverness,HEINEKEN,282.04,Maintenance
11/04/2026,Kings Arms - Edinburgh,BT PLC,1183.51,Food
2026-01-09,Royal Oak - Paisley,Heineken UK,340.34,Supplies
28/04/2026,The Anchor - Perth,bidfood,330.33,Supplies
17/01/2026,White Hart - Inverness,Bidfood,203.19,Soft Drinks
3/12/2026,Royal Oak - Paisley,Diageo PLC,298.85,Maintenance
18/04/2026,Queens Head - Aberdeen,JJ Foods,327.59,Maintenance
1/8/2026,Red Lion - Glasgow,Heineken UK Ltd,201.42,Soft Drinks
18/02/2026,The Swan - Ayr,Booker Ltd,471.43,Utilities
2026-02-28,The Crown - Stirling,Diageo PLC,1055.24,Food
2026-02-07,Fox & Hound - Hamilton,Local Bakery,41.93,Supplies
01/02/2026,The Swan - Ayr,Amazon Business,808.94 ,Food
02/04/2026,The Swan - Ayr,Amazon,£256.35,Soft Drinks
24/03/2026,The Swan - Ayr,Heineken UK,298.43,Utilities
2026-04-09,Kings Arms - Edinburgh,Scottish Water,2654.58,Alcohol
2026-01-14,White Hart - Inverness,Costco UK,74.33,Cleaning
25/03/2026,The Ship Inn - Oban,BRAKES UK,375.46,Utilities
2026-03-28,The Anchor - Perth,booker wholesale,97.03,Supplies
2026-01-08,The Plough - Falkirk,JJ Foods,196.68,Maintenance
2026-03-08,The Plough - Falkirk,Heineken UK,171.96,Cleaning
11/02/2026,White Hart - Inverness,JJ Foods,£1179.52,Alcohol
2026-03-29,The Anchor - Perth,Local Butcher,£71.46,Supplies
16/01/2026,Black Bull - Dundee,Diageo Ltd,552.22,Alcohol
13/03/2026,The Swan - Ayr,BT PLC,344.35 ,Soft Drinks
10/01/2026,Queens Head - Aberdeen,Amazon Business,88.75,Maintenance
2026-02-06,Queens Head - Aberdeen,Coca Cola Europacific,£555.76,Utilities
2026-04-10,White Hart - Inverness,amazon,£345.13,Utilities
4/8/2026,Red Lion - Glasgow,Amazon,2387.48,Alcohol
23/03/2026,Red Lion - Glasgow,Diageo Ltd,£341.57,Cleaning
4/25/2026,Red Lion - Glasgow,Amazon Business,290.11,Supplies
13/04/2026,The Crown - Stirling,JJ Food Service,104.23,Soft Drinks
3/30/2026,Red Lion - Glasgow,Heineken UK,£190.83,Utilities
4/27/2026,Red Lion - Glasgow,Coca Cola,275.04,Soft Drinks
26/01/2026,Royal Oak - Paisley,Brakes,£231.42,Food
2/17/2026,Queens Head - Aberdeen,Booker Ltd,73.11,Soft Drinks
2026-04-13,The Ship Inn - Oban,Coca Cola Europacific,241.26,Maintenance
09/02/2026,The Anchor - Perth,Heineken UK,£82.34,Supplies
2/18/2026,The Crown - Stirling,Local Bakery,£1242.92,Food
1/27/2026,The Ship Inn - Oban,JJ Foods,241.70,Supplies
2026-02-15,The Anchor - Perth,Booker Wholesale,244.52,Maintenance
11/02/2026,Fox & Hound - Hamilton,LocalButcher,38.23,Cleaning
27/04/2026,The Ship Inn - Oban,Coca Cola Europacific,1026.35,Food
2026-01-07,The Plough - Falkirk,EON Energy,132.18,Maintenance
3/22/2026,The Ship Inn - Oban,Diageo Ltd,183.40,Cleaning
2026-04-13,The Anchor - Perth,Amazon,£102.18,Maintenance
2026-02-13,Fox & Hound - Hamilton,Brakes Catering,2772.26,Alcohol
18/01/2026,The Crown - Stirling,Brakes Catering,1062.14,Alcohol
13/01/2026,The Anchor - Perth,diageo plc,£421.83,Soft Drinks
10/04/2026,The Ship Inn - Oban,EON Energy,123.58 ,Cleaning
06/04/2026,Queens Head - Aberdeen,Amazon Business,-£1061.66,Food
1/30/2026,Queens Head - Aberdeen,Amazon Business,166.73,Supplies
2026-02-07,The Plough - Falkirk,BRAKES UK,£507.72,Food
05/03/2026,Fox & Hound - Hamilton,British Gas,£280.86 ,Cleaning
04/01/2026,The Ship Inn - Oban,Makro,335.64,Maintenance
3/22/2026,Red Lion - Glasgow,Coca Cola Europacific,242.06,Supplies
2026-04-19,The Crown - Stirling,Brakes,97.55,Supplies
2/12/2026,The Ship Inn - Oban,JJ Food Service,395.92,Maintenance
2026-03-23,The Crown - Stirling,Diageo Ltd,£522.23,Food
10/03/2026,Kings Arms - Edinburgh,EON Energy,1308.89,Alcohol
2026-02-10,Red Lion - Glasgow,Brakes Catering,262.68,Soft Drinks
3/25/2026,Black Bull - Dundee,Local Fishmonger,£314.59,Supplies
07/03/2026,White Hart - Inverness,Coca Cola Europacific,£2404.57,Alcohol
12/02/2026,The Plough - Falkirk,Coca Cola Europacific,302.22,Maintenance
2026-02-23,The Crown - Stirling,Brakes,-69.83,Cleaning
3/27/2026,The Plough - Falkirk,Bidfood,395.26,Cleaning
1/17/2026,Black Bull - Dundee,bidfood,408.05,Alcohol
2026-04-10,The Plough - Falkirk,DIAGEO,£411.36,Supplies
15/02/2026,Queens Head - Aberdeen,Heineken UK Ltd,-194.02,Cleaning
2026-03-11,Kings Arms - Edinburgh,BT PLC,137.44,Supplies
2/23/2026,Royal Oak - Paisley,BritishGas,294.64,Soft Drinks
2026-03-31,Fox & Hound - Hamilton,Heineken UK Ltd,260.60,Soft Drinks
4/14/2026,The Anchor - Perth,DIAGEO,£273.17,Supplies
1/19/2026,Queens Head - Aberdeen,Heineken UK Ltd,410.26,Cleaning
4/25/2026,Fox & Hound - Hamilton,local bakery,136.30,Soft Drinks
1/5/2026,Queens Head - Aberdeen,JJ Foods,95.30,Cleaning
03/03/2026,Red Lion - Glasgow,local butcher,£1177.03,Alcohol
03/01/2026,The Plough - Falkirk,Booker Wholesale,458.64,Utilities
2026-03-15,The Plough - Falkirk,DIAGEO,195.96,Soft Drinks
2026-02-28,Queens Head - Aberdeen,Costco UK,-513.23,Utilities
4/16/2026,White Hart - Inverness,EON Energy,£205.66,Soft Drinks
2026-01-18,The Swan - Ayr,Booker Wholesale,1139.36 ,Food
2026-04-26,The Crown - Stirling,makro,100.94,Cleaning
2026-02-04,The Ship Inn - Oban,HEINEKEN,1336.94,Alcohol
1/30/2026,The Plough - Falkirk,costco uk,297.19,Supplies
2026-02-15,The Ship Inn - Oban,Coca Cola,-2274.47,Alcohol
02/03/2026,The Anchor - Perth,Scottish Water,-95.03,Cleaning
2026-02-18,Kings Arms - Edinburgh,BT PLC,249.76,Supplies
2026-04-05,The Anchor - Perth,Diageo PLC,44.67,Cleaning
23/03/2026,Kings Arms - Edinburgh,Diageo PLC,£624.19,Alcohol
2026-02-17,The Ship Inn - Oban,Coca Cola,1182.84,Alcohol
2026-02-08,Red Lion - Glasgow,Brakes Catering,183.17,Utilities
2/3/2026,Kings Arms - Edinburgh,HEINEKEN,-£525.44,Utilities
2/25/2026,Royal Oak - Paisley,Scottish Water,292.48,Cleaning
22/04/2026,The Crown - Stirling,bt plc,£279.42,Food
2026-03-14,Fox & Hound - Hamilton,EON Energy,225.28 ,Supplies
1/21/2026,The Ship Inn - Oban,DIAGEO,883.84,Alcohol
1/1/2026,Royal Oak - Paisley,BT PLC,778.75,Food
3/21/2026,Black Bull - Dundee,Diageo Ltd,340.96,Food
21/04/2026,Kings Arms - Edinburgh,brakes,169.64,Soft Drinks
3/19/2026,Royal Oak - Paisley,HEINEKEN,544.58,Food
1/16/2026,Kings Arms - Edinburgh,eonenergy,360.62,Maintenance
06/01/2026,Royal Oak - Paisley,Coca Cola,413.29,Maintenance
17/04/2026,The Ship Inn - Oban,Amazon,£114.90,Cleaning
4/10/2026,Red Lion - Glasgow,Coca Cola Europacific,216.76,Cleaning
10/03/2026,The Swan - Ayr,Booker Ltd,296.10 ,Cleaning
2026-01-08,Fox & Hound - Hamilton,Heineken UK Ltd,370.15,Supplies
19/03/2026,The Crown - Stirling,Local Fishmonger,559.80,Utilities
2026-01-17,Fox & Hound - Hamilton,Heineken UK,1125.01 ,Food
2026-02-11,Black Bull - Dundee,Local Fishmonger,216.64,Food
2026-04-18,Red Lion - Glasgow,Local Butcher,256.68,Maintenance
2/19/2026,The Swan - Ayr,Local Butcher,1291.99,Alcohol
1/20/2026,The Plough - Falkirk,BT PLC,-£49.18,Soft Drinks
2026-02-09,The Ship Inn - Oban,Makro,398.69,Maintenance
16/02/2026,Royal Oak - Paisley,British Gas,£148.21,Supplies
2026-02-24,The Swan - Ayr,Booker Wholesale,202.19,Maintenance
04/03/2026,Kings Arms - Edinburgh,Heineken UK Ltd,£2771.58,Alcohol
30/03/2026,The Swan - Ayr,amazon business,86.47,Maintenance
10/01/2026,Kings Arms - Edinburgh,brakes uk,331.00,Maintenance
2026-02-07,The Plough - Falkirk,HEINEKEN,125.75,Cleaning
2/11/2026,White Hart - Inverness,Heineken UK,130.18,Soft Drinks
2026-04-09,Royal Oak - Paisley,British Gas,£290.18,Utilities
2026-04-13,The Ship Inn - Oban,BOOKER,306.95,Cleaning
2026-04-02,Fox & Hound - Hamilton,JJ Food Service,178.96,Cleaning
03/03/2026,The Plough - Falkirk,Amazon Business,£2871.98,Alcohol
2026-04-13,Kings Arms - Edinburgh,Booker Wholesale,335.67,Maintenance
4/28/2026,Queens Head - Aberdeen,Diageo Ltd,£2278.95,Alcohol
1/1/2026,White Hart - Inverness,Amazon Business,489.04,Food
3/15/2026,The Plough - Falkirk,Local Bakery,-173.03,Soft Drinks
2026-03-11,The Crown - Stirling,British Gas,293.80,Utilities
2026-03-18,Fox & Hound - Hamilton,Local Fishmonger,57.99,Soft Drinks
1/22/2026,Black Bull - Dundee,Local Bakery,207.96,Soft Drinks
01/04/2026,Queens Head - Aberdeen,Scottish Water,180.18,Supplies
14/01/2026,White Hart - Inverness,Diageo Ltd,270.36,Maintenance
2026-03-26,The Ship Inn - Oban,Scottish Water,£2279.17 ,Alcohol
2026-04-01,White Hart - Inverness,Scottish Water,372.89,Utilities
2026-03-31,The Crown - Stirling,E.ON,270.85,Maintenance
2/11/2026,Kings Arms - Edinburgh,Diageo Ltd,£365.38,Utilities
4/19/2026,The Swan - Ayr,diageo plc,£184.18,Utilities
02/03/2026,The Anchor - Perth,Diageo PLC,292.51,Maintenance
30/04/2026,Queens Head - Aberdeen,jj foods,113.11,Maintenance
2026-02-02,Black Bull - Dundee,Booker Ltd,969.46,Food
2026-03-22,Kings Arms - Edinburgh,E.ON,£91.79,Supplies
2026-04-02,Kings Arms - Edinburgh,EON Energy,277.61,Soft Drinks
4/19/2026,Royal Oak - Paisley,LocalBakery,£204.27,Utilities
3/14/2026,White Hart - Inverness,EON Energy,£181.49,Soft Drinks
2026-04-13,The Crown - Stirling,Local Fishmonger,413.27,Maintenance
13/01/2026,Queens Head - Aberdeen,Local Butcher,215.28,Cleaning
2026-02-15,Fox & Hound - Hamilton,bidfood,222.47,Cleaning
13/02/2026,Fox & Hound - Hamilton,Local Bakery,1602.88,Alcohol
02/03/2026,Kings Arms - Edinburgh,Local Fishmonger,2346.80,Alcohol
1/28/2026,The Swan - Ayr,Scottish Water,196.84,Cleaning
4/10/2026,The Anchor - Perth,BT PLC,1028.77 ,Food
4/13/2026,The Crown - Stirling,HEINEKEN,£1083.57,Food
16/03/2026,The Ship Inn - Oban,BOOKER,429.42,Cleaning
3/29/2026,White Hart - Inverness,Heineken UK,1599.27,Alcohol
2026-01-19,Fox & Hound - Hamilton,Coca Cola Europacific,1220.50,Alcohol
09/02/2026,The Plough - Falkirk,British Gas,516.80,Utilities
2026-03-04,White Hart - Inverness,Local Bakery,368.11,Utilities
2026-03-23,The Plough - Falkirk,local bakery,£274.14,Maintenance
2026-01-18,Fox & Hound - Hamilton,Amazon,1124.44,Food
3/1/2026,Royal Oak - Paisley,Coca Cola,49.89 ,Cleaning
21/04/2026,Queens Head - Aberdeen,E.ON,258.07,Utilities
09/02/2026,Kings Arms - Edinburgh,Booker Ltd,84.33,Soft Drinks
2026-04-08,Kings Arms - Edinburgh,Amazon,339.86,Maintenance
2026-02-27,The Ship Inn - Oban,Brakes,1605.05,Alcohol
1/1/2026,The Plough - Falkirk,Amazon,238.22,Food
20/03/2026,Black Bull - Dundee,Local Fishmonger,93.98,Soft Drinks
3/24/2026,Black Bull - Dundee,BT PLC,334.66,Supplies
4/2/2026,The Ship Inn - Oban,E.ON,519.46,Utilities
3/6/2026,Royal Oak - Paisley,JJ Foods,£448.73,Alcohol
2/8/2026,Red Lion - Glasgow,HEINEKEN,£726.09,Food
07/03/2026,The Ship Inn - Oban,Amazon Business,41.51,Soft Drinks
24/03/2026,Queens Head - Aberdeen,Booker Wholesale,228.56,Food
08/03/2026,Red Lion - Glasgow,Bidfood,82.12,Cleaning
2/20/2026,Queens Head - Aberdeen,BRAKES UK,162.09,Soft Drinks
27/01/2026,The Plough - Falkirk,British Gas,£101.48,Cleaning
2026-04-21,Royal Oak - Paisley,brakes uk,88.25,Cleaning
4/5/2026,Fox & Hound - Hamilton,local butcher,-£377.18,Soft Drinks
3/4/2026,The Swan - Ayr,BT PLC,£421.57,Soft Drinks
2026-03-29,Kings Arms - Edinburgh,Booker Ltd,£1294.06,Alcohol
02/04/2026,The Anchor - Perth,Diageo PLC,£414.40,Soft Drinks
24/01/2026,Kings Arms - Edinburgh,Amazon,£56.06,Cleaning
3/8/2026,The Crown - Stirling,British Gas,£280.40,Food
30/04/2026,The Plough - Falkirk,Heineken UK,265.51,Maintenance
2026-02-25,The Crown - Stirling,Costco UK,295.29,Utilities
1/15/2026,White Hart - Inverness,Bidfood,1309.39,Alcohol
2026-01-19,Royal Oak - Paisley,BOOKER,1109.63,Food
4/5/2026,Red Lion - Glasgow,E.ON,401.43,Food
13/01/2026,Royal Oak - Paisley,Diageo PLC,216.86,Utilities
4/27/2026,Royal Oak - Paisley,Booker Wholesale,52.85,Soft Drinks
2026-02-28,Fox & Hound - Hamilton,coca cola europacific,251.20,Supplies
2026-01-12,Red Lion - Glasgow,Booker Wholesale,282.83,Maintenance
2026-03-19,The Anchor - Perth,Brakes Catering,£416.86,Soft Drinks
13/01/2026,Black Bull - Dundee,diageo ltd,2490.65,Alcohol
20/02/2026,Fox & Hound - Hamilton,Local Bakery,1124.19,Food
01/04/2026,Black Bull - Dundee,British Gas,160.65,Cleaning
4/13/2026,Red Lion - Glasgow,E.ON,£204.41,Cleaning
2026-04-14,The Crown - Stirling,Costco UK,1620.73,Alcohol
2/10/2026,Queens Head - Aberdeen,HEINEKEN,202.38,Soft Drinks
27/02/2026,Red Lion - Glasgow,BOOKER,-1792.76,Alcohol
1/18/2026,The Anchor - Perth,Coca Cola,1893.87,Alcohol
2026-04-01,The Ship Inn - Oban,British Gas,241.01,Cleaning
06/01/2026,The Swan - Ayr,diageo ltd,222.83 ,Maintenance
17/04/2026,Black Bull - Dundee,Amazon,£72.40,Cleaning
25/01/2026,Fox & Hound - Hamilton,Heineken UK,£299.26,Utilities
2026-02-10,Fox & Hound - Hamilton,CocaCola,308.91,Supplies
1/15/2026,Red Lion - Glasgow,BRAKES UK,593.58,Alcohol
05/03/2026,The Plough - Falkirk,diageo plc,895.59,Food
06/02/2026,Queens Head - Aberdeen,Diageo Ltd,377.37,Soft Drinks
15/04/2026,Kings Arms - Edinburgh,Scottish Water,£489.73,Food
2026-04-24,Queens Head - Aberdeen,EON Energy,409.76,Cleaning
2026-02-26,Kings Arms - Edinburgh,Diageo PLC,£262.81,Maintenance
2026-02-02,The Ship Inn - Oban,Local Bakery,442.19,Utilities
01/03/2026,Kings Arms - Edinburgh,Amazon,£243.09,Soft Drinks
2026-01-19,Fox & Hound - Hamilton,Local Bakery,287.48,Cleaning
28/02/2026,The Anchor - Perth,EON Energy,£47.72,Soft Drinks
2026-04-05,Black Bull - Dundee,BRAKES UK,712.66,Alcohol
4/5/2026,The Ship Inn - Oban,British Gas,853.04,Food
4/24/2026,Kings Arms - Edinburgh,Brakes Catering,£481.74,Utilities
14/04/2026,Kings Arms - Edinburgh,Heineken UK,326.96,Maintenance
2026-03-08,Red Lion - Glasgow,Heineken UK,763.74,Food
2026-02-02,Fox & Hound - Hamilton,Local Bakery,785.23 ,Alcohol
06/04/2026,The Anchor - Perth,Brakes Catering,130.47,Supplies
2026-02-11,Black Bull - Dundee,cocacola europacific,£229.47,Utilities
2026-03-07,Queens Head - Aberdeen,Makro,642.04,Food
2026-01-29,The Plough - Falkirk,Heineken UK Ltd,355.76,Soft Drinks
2026-02-11,Red Lion - Glasgow,Amazon,2680.87,Alcohol
2026-01-06,White Hart - Inverness,HEINEKEN,560.14 ,Utilities
4/17/2026,Black Bull - Dundee,E.ON,407.70,Maintenance
4/2/2026,Fox & Hound - Hamilton,amazon business,210.68,Soft Drinks
2026-02-27,Red Lion - Glasgow,Coca Cola,237.69,Cleaning
23/01/2026,Kings Arms - Edinburgh,Booker Ltd,363.06,Cleaning
3/3/2026,The Ship Inn - Oban,heineken uk ltd,£1329.66,Food
21/04/2026,The Plough - Falkirk,Scottish Water,-313.04,Maintenance
21/02/2026,Black Bull - Dundee,JJ Foods,118.48,Supplies
4/29/2026,White Hart - Inverness,Bidfood,396.53,Utilities
2/26/2026,Red Lion - Glasgow,Costco UK,841.58,Alcohol
3/9/2026,The Anchor - Perth,BT PLC,57.10,Cleaning
2026-01-05,Red Lion - Glasgow,EON Energy,£192.01,Utilities
16/03/2026,The Plough - Falkirk,E.ON,202.02,Supplies
18/03/2026,Red Lion - Glasgow,EON Energy,£2341.53,Alcohol
2026-01-19,Fox & Hound - Hamilton,Coca Cola Europacific,£202.44,Utilities
25/01/2026,The Plough - Falkirk,JJ Foods,£2485.99,Alcohol
2026-04-16,The Plough - Falkirk,Booker Ltd,447.77,Utilities
2026-04-08,The Swan - Ayr,Bidfood,201.89,Food
3/22/2026,Fox & Hound - Hamilton,Coca Cola,£724.23,Food
26/01/2026,Kings Arms - Edinburgh,HEINEKEN,1374.82,Alcohol
21/03/2026,White Hart - Inverness,Makro,659.24,Food
13/02/2026,Kings Arms - Edinburgh,Makro,32.19,Supplies
3/10/2026,Kings Arms - Edinburgh,Amazon,1164.30,Food
01/03/2026,The Ship Inn - Oban,JJ Foods,163.74,Utilities
2026-04-17,White Hart - Inverness,BT PLC,770.00,Alcohol
2026-02-14,The Anchor - Perth,Diageo Ltd,-307.43,Maintenance
2026-01-25,The Swan - Ayr,JJ Foods,311.46,Cleaning
4/19/2026,Kings Arms - Edinburgh,Booker Wholesale,308.04,Supplies
15/01/2026,The Anchor - Perth,BookerWholesale,369.29,Utilities
3/10/2026,The Swan - Ayr,Local Butcher,305.93,Utilities
2026-01-06,Royal Oak - Paisley,Coca Cola Europacific,365.64,Soft Drinks
21/01/2026,Fox & Hound - Hamilton,Diageo PLC,1025.50,Food
1/28/2026,Royal Oak - Paisley,BT PLC,-1083.47,Food
3/24/2026,Fox & Hound - Hamilton,Diageo PLC,365.32,Maintenance
12/04/2026,The Ship Inn - Oban,Heineken UK Ltd,£2828.60,Alcohol
07/01/2026,The Anchor - Perth,HEINEKEN,78.58,Soft Drinks
14/04/2026,The Ship Inn - Oban,British Gas,404.93,Soft Drinks
2026-04-25,The Anchor - Perth,BT PLC,424.90,Soft Drinks
1/23/2026,The Plough - Falkirk,Costco UK,-369.50,Soft Drinks
2026-04-18,Kings Arms - Edinburgh,Booker Ltd,2024.23,Alcohol
2026-01-11,Queens Head - Aberdeen,eon energy,211.33 ,Utilities
15/02/2026,The Anchor - Perth,Bidfood,£250.58 ,Maintenance
2026-02-03,Fox & Hound - Hamilton,Costco UK,398.89,Supplies
4/16/2026,Queens Head - Aberdeen,JJ Food Service,1619.20,Alcohol
06/03/2026,The Plough - Falkirk,BOOKER,1004.16,Food
14/04/2026,The Ship Inn - Oban,Brakes Catering,327.69,Supplies
18/04/2026,The Plough - Falkirk,HEINEKEN,£1649.25,Alcohol
05/03/2026,The Plough - Falkirk,Scottish Water,200.18,Cleaning
2026-02-19,The Plough - Falkirk,BT PLC,34.87,Soft Drinks
2026-04-03,The Swan - Ayr,Booker Ltd,1215.06,Food
01/04/2026,The Anchor - Perth,Costco UK,269.23,Maintenance
1/14/2026,Fox & Hound - Hamilton,Heineken UK,87.96,Cleaning
3/16/2026,The Swan - Ayr,BRAKES UK,2138.89,Alcohol
2026-03-11,Fox & Hound - Hamilton,Coca Cola Europacific,£232.75 ,Supplies
2026-03-16,The Anchor - Perth,Bidfood,£2606.29,Alcohol
25/02/2026,Red Lion - Glasgow,Heineken UK,136.60,Cleaning
14/03/2026,The Anchor - Perth,Diageo PLC,186.54,Maintenance
19/02/2026,Red Lion - Glasgow,BRAKES UK,£164.89,Supplies
4/27/2026,Red Lion - Glasgow,Brakes Catering,153.66,Utilities
2026-02-02,The Anchor - Perth,Local Fishmonger,£385.56 ,Soft Drinks
3/8/2026,The Anchor - Perth,Amazon,575.18,Alcohol
2026-04-02,Royal Oak - Paisley,BRAKES UK,-£113.42,Soft Drinks
4/19/2026,The Crown - Stirling,Bidfood,330.27,Maintenance
15/03/2026,Fox & Hound - Hamilton,E.ON,354.03,Cleaning
2/20/2026,Black Bull - Dundee,Booker Wholesale,337.88,Supplies
2026-01-23,The Swan - Ayr,Diageo PLC,1045.07,Food
2026-03-30,The Crown - Stirling,E.ON,292.45,Supplies
2/19/2026,The Swan - Ayr,Local Butcher,2367.28,Alcohol
2/19/2026,Queens Head - Aberdeen,Coca Cola,375.01,Maintenance
08/01/2026,Black Bull - Dundee,Costco UK,-£325.06,Soft Drinks
1/30/2026,The Crown - Stirling,BT PLC,£162.68,Cleaning
2026-03-06,Kings Arms - Edinburgh,Local Bakery,433.50,Food
1/12/2026,Black Bull - Dundee,British Gas,336.80,Soft Drinks
10/04/2026,Fox & Hound - Hamilton,Booker Ltd,216.03,Cleaning
31/03/2026,The Ship Inn - Oban,Costco UK,1630.24,Alcohol
4/13/2026,The Plough - Falkirk,Heineken UK Ltd,43.72,Maintenance
31/01/2026,The Plough - Falkirk,Bidfood,£144.03,Cleaning
2/6/2026,Royal Oak - Paisley,BOOKER,427.12,Supplies
4/13/2026,The Swan - Ayr,Heineken UK,£339.83,Cleaning
4/5/2026,Kings Arms - Edinburgh,Makro,614.38,Alcohol
20/02/2026,Red Lion - Glasgow,Scottish Water,166.20,Utilities
3/20/2026,The Ship Inn - Oban,ScottishWater,£424.11,Soft Drinks
2026-02-12,The Plough - Falkirk,Brakes Catering,248.93,Maintenance
31/01/2026,The Anchor - Perth,Costco UK,-£1348.36 ,Food
12/02/2026,The Crown - Stirling,Brakes Catering,239.35,Cleaning
1/8/2026,Kings Arms - Edinburgh,Coca Cola Europacific,2531.76,Alcohol
4/21/2026,White Hart - Inverness,BRAKES UK,255.39,Utilities
2026-03-04,Queens Head - Aberdeen,local butcher,£139.05 ,Supplies
2026-02-06,The Plough - Falkirk,Makro,258.94,Utilities
05/01/2026,Kings Arms - Edinburgh,JJ Foods,206.14,Utilities
2026-03-13,The Crown - Stirling,british gas,£58.95,Maintenance
4/5/2026,The Ship Inn - Oban,Coca Cola Europacific,£468.02,Food
18/02/2026,White Hart - Inverness,Scottish Water,395.12,Maintenance
2/4/2026,The Swan - Ayr,EON Energy,1496.98,Alcohol
2026-02-13,Black Bull - Dundee,BOOKER,505.82,Utilities
24/04/2026,Fox & Hound - Hamilton,Local Butcher,406.79,Utilities
2026-02-20,The Ship Inn - Oban,DIAGEO,1365.77,Alcohol
2026-01-02,Fox & Hound - Hamilton,brakes uk,£303.44,Utilities
4/2/2026,Royal Oak - Paisley,HEINEKEN,146.35,Supplies
3/11/2026,The Swan - Ayr,JJ Foods,244.16,Soft Drinks
2026-03-10,Black Bull - Dundee,booker,170.44,Food
13/02/2026,The Anchor - Perth,Local Butcher,155.73,Utilities
2026-03-14,The Anchor - Perth,Booker Wholesale,375.11,Maintenance
22/03/2026,The Ship Inn - Oban,Booker Ltd,£152.90,Maintenance
26/02/2026,The Swan - Ayr,Bidfood,655.62,Food
1/6/2026,The Swan - Ayr,Diageo PLC,372.92,Supplies
4/8/2026,Queens Head - Aberdeen,Amazon,1104.47,Food
2026-02-12,White Hart - Inverness,BRAKES UK,237.26,Maintenance
2/7/2026,Red Lion - Glasgow,EON Energy,£66.90,Cleaning
2026-04-17,Red Lion - Glasgow,E.ON,813.31,Food
4/3/2026,Fox & Hound - Hamilton,Booker Ltd,390.95,Soft Drinks
2026-03-23,The Swan - Ayr,british gas,£66.77,Soft Drinks
30/04/2026,Black Bull - Dundee,Booker Ltd,331.83,Cleaning
4/4/2026,Fox & Hound - Hamilton,BRAKES UK,410.89,Cleaning
2026-01-01,Queens Head - Aberdeen,Bidfood,315.92,Cleaning
4/13/2026,White Hart - Inverness,Coca Cola Europacific,1301.58,Alcohol
1/21/2026,Black Bull - Dundee,Bidfood,-349.51,Supplies
2026-01-01,The Ship Inn - Oban,Diageo Ltd,1130.67,Food
19/02/2026,Black Bull - Dundee,Local Bakery,339.15,Cleaning
2026-03-30,Royal Oak - Paisley,Booker Wholesale,117.77,Cleaning
2026-01-21,Black Bull - Dundee,Scottish Water,-1177.22,Food
2026-03-28,White Hart - Inverness,BT PLC,425.94,Cleaning
2026-02-23,The Swan - Ayr,Local Fishmonger,403.97,Soft Drinks
2/17/2026,Red Lion - Glasgow,Brakes Catering,174.28,Supplies
2026-03-03,Queens Head - Aberdeen,Brakes Catering,£80.14,Maintenance
27/04/2026,Queens Head - Aberdeen,DIAGEO,963.07,Food
2026-03-17,Queens Head - Aberdeen,Booker Wholesale,£230.01,Cleaning
11/02/2026,The Plough - Falkirk,BT PLC,£988.28,Food
2026-02-05,Kings Arms - Edinburgh,Coca Cola,370.61,Supplies
4/30/2026,Queens Head - Aberdeen,eon energy,423.93,Cleaning
2026-03-08,The Swan - Ayr,Coca Cola,£700.70,Alcohol
2026-01-12,The Swan - Ayr,BOOKER,101.15,Supplies
4/16/2026,The Anchor - Perth,scottish water,£30.77,Maintenance
2026-02-27,The Ship Inn - Oban,diageo plc,1229.36 ,Food
2026-01-16,The Swan - Ayr,Heineken UK,£504.62,Alcohol
08/03/2026,The Swan - Ayr,Costco UK,119.49 ,Cleaning
2026-04-23,The Crown - Stirling,E.ON,163.29,Maintenance
2026-01-04,Kings Arms - Edinburgh,Amazon Business,£506.25,Food
12/02/2026,The Swan - Ayr,Booker Wholesale,313.81,Supplies
2026-03-05,Queens Head - Aberdeen,local fishmonger,273.61,Utilities
26/04/2026,Black Bull - Dundee,BRAKES UK,£353.81,Cleaning
1/28/2026,The Crown - Stirling,Booker Wholesale,428.45,Supplies
02/02/2026,Royal Oak - Paisley,E.ON,569.61,Alcohol
2026-01-09,Kings Arms - Edinburgh,Heineken UK,£167.85,Maintenance
1/24/2026,Queens Head - Aberdeen,EON Energy,£398.17,Food
1/25/2026,The Plough - Falkirk,Coca Cola Europacific,£1510.48,Alcohol
15/03/2026,The Crown - Stirling,BRAKES UK,£634.98,Alcohol
1/20/2026,The Ship Inn - Oban,Local Butcher,289.97,Soft Drinks
2026-04-13,Red Lion - Glasgow,JJ Food Service,£149.80 ,Maintenance
2026-01-30,The Swan - Ayr,Amazon,-258.70,Food
30/01/2026,White Hart - Inverness,Booker Ltd,£80.30,Maintenance
2026-04-28,The Crown - Stirling,Amazon Business,292.78,Food
4/6/2026,Kings Arms - Edinburgh,JJ Food Service,499.73,Alcohol
4/9/2026,White Hart - Inverness,Coca Cola,121.33,Cleaning
1/23/2026,Black Bull - Dundee,scottish water,219.58,Supplies
2026-02-02,The Ship Inn - Oban,Diageo PLC,127.77,Cleaning
2026-02-14,Royal Oak - Paisley,Diageo PLC,1012.32,Food
2026-01-11,The Swan - Ayr,BOOKER,199.77,Cleaning
13/04/2026,Fox & Hound - Hamilton,Bidfood,1198.29,Food
2026-03-17,Red Lion - Glasgow,BRAKES UK,227.29,Maintenance
3/23/2026,Fox & Hound - Hamilton,Costco UK,343.34,Soft Drinks
2026-03-27,The Plough - Falkirk,Booker Wholesale,874.72,Food
4/10/2026,White Hart - Inverness,BOOKER,1123.59,Food
15/02/2026,The Plough - Falkirk,brakes catering,2064.76,Alcohol
2026-03-07,The Anchor - Perth,Coca Cola,521.03 ,Utilities
2/4/2026,The Ship Inn - Oban,Local Fishmonger,1192.21,Food
1/29/2026,The Anchor - Perth,Brakes Catering,-338.06 ,Maintenance
03/01/2026,Queens Head - Aberdeen,Scottish Water,157.37,Maintenance
2026-04-13,Black Bull - Dundee,brakes,304.43,Cleaning
4/23/2026,Queens Head - Aberdeen,brakes,42.79,Maintenance
2026-03-03,Queens Head - Aberdeen,BRAKES UK,356.25,Soft Drinks
03/04/2026,The Crown - Stirling,EONEnergy,352.26,Cleaning
23/03/2026,The Crown - Stirling,Brakes,137.69,Soft Drinks
2/21/2026,The Crown - Stirling,Diageo Ltd,133.10,Utilities
2026-04-03,White Hart - Inverness,Makro,601.81,Alcohol
1/18/2026,Royal Oak - Paisley,Amazon,£521.34,Utilities
13/01/2026,Black Bull - Dundee,HEINEKEN,331.44,Utilities
02/01/2026,White Hart - Inverness,Amazon,507.40,Alcohol
4/22/2026,Black Bull - Dundee,JJ Food Service,475.55,Utilities
1/18/2026,Royal Oak - Paisley,Booker Wholesale,285.43,Soft Drinks
2026-02-17,Kings Arms - Edinburgh,Heineken UK,£196.28,Utilities
2/5/2026,The Swan - Ayr,Heineken UK Ltd,2316.83 ,Alcohol
2026-03-26,The Crown - Stirling,Booker Ltd,1160.20,Alcohol
2026-01-12,Black Bull - Dundee,E.ON,312.23,Food
1/7/2026,Queens Head - Aberdeen,Local Butcher,£424.30,Soft Drinks
28/02/2026,The Swan - Ayr,scottish water,223.56,Cleaning
29/04/2026,Red Lion - Glasgow,EON Energy,397.45,Soft Drinks
2026-01-29,The Swan - Ayr,Coca Cola,£1285.23,Alcohol
3/10/2026,The Ship Inn - Oban,booker,£209.59,Soft Drinks
4/16/2026,Fox & Hound - Hamilton,diageo ltd,163.22,Supplies
12/04/2026,Kings Arms - Edinburgh,Makro,348.19,Cleaning
2/3/2026,White Hart - Inverness,jj foods,£115.61,Cleaning
03/04/2026,Fox & Hound - Hamilton,JJ Food Service,525.29,Food
24/03/2026,Queens Head - Aberdeen,Local Bakery,380.91,Supplies
4/28/2026,Queens Head - Aberdeen,e.on,-£303.28,Soft Drinks
12/04/2026,The Swan - Ayr,BOOKER,£385.04,Cleaning
07/04/2026,Black Bull - Dundee,Local Bakery,312.32,Maintenance
2026-03-15,The Plough - Falkirk,Costco UK,2297.90,Alcohol
4/20/2026,The Ship Inn - Oban,Local Butcher,-314.52,Soft Drinks
1/25/2026,The Anchor - Perth,Amazon Business,358.35,Supplies
2026-02-14,Queens Head - Aberdeen,Heineken UK,192.47,Maintenance
24/02/2026,Royal Oak - Paisley,BRAKES UK,877.09,Food
3/1/2026,Queens Head - Aberdeen,makro,£848.51 ,Food
2026-01-17,The Ship Inn - Oban,Amazon,£313.05,Cleaning
01/01/2026,Queens Head - Aberdeen,BRAKES UK,91.04,Supplies
2026-04-11,Kings Arms - Edinburgh,BOOKER,148.74,Cleaning
2026-02-26,Queens Head - Aberdeen,e.on,£376.80,Food
10/02/2026,Black Bull - Dundee,Local Bakery,£428.08,Food
2026-03-17,The Swan - Ayr,DIAGEO,£757.45,Food
15/03/2026,The Crown - Stirling,JJ Foods,£109.37,Cleaning
2026-03-08,The Anchor - Perth,Booker Wholesale,313.56,Utilities
2/11/2026,The Anchor - Perth,Local Fishmonger,-2858.83,Alcohol
24/01/2026,The Anchor - Perth,Coca Cola Europacific,£283.72,Cleaning
2026-02-25,The Ship Inn - Oban,Diageo Ltd,184.75,Cleaning
4/6/2026,The Ship Inn - Oban,JJ Food Service,99.55,Cleaning
2026-03-26,Black Bull - Dundee,JJ Food Service,243.61,Cleaning
2026-04-29,Royal Oak - Paisley,BT PLC,£351.33,Cleaning
2026-02-01,The Swan - Ayr,Amazon Business,£41.02,Maintenance
2026-04-08,Queens Head - Aberdeen,Coca Cola,£686.47,Alcohol
4/12/2026,Royal Oak - Paisley,Local Bakery,65.47,Maintenance
21/04/2026,Queens Head - Aberdeen,British Gas,242.99,Food
2/16/2026,Red Lion - Glasgow,Heineken UK,324.47,Utilities
4/12/2026,White Hart - Inverness,BOOKER,£52.80,Cleaning
2026-02-27,The Ship Inn - Oban,British Gas,1150.16,Food
4/29/2026,The Crown - Stirling,Booker Wholesale,150.06,Cleaning
05/01/2026,Queens Head - Aberdeen,Amazon Business,327.54,Maintenance
4/11/2026,Red Lion - Glasgow,British Gas,409.02,Supplies
30/01/2026,The Ship Inn - Oban,Amazon Business,£302.90,Utilities
27/04/2026,The Crown - Stirling,E.ON,230.72,Maintenance
2/12/2026,The Swan - Ayr,bt plc,£363.17,Supplies
31/03/2026,The Plough - Falkirk,Costco UK,578.61,Food
4/1/2026,Kings Arms - Edinburgh,Bidfood,£56.51 ,Maintenance
15/01/2026,The Crown - Stirling,Bidfood,£1092.15,Food
4/4/2026,Kings Arms - Edinburgh,Scottish Water,317.20,Soft Drinks
2026-04-07,Fox & Hound - Hamilton,BOOKER,132.63,Maintenance
4/14/2026,The Anchor - Perth,Booker Ltd,178.59,Food
3/28/2026,The Ship Inn - Oban,coca cola europacific,265.77,Cleaning
2026-01-09,The Swan - Ayr,heineken uk ltd,328.99,Soft Drinks
4/7/2026,The Plough - Falkirk,eon energy,346.99,Soft Drinks
2026-03-07,Fox & Hound - Hamilton,Amazon Business,90.83,Soft Drinks
1/3/2026,Fox & Hound - Hamilton,British Gas,131.65,Utilities
2026-03-15,Red Lion - Glasgow,Booker Ltd,347.65,Soft Drinks
20/04/2026,The Swan - Ayr,Local Fishmonger,£1116.29,Food
2/8/2026,The Plough - Falkirk,Amazon Business,112.85,Soft Drinks
08/03/2026,White Hart - Inverness,HEINEKEN,110.59,Cleaning
3/26/2026,The Ship Inn - Oban,BookerLtd,153.47,Supplies
2026-02-07,White Hart - Inverness,BOOKER,332.50,Maintenance
2026-02-24,The Ship Inn - Oban,Booker Ltd,144.55,Soft Drinks
2026-03-27,The Plough - Falkirk,JJ Food Service,727.39,Food
2026-02-14,The Ship Inn - Oban,DIAGEO,£305.22,Cleaning
10/02/2026,Queens Head - Aberdeen,Scottish Water,£2026.63 ,Alcohol
2026-04-17,Kings Arms - Edinburgh,EON Energy,419.30,Soft Drinks
2/19/2026,Red Lion - Glasgow,BRAKES UK,£360.27,Utilities
3/24/2026,The Crown - Stirling,Costco UK,£281.15,Soft Drinks
2026-01-03,The Ship Inn - Oban,British Gas,£353.26,Utilities
3/7/2026,The Swan - Ayr,BOOKER,335.23,Soft Drinks
4/9/2026,Queens Head - Aberdeen,Local Fishmonger,121.84,Cleaning
2026-04-29,Queens Head - Aberdeen,booker wholesale,163.97,Cleaning
2026-03-25,Fox & Hound - Hamilton,Local Fishmonger,1648.26,Alcohol
25/02/2026,Royal Oak - Paisley,Diageo Ltd,97.79,Cleaning
3/10/2026,Queens Head - Aberdeen,Local Butcher,67.75,Maintenance
4/28/2026,Fox & Hound - Hamilton,Amazon,365.08,Maintenance
1/7/2026,White Hart - Inverness,booker,£743.20,Food
20/04/2026,Kings Arms - Edinburgh,Booker Wholesale,436.88,Alcohol
2026-01-03,Queens Head - Aberdeen,Coca Cola,158.92,Maintenance
1/18/2026,Kings Arms - Edinburgh,EON Energy,257.68,Supplies
2026-04-10,The Anchor - Perth,Coca Cola Europacific,2794.86,Alcohol
09/04/2026,Queens Head - Aberdeen,HEINEKEN,412.09,Food
2/10/2026,Fox & Hound - Hamilton,scottish water,488.25,Food
20/04/2026,Kings Arms - Edinburgh,Booker Wholesale,376.55,Soft Drinks
30/03/2026,White Hart - Inverness,DIAGEO,731.09,Food
1/12/2026,The Crown - Stirling,Scottish Water,2565.48,Alcohol
14/02/2026,The Crown - Stirling,Heineken UK,688.22,Food
2026-03-29,Royal Oak - Paisley,Brakes Catering,316.24,Supplies
2/25/2026,Fox & Hound - Hamilton,Diageo Ltd,419.55,Cleaning
4/6/2026,Queens Head - Aberdeen,JJ Foods,1176.98,Alcohol
03/02/2026,Queens Head - Aberdeen,Local Fishmonger,1778.85,Alcohol
2026-04-19,Black Bull - Dundee,BOOKER,518.52,Alcohol
2026-03-04,Fox & Hound - Hamilton,Coca Cola,114.00,Soft Drinks
1/19/2026,The Anchor - Perth,Brakes,339.21,Utilities
4/4/2026,Black Bull - Dundee,brakes uk,110.01,Cleaning
29/04/2026,Kings Arms - Edinburgh,Makro,332.31,Supplies
1/29/2026,Kings Arms - Edinburgh,Amazon Business,282.56,Soft Drinks
14/04/2026,The Ship Inn - Oban,Amazon,£347.09 ,Supplies
2026-03-02,White Hart - Inverness,E.ON,915.36,Alcohol
2026-01-18,The Ship Inn - Oban,HEINEKEN,2174.70,Alcohol
2/24/2026,The Swan - Ayr,Costco UK,-£311.04,Soft Drinks
2026-01-21,White Hart - Inverness,Local Butcher,197.85,Soft Drinks
2026-03-25,The Swan - Ayr,HeinekenUK,148.75,Utilities
3/9/2026,The Plough - Falkirk,Scottish Water,1399.46,Alcohol
1/21/2026,Red Lion - Glasgow,Coca Cola,£190.58,Cleaning
4/8/2026,Fox & Hound - Hamilton,BookerLtd,114.67 ,Soft Drinks
2026-01-19,The Anchor - Perth,Booker Ltd,214.36,Cleaning
2026-04-20,Queens Head - Aberdeen,booker,256.11,Maintenance
2026-04-05,The Crown - Stirling,BT PLC,£189.83,Cleaning
2026-01-30,The Plough - Falkirk,Diageo Ltd,2485.68,Alcohol
2026-01-11,The Ship Inn - Oban,HEINEKEN,£602.10,Alcohol
2026-02-25,Kings Arms - Edinburgh,local fishmonger,327.31,Supplies
21/02/2026,Kings Arms - Edinburgh,BRAKES UK,£329.34,Food
2026-04-08,Queens Head - Aberdeen,BRAKESUK,137.60,Utilities
06/03/2026,Kings Arms - Edinburgh,Heineken UK,136.99,Utilities
10/01/2026,Red Lion - Glasgow,Booker Ltd,314.65,Cleaning
1/1/2026,The Anchor - Perth,heineken uk,50.63,Soft Drinks
11/03/2026,The Swan - Ayr,BRAKES UK,310.04,Utilities
2026-03-24,The Anchor - Perth,JJ Foods,207.28,Utilities
2/28/2026,Royal Oak - Paisley,bt plc,-395.33,Maintenance
03/03/2026,Royal Oak - Paisley,Brakes,£1258.11,Food
12/01/2026,Black Bull - Dundee,Brakes Catering,£155.05,Maintenance
10/02/2026,Fox & Hound - Hamilton,Brakes Catering,203.38,Supplies
3/7/2026,White Hart - Inverness,EON Energy,257.18,Soft Drinks
3/9/2026,Kings Arms - Edinburgh,DIAGEO,140.31,Cleaning
2026-02-23,Royal Oak - Paisley,LocalBakery,274.32,Utilities
01/01/2026,Red Lion - Glasgow,British Gas,313.92,Maintenance
2026-02-14,The Ship Inn - Oban,EON Energy,116.33,Soft Drinks
2026-03-02,Fox & Hound - Hamilton,JJ Foods,102.38,Supplies
3/25/2026,The Ship Inn - Oban,Diageo PLC,415.19,Cleaning
2026-01-14,Black Bull - Dundee,Amazon,824.79,Alcohol
14/04/2026,The Plough - Falkirk,JJ Foods,£242.03,Soft Drinks
07/03/2026,Fox & Hound - Hamilton,DIAGEO,£86.02,Supplies
2026-04-21,Fox & Hound - Hamilton,Local Fishmonger,417.18,Utilities
15/01/2026,The Anchor - Perth,makro,407.64,Maintenance
2026-04-02,Queens Head - Aberdeen,BOOKER,499.75,Food
05/03/2026,Royal Oak - Paisley,Brakes Catering,410.34,Alcohol
1/15/2026,Royal Oak - Paisley,Booker Wholesale,£118.77,Utilities
2026-03-20,The Anchor - Perth,Diageo Ltd,£442.06,Food
1/17/2026,Fox & Hound - Hamilton,BT PLC,375.36,Supplies
2026-03-26,Kings Arms - Edinburgh,Coca Cola,172.40,Soft Drinks
3/31/2026,The Swan - Ayr,JJ Food Service,£770.16,Food
12/03/2026,The Crown - Stirling,Booker Wholesale,125.52,Cleaning
18/02/2026,Black Bull - Dundee,BOOKER,£164.84,Cleaning
2026-04-25,The Crown - Stirling,Coca Cola,-523.07,Utilities
2026-01-22,The Crown - Stirling,Heineken UK,173.59 ,Soft Drinks
12/01/2026,The Anchor - Perth,Brakes Catering,£380.76,Utilities
01/02/2026,The Anchor - Perth,amazon,330.29,Soft Drinks
2026-02-11,Red Lion - Glasgow,Bidfood,344.23,Cleaning
1/18/2026,Royal Oak - Paisley,cocacola europacific,164.55,Utilities
2026-03-25,White Hart - Inverness,Coca Cola Europacific,220.28,Maintenance
2026-04-11,Black Bull - Dundee,Local Butcher,79.90,Supplies
28/03/2026,Black Bull - Dundee,E.ON,1533.24,Alcohol
10/01/2026,The Crown - Stirling,Makro,289.78,Maintenance
4/10/2026,White Hart - Inverness,DIAGEO,859.51 ,Food
3/6/2026,Queens Head - Aberdeen,brakes catering,262.08,Supplies
29/01/2026,Queens Head - Aberdeen,JJ Food Service,£2075.12,Alcohol
2/20/2026,Red Lion - Glasgow,Scottish Water,£32.09,Maintenance
2026-01-13,The Swan - Ayr,Heineken UK Ltd,242.35,Cleaning
12/01/2026,White Hart - Inverness,Local Butcher,£125.68,Maintenance
2026-02-26,The Crown - Stirling,Diageo Ltd,£1558.45,Alcohol
2026-03-20,Kings Arms - Edinburgh,HEINEKEN,266.10,Utilities
2026-03-31,Queens Head - Aberdeen,BRAKES UK,106.61,Cleaning
2026-02-05,Fox & Hound - Hamilton,Coca Cola,1137.03 ,Food
29/04/2026,White Hart - Inverness,Diageo Ltd,726.48,Food
4/30/2026,The Anchor - Perth,Local Butcher,367.13,Cleaning
2026-03-28,The Plough - Falkirk,HEINEKEN,332.89,Soft Drinks
3/15/2026,Red Lion - Glasgow,Local Butcher,184.66,Utilities
3/6/2026,Kings Arms - Edinburgh,E.ON,45.11,Soft Drinks
05/01/2026,Royal Oak - Paisley,Heineken UK Ltd,442.30,Utilities
3/10/2026,The Swan - Ayr,British Gas,181.09,Soft Drinks
30/01/2026,Fox & Hound - Hamilton,DIAGEO,£97.01,Soft Drinks
2/24/2026,Royal Oak - Paisley,Booker Wholesale,235.61,Food
09/04/2026,Kings Arms - Edinburgh,Local Fishmonger,£253.54,Cleaning
2026-02-07,Red Lion - Glasgow,Coca Cola,81.35,Soft Drinks
06/02/2026,Black Bull - Dundee,JJ Food Service,1810.88,Alcohol
1/14/2026,Queens Head - Aberdeen,Local Bakery,398.83,Cleaning
4/28/2026,Royal Oak - Paisley,BookerLtd,£274.23,Supplies
2026-04-01,Royal Oak - Paisley,Local Butcher,119.48,Cleaning
01/01/2026,White Hart - Inverness,JJ Foods,270.58,Supplies
2026-02-11,Queens Head - Aberdeen,Amazon Business,228.36,Food
2/5/2026,Royal Oak - Paisley,Makro,221.65,Soft Drinks
2/27/2026,Kings Arms - Edinburgh,Amazon,1204.79,Food
11/03/2026,The Anchor - Perth,E.ON,£338.99,Supplies
07/04/2026,Kings Arms - Edinburgh,British Gas,450.57,Utilities
15/03/2026,Queens Head - Aberdeen,E.ON,£293.22,Supplies
18/02/2026,Black Bull - Dundee,amazon,404.79,Supplies
2/16/2026,The Ship Inn - Oban,Brakes,-235.94,Maintenance
4/15/2026,The Plough - Falkirk,Amazon Business,£2459.89,Alcohol
1/24/2026,Queens Head - Aberdeen,DIAGEO,174.47,Food
2026-01-18,The Anchor - Perth,BOOKER,270.10,Soft Drinks
2026-01-14,The Crown - Stirling,Costco UK,£254.44,Utilities
2026-01-22,The Anchor - Perth,EON Energy,128.83,Supplies
20/02/2026,The Plough - Falkirk,Heineken UK Ltd,475.49,Food
2026-01-25,The Anchor - Perth,DIAGEO,£244.39,Supplies
3/2/2026,The Plough - Falkirk,AmazonBusiness,340.03,Utilities
4/9/2026,The Swan - Ayr,E.ON,855.38,Food
15/02/2026,Black Bull - Dundee,BT PLC,£107.51,Cleaning
1/23/2026,The Swan - Ayr,BrakesCatering,258.40,Cleaning
2026-02-23,Queens Head - Aberdeen,Booker Ltd,45.27,Supplies
2026-04-03,Royal Oak - Paisley,Brakes Catering,916.46,Food
2/14/2026,Red Lion - Glasgow,Heineken UK Ltd,£278.44,Cleaning
23/03/2026,The Crown - Stirling,e.on,1539.55,Alcohol
2026-03-18,White Hart - Inverness,Local Bakery,£1224.79 ,Alcohol
4/24/2026,White Hart - Inverness,Makro,55.08,Supplies
3/21/2026,Kings Arms - Edinburgh,Local Butcher,-£1146.76,Alcohol
02/03/2026,Queens Head - Aberdeen,DIAGEO,304.96,Cleaning
11/02/2026,White Hart - Inverness,booker wholesale,233.82,Food
23/03/2026,Red Lion - Glasgow,BT PLC,£382.36,Soft Drinks
2/21/2026,The Plough - Falkirk,Booker Wholesale,£1026.77,Food
2026-03-17,The Crown - Stirling,diageo ltd,350.81,Supplies
10/03/2026,Fox & Hound - Hamilton,Heineken UK,414.74 ,Cleaning
07/04/2026,Royal Oak - Paisley,Booker Ltd,57.04,Maintenance
2/18/2026,Black Bull - Dundee,Amazon Business,258.93,Food
26/04/2026,The Anchor - Perth,Local Fishmonger,£2570.25,Alcohol
02/02/2026,White Hart - Inverness,Heineken UK Ltd,161.57,Cleaning
4/27/2026,The Plough - Falkirk,E.ON,352.70,Utilities
18/03/2026,The Ship Inn - Oban,BT PLC,-112.51,Soft Drinks
11/03/2026,The Ship Inn - Oban,JJ Foods,128.59,Maintenance
2026-03-20,Black Bull - Dundee,HEINEKEN,45.24,Supplies
2/18/2026,Royal Oak - Paisley,Heineken UK Ltd,£1606.99,Alcohol
2026-04-14,The Plough - Falkirk,Diageo Ltd,220.67,Supplies
4/12/2026,The Anchor - Perth,JJ Foods,£569.35,Utilities
2026-04-14,Kings Arms - Edinburgh,british gas,192.94,Maintenance
2/20/2026,White Hart - Inverness,Costco UK,-162.64,Food
24/02/2026,Red Lion - Glasgow,HEINEKEN,397.21,Soft Drinks
19/02/2026,Red Lion - Glasgow,Brakes,-190.99,Cleaning
13/04/2026,The Plough - Falkirk,Brakes Catering,198.28,Supplies
3/16/2026,Kings Arms - Edinburgh,Amazon Business,£2574.38,Alcohol
2026-01-21,The Anchor - Perth,BT PLC,368.39,Cleaning
3/12/2026,The Crown - Stirling,booker ltd,1871.13,Alcohol
2026-02-06,Queens Head - Aberdeen,JJ Food Service,-118.82,Utilities
2/16/2026,The Swan - Ayr,eon energy,435.48,Food
2026-01-25,White Hart - Inverness,Local Butcher,274.39,Soft Drinks
2026-03-26,The Plough - Falkirk,HEINEKEN,357.56,Maintenance
2/28/2026,The Swan - Ayr,Heineken UK,£268.68,Cleaning
2/12/2026,White Hart - Inverness,E.ON,172.12,Food
2/4/2026,Red Lion - Glasgow,Heineken UK,268.84,Maintenance
01/03/2026,Black Bull - Dundee,BT PLC,113.50,Soft Drinks
2026-01-03,The Plough - Falkirk,Local Bakery,£154.94,Cleaning
10/04/2026,Queens Head - Aberdeen,brakes,£260.64,Utilities
05/04/2026,Fox & Hound - Hamilton,e.on,249.19,Cleaning
2026-03-11,Royal Oak - Paisley,BOOKER,70.91,Maintenance
17/03/2026,The Swan - Ayr,Brakes Catering,105.96,Maintenance
4/24/2026,Black Bull - Dundee,British Gas,£324.82,Utilities
2026-02-17,Royal Oak - Paisley,BRAKES UK,131.36,Utilities
3/16/2026,The Crown - Stirling,DIAGEO,516.66,Food
28/02/2026,Fox & Hound - Hamilton,Local Fishmonger,£748.66,Food
4/19/2026,The Swan - Ayr,brakes catering,226.63,Cleaning
2026-02-19,Queens Head - Aberdeen,Bidfood,140.98 ,Supplies
2/5/2026,The Crown - Stirling,EON Energy,198.39,Utilities
13/01/2026,The Anchor - Perth,Booker Ltd,344.62,Utilities
2026-01-31,Royal Oak - Paisley,British Gas,2097.67,Alcohol
24/04/2026,The Plough - Falkirk,Local Fishmonger,£137.21,Cleaning
4/30/2026,Royal Oak - Paisley,brakes catering,£277.93,Maintenance
2026-04-29,The Anchor - Perth,Diageo PLC,744.37 ,Alcohol
4/13/2026,The Anchor - Perth,BT PLC,231.14,Cleaning
21/03/2026,Fox & Hound - Hamilton,ScottishWater,185.29,Utilities
01/03/2026,The Plough - Falkirk,e.on,£163.69,Cleaning
4/10/2026,The Ship Inn - Oban,jj foods,169.73,Utilities
2026-04-18,Fox & Hound - Hamilton,Bidfood,129.24,Utilities
02/04/2026,The Anchor - Perth,Brakes Catering,129.61,Maintenance
08/03/2026,The Plough - Falkirk,HEINEKEN,1402.98,Alcohol
2026-01-10,White Hart - Inverness,Bidfood,£395.49,Soft Drinks
2026-04-01,Fox & Hound - Hamilton,Makro,1203.26,Alcohol
29/01/2026,The Anchor - Perth,HEINEKEN,419.77,Supplies
2/1/2026,White Hart - Inverness,Local Bakery,-£240.75,Cleaning
2026-04-19,The Crown - Stirling,JJ Foods,1220.16,Food
4/14/2026,Royal Oak - Paisley,E.ON,358.64,Supplies
2/3/2026,Royal Oak - Paisley,amazon business,209.33,Soft Drinks
2026-04-16,Queens Head - Aberdeen,EON Energy,166.06,Cleaning
1/31/2026,The Crown - Stirling,Booker Ltd,427.40,Utilities
2/19/2026,The Ship Inn - Oban,BOOKER,226.39,Utilities
20/03/2026,White Hart - Inverness,BTPLC,412.81 ,Utilities
3/20/2026,The Ship Inn - Oban,Costco UK,2801.68,Alcohol
2026-01-03,The Anchor - Perth,E.ON,134.30,Cleaning
11/02/2026,The Plough - Falkirk,coca cola europacific,389.60,Cleaning
3/17/2026,Fox & Hound - Hamilton,Brakes,315.47,Soft Drinks
26/02/2026,Kings Arms - Edinburgh,Bidfood,115.40,Cleaning
2/2/2026,The Anchor - Perth,Diageo PLC,1147.64,Food
2026-02-25,Red Lion - Glasgow,E.ON,327.91,Supplies
2026-04-28,White Hart - Inverness,E.ON,512.66,Food
05/01/2026,The Anchor - Perth,E.ON,2318.88,Alcohol
2026-01-05,The Swan - Ayr,Scottish Water,284.13,Food
1/31/2026,Red Lion - Glasgow,local fishmonger,344.26,Cleaning
17/01/2026,The Swan - Ayr,Amazon,£280.47,Soft Drinks
4/22/2026,The Ship Inn - Oban,LocalButcher,749.92,Food
14/03/2026,Royal Oak - Paisley,BRAKES UK,370.53,Supplies
1/16/2026,Black Bull - Dundee,Brakes Catering,£119.11,Utilities
25/01/2026,The Anchor - Perth,Brakes,271.07,Maintenance
16/03/2026,Royal Oak - Paisley,Scottish Water,476.86,Utilities
2/17/2026,The Swan - Ayr,Costco UK,535.15,Utilities
2026-03-10,The Crown - Stirling,Heineken UK,360.00,Supplies
3/16/2026,Queens Head - Aberdeen,Scottish Water,342.81,Supplies
2026-01-29,Red Lion - Glasgow,Local Butcher,-264.65,Supplies
3/1/2026,The Anchor - Perth,Bidfood,440.73,Utilities
3/9/2026,Red Lion - Glasgow,BT PLC,167.68,Soft Drinks
4/16/2026,Royal Oak - Paisley,JJ Foods,£239.61,Supplies
2026-02-24,Royal Oak - Paisley,Makro,314.69,Soft Drinks
2/10/2026,Kings Arms - Edinburgh,Heineken UK,£50.66,Soft Drinks
3/5/2026,Royal Oak - Paisley,Local Butcher,627.49,Alcohol
2026-01-06,The Ship Inn - Oban,Costco UK,317.13,Soft Drinks
26/01/2026,Black Bull - Dundee,Local Fishmonger,£402.00,Utilities
2026-01-13,Red Lion - Glasgow,Local Butcher,2154.07,Alcohol
04/02/2026,Queens Head - Aberdeen,Coca Cola Europacific,£167.38,Soft Drinks
2026-01-03,Black Bull - Dundee,Coca Cola,137.68,Utilities
06/02/2026,White Hart - Inverness,JJ Food Service,226.27,Utilities
20/03/2026,White Hart - Inverness,E.ON,37.90,Supplies
2026-02-06,The Ship Inn - Oban,Coca Cola Europacific,122.71,Supplies
2026-03-14,The Crown - Stirling,CocaCola,411.38,Maintenance
2026-03-04,Red Lion - Glasgow,Heineken UK Ltd,1884.64,Alcohol
4/10/2026,The Swan - Ayr,Diageo Ltd,1852.73,Alcohol
1/6/2026,White Hart - Inverness,BT PLC,196.02,Cleaning
13/02/2026,Queens Head - Aberdeen,E.ON,£382.96,Utilities
06/01/2026,White Hart - Inverness,Booker Wholesale,239.11,Food
1/13/2026,The Ship Inn - Oban,booker ltd,420.06,Supplies
3/15/2026,Black Bull - Dundee,Brakes,228.52,Food
16/01/2026,Queens Head - Aberdeen,JJ Foods,236.34,Maintenance
30/01/2026,Black Bull - Dundee,JJ Food Service,1305.44,Alcohol
04/04/2026,The Swan - Ayr,E.ON,2595.42,Alcohol
2026-01-11,Black Bull - Dundee,amazon business,192.46,Utilities
24/03/2026,The Swan - Ayr,Local Fishmonger,£528.84,Food
22/03/2026,The Swan - Ayr,Makro,149.29,Cleaning
2026-01-31,Fox & Hound - Hamilton,Coca Cola,213.12,Soft Drinks
3/5/2026,Kings Arms - Edinburgh,Bidfood,673.70,Food
3/26/2026,Black Bull - Dundee,JJ Foods,98.37,Supplies
2026-02-11,Black Bull - Dundee,Coca Cola Europacific,234.18,Soft Drinks
17/01/2026,White Hart - Inverness,brakes uk,-159.85,Cleaning
3/30/2026,Black Bull - Dundee,Makro,£235.59,Utilities
11/03/2026,The Plough - Falkirk,Brakes,325.60,Utilities
16/01/2026,Royal Oak - Paisley,British Gas,396.76,Soft Drinks
24/02/2026,Red Lion - Glasgow,Bidfood,890.95,Alcohol
2/13/2026,Kings Arms - Edinburgh,DIAGEO,416.33,Utilities
2026-01-05,The Anchor - Perth,Diageo PLC,340.32,Maintenance
4/10/2026,The Crown - Stirling,BT PLC,£761.09 ,Food
2026-03-13,The Crown - Stirling,Heineken UK Ltd,252.96,Soft Drinks
3/4/2026,Black Bull - Dundee,DiageoLtd,£1474.61 ,Alcohol
21/03/2026,The Plough - Falkirk,Local Bakery,356.21,Soft Drinks
2026-04-16,Kings Arms - Edinburgh,coca cola europacific,187.81,Soft Drinks
4/6/2026,Kings Arms - Edinburgh,Booker Wholesale,776.57,Food
2/1/2026,The Crown - Stirling,Heineken UK,173.19,Maintenance
11/04/2026,Fox & Hound - Hamilton,Brakes,994.13,Alcohol
3/21/2026,Royal Oak - Paisley,Local Fishmonger,217.16,Supplies
25/04/2026,Queens Head - Aberdeen,Makro,407.06,Supplies
09/01/2026,Royal Oak - Paisley,Heineken UK Ltd,£365.06,Supplies
22/01/2026,Royal Oak - Paisley,Scottish Water,247.14,Soft Drinks
3/25/2026,Queens Head - Aberdeen,EON Energy,699.98,Food
1/1/2026,Royal Oak - Paisley,Heineken UK,93.37,Supplies
3/27/2026,Queens Head - Aberdeen,Makro,751.13 ,Alcohol
4/2/2026,The Crown - Stirling,Scottish Water,£454.22 ,Food
2026-04-20,Red Lion - Glasgow,Local Fishmonger,2173.97,Alcohol
24/04/2026,Fox & Hound - Hamilton,British Gas,63.98,Cleaning
2026-04-20,Red Lion - Glasgow,scottish water,£429.85,Cleaning
3/11/2026,The Crown - Stirling,Scottish Water,138.94,Soft Drinks
2026-01-11,Fox & Hound - Hamilton,Heineken UK,147.44,Cleaning
2026-04-04,Royal Oak - Paisley,Local Butcher,£105.91,Cleaning
16/02/2026,Royal Oak - Paisley,BRAKESUK,£708.01,Food
05/02/2026,Royal Oak - Paisley,Diageo Ltd,£90.40,Soft Drinks
2026-03-13,The Ship Inn - Oban,British Gas,£142.30 ,Cleaning
04/02/2026,Black Bull - Dundee,BT PLC,30.53,Cleaning
15/04/2026,Black Bull - Dundee,Diageo PLC,1448.88,Alcohol
2026-04-05,White Hart - Inverness,JJ Food Service,841.31,Food
2026-03-14,The Anchor - Perth,Makro,151.87,Food
2026-03-26,The Swan - Ayr,JJFood Service,2590.14,Alcohol
1/19/2026,The Anchor - Perth,Diageo PLC,233.45,Maintenance
1/15/2026,Royal Oak - Paisley,Costco UK,618.91,Food
2026-02-28,Fox & Hound - Hamilton,Amazon,1539.12 ,Alcohol
01/03/2026,Red Lion - Glasgow,Amazon,395.86,Utilities
20/04/2026,White Hart - Inverness,local bakery,1010.32,Alcohol
29/04/2026,Royal Oak - Paisley,Booker Wholesale,55.56,Maintenance
14/04/2026,The Anchor - Perth,Amazon,525.44,Utilities
2026-04-18,The Crown - Stirling,EON Energy,1614.67,Alcohol
2026-04-06,The Ship Inn - Oban,BookerLtd,1878.27,Alcohol
23/01/2026,Queens Head - Aberdeen,Local Bakery,239.85,Utilities
3/1/2026,Kings Arms - Edinburgh,Scottish Water,£145.86 ,Utilities
1/19/2026,Red Lion - Glasgow,Diageo PLC,1303.58,Food
1/1/2026,White Hart - Inverness,E.ON,317.59,Utilities
05/03/2026,Royal Oak - Paisley,Coca Cola,-885.99,Food
2026-02-20,Kings Arms - Edinburgh,Coca Cola Europacific,£735.81,Alcohol
2026-02-05,The Swan - Ayr,Coca Cola Europacific,1465.58,Alcohol
2/8/2026,The Swan - Ayr,Makro,152.95,Supplies
2026-03-29,The Swan - Ayr,HEINEKEN,1892.63,Alcohol
2026-03-22,Red Lion - Glasgow,Coca Cola,420.79,Utilities
24/04/2026,The Plough - Falkirk,Heineken UK,130.95,Maintenance
31/01/2026,The Anchor - Perth,Bidfood,2222.56,Alcohol
4/26/2026,The Crown - Stirling,Local Bakery,£383.10,Supplies
15/04/2026,The Anchor - Perth,Bidfood,238.37,Cleaning
4/14/2026,Royal Oak - Paisley,Local Fishmonger,275.95,Supplies
04/03/2026,Red Lion - Glasgow,Coca Cola Europacific,1173.69,Food
02/01/2026,Royal Oak - Paisley,Heineken UK,65.17,Cleaning
1/31/2026,Royal Oak - Paisley,Coca Cola Europacific,1058.67,Alcohol
2026-01-13,Queens Head - Aberdeen,BRAKES UK,393.98 ,Maintenance
4/23/2026,Kings Arms - Edinburgh,Amazon,£192.02,Cleaning
3/12/2026,Queens Head - Aberdeen,Booker Ltd,£339.11,Utilities
2026-02-26,The Anchor - Perth,Booker Ltd,1026.58,Food
19/04/2026,The Crown - Stirling,HEINEKEN,1045.53,Alcohol
3/25/2026,Kings Arms - Edinburgh,Amazon Business,55.45,Soft Drinks
3/23/2026,Kings Arms - Edinburgh,Amazon Business,1089.21,Food
14/03/2026,Royal Oak - Paisley,JJ Foods,388.97,Utilities
1/5/2026,White Hart - Inverness,Local Bakery,1067.47,Alcohol
4/12/2026,Black Bull - Dundee,Makro,94.25,Maintenance
3/30/2026,Black Bull - Dundee,Diageo Ltd,349.58,Supplies
14/04/2026,White Hart - Inverness,Diageo Ltd,£355.36,Supplies
2026-04-03,The Anchor - Perth,Makro,2790.62,Alcohol
4/30/2026,Royal Oak - Paisley,DIAGEO,£68.44,Soft Drinks
2/17/2026,The Crown - Stirling,diageo plc,2693.14,Alcohol
1/3/2026,Kings Arms - Edinburgh,DIAGEO,-£366.87,Cleaning
29/03/2026,Black Bull - Dundee,localfishmonger,1620.45,Alcohol
3/4/2026,Royal Oak - Paisley,HEINEKEN,£313.27,Maintenance
03/04/2026,Queens Head - Aberdeen,Local Bakery,428.96,Supplies
2026-01-17,Fox & Hound - Hamilton,Diageo PLC,-36.92,Supplies
2/13/2026,Fox & Hound - Hamilton,JJ Food Service,206.83,Utilities
2026-03-11,Kings Arms - Edinburgh,Diageo Ltd,232.47,Supplies
2026-01-07,Red Lion - Glasgow,Bidfood,£83.81,Cleaning
2026-04-26,The Swan - Ayr,Booker Wholesale,196.37,Cleaning
2026-01-03,Red Lion - Glasgow,Local Butcher,184.38,Cleaning
2026-01-06,White Hart - Inverness,Local Butcher,£1511.22,Alcohol
2026-04-25,Red Lion - Glasgow,Booker Ltd,£38.93,Cleaning
2026-03-20,Kings Arms - Edinburgh,Brakes,239.61,Supplies
4/27/2026,Fox & Hound - Hamilton,Bidfood,872.07,Food
2026-01-28,Queens Head - Aberdeen,Coca Cola Europacific,£495.34,Utilities
1/26/2026,The Anchor - Perth,jj food service,£360.19,Maintenance
2026-02-17,Queens Head - Aberdeen,BOOKER,-859.89,Food
2026-04-29,Kings Arms - Edinburgh,Costco UK,201.48,Cleaning
2026-04-29,White Hart - Inverness,Scottish Water,£619.00,Alcohol
1/14/2026,White Hart - Inverness,costco uk,2510.06 ,Alcohol
05/03/2026,Red Lion - Glasgow,BRAKES UK,318.87,Cleaning
2026-03-29,The Plough - Falkirk,Coca Cola Europacific,315.58,Cleaning
3/6/2026,The Crown - Stirling,Diageo PLC,£2729.70,Alcohol
4/20/2026,White Hart - Inverness,EON Energy,365.57,Supplies
27/02/2026,Red Lion - Glasgow,LocalButcher,341.38,Utilities
15/02/2026,The Ship Inn - Oban,scottish water,382.76,Maintenance
28/04/2026,The Ship Inn - Oban,DIAGEO,£956.51,Alcohol
23/02/2026,Kings Arms - Edinburgh,E.ON,391.69,Cleaning
2026-04-17,Red Lion - Glasgow,Coca Cola Europacific,1025.71,Food
4/26/2026,Fox & Hound - Hamilton,Heineken UK Ltd,209.68,Supplies
1/18/2026,The Crown - Stirling,Booker Ltd,174.48,Supplies
2026-01-12,Kings Arms - Edinburgh,Coca Cola,415.23,Maintenance
2026-02-01,The Ship Inn - Oban,Coca Cola Europacific,77.63,Maintenance
2/13/2026,White Hart - Inverness,Heineken UK Ltd,£131.73,Supplies
2026-01-30,Kings Arms - Edinburgh,Amazon Business,418.33,Soft Drinks
2026-04-14,Red Lion - Glasgow,Scottish Water,52.72,Soft Drinks
2026-02-04,Queens Head - Aberdeen,EON Energy,428.41,Supplies
2026-01-15,The Ship Inn - Oban,Booker Ltd,769.05,Food
1/2/2026,The Ship Inn - Oban,Scottish Water,289.48,Cleaning
17/04/2026,Kings Arms - Edinburgh,EON Energy,£242.00 ,Cleaning
09/04/2026,The Ship Inn - Oban,Local Bakery,224.17,Maintenance
1/18/2026,The Crown - Stirling,E.ON,256.10,Cleaning
1/29/2026,Red Lion - Glasgow,LocalButcher,398.81,Utilities
1/12/2026,The Anchor - Perth,JJ Foods,196.66,Utilities
10/02/2026,Fox & Hound - Hamilton,BRAKES UK,£313.82,Supplies
2026-01-26,The Ship Inn - Oban,EON Energy,428.13,Maintenance
2026-02-28,Kings Arms - Edinburgh,scottish water,123.41,Utilities
1/29/2026,The Anchor - Perth,DIAGEO,£398.81,Supplies
3/13/2026,Black Bull - Dundee,Local Butcher,197.78,Supplies
2026-03-02,The Crown - Stirling,JJ Foods,377.19,Food
18/04/2026,The Swan - Ayr,Diageo PLC,310.82,Cleaning
2026-01-24,The Anchor - Perth,Heineken UK,£206.25,Utilities
1/7/2026,The Crown - Stirling,Heineken UK Ltd,345.33,Maintenance
01/01/2026,Black Bull - Dundee,Costco UK,244.49,Utilities
2026-02-26,Black Bull - Dundee,Diageo PLC,508.81,Alcohol
1/21/2026,Black Bull - Dundee,Booker Wholesale,389.60,Food
2026-01-05,The Anchor - Perth,BOOKER,£516.01,Utilities
2026-04-08,Kings Arms - Edinburgh,JJ Foods,162.67,Cleaning