date,pub,supplier,amount,category
2026-03-18,Royal Oak - Paisley,Booker Wholesale,469.98,Alcohol
25/04/2026,The Ship Inn - Oban,Coca Cola,1001.60,Soft Drinks
23/02/2026,The Crown - Stirling,Scottish Water,892.39,Food
3/31/2026,White Hart - Inverness,EON Energy,967.98,Supplies
2026-03-31,The Crown - Stirling,Bidfood,842.31,   
2026-04-13,Kings Arms - Edinburgh,Amazon Business,478.44,Supplies
24/01/2026,Royal Oak - Paisley,Bidfood,1168.96,Food
23/03/2026,The Ship Inn - Oban,Booker Wholesale,506.37,Utilities
24/04/2026,Black Bull - Dundee,BT PLC,526.71,   
18/04/2026,The Ship Inn - Oban,British Gas,597.58,
1/17/2026,White Hart - Inverness,JJ Food Service,574.79,   
04/01/2026,The Swan - Ayr,Local Butcher,607.83,
04/01/2026,Fox & Hound - Hamilton,Scottish Water,£1062.59,   
2026-01-13,The Crown - Stirling,Booker Wholesale,£595.88,Supplies
2026-03-14,Red Lion - Glasgow,Bidfood,424.80,
24/03/2026,Queens Head - Aberdeen,Brakes Catering,£299.72,
3/8/2026,White Hart - Inverness,EON Energy,537.18,Alcohol
27/02/2026,The Ship Inn - Oban,Amazon Business,£829.48,Supplies
2026-02-02,The Anchor - Perth,DIAGEO,£633.61,   
18/01/2026,The Crown - Stirling,Amazon Business,101.20,Food
2026-02-15,The Plough - Falkirk,JJ Food Service,767.22,Food
2026-04-26,Fox & Hound - Hamilton,Bidfood,751.74,Utilities
18/01/2026,Black Bull - Dundee,BOOKER,346.28,   
2026-03-20,The Plough - Falkirk,Brakes Catering,165.31,
4/8/2026,Royal Oak - Paisley,DIAGEO,£577.55,   
03/04/2026,The Ship Inn - Oban,DIAGEO,983.61,   
2026-01-25,Black Bull - Dundee,Coca Cola,664.27,   
2026-03-24,Black Bull - Dundee,Scottish Water,1036.13,Supplies
1/29/2026,Black Bull - Dundee,Coca Cola,1136.42,
22/02/2026,White Hart - Inverness,Heineken UK,486.61,Soft Drinks
2026-04-26,The Swan - Ayr,Heineken UK,1096.55,Soft Drinks
4/1/2026,Red Lion - Glasgow,Brakes Catering,744.13,Soft Drinks
2026-01-19,Fox & Hound - Hamilton,Diageo Ltd,120.50,Utilities
4/19/2026,The Swan - Ayr,Brakes Catering,797.38,Alcohol
2026-02-07,Black Bull - Dundee,BOOKER,787.49,Utilities
27/03/2026,Fox & Hound - Hamilton,BT PLC,£1012.18,   
2026-01-12,The Ship Inn - Oban,JJ Food Service,173.17,   
4/22/2026,Kings Arms - Edinburgh,BT PLC,£187.44,Supplies
3/20/2026,White Hart - Inverness,Heineken UK,622.39,Alcohol
1/5/2026,The Ship Inn - Oban,JJ Food Service,£735.55,Food
1/6/2026,Black Bull - Dundee,Heineken UK,207.01,
2/8/2026,Fox & Hound - Hamilton,Booker Wholesale,1193.91,
2/14/2026,The Crown - Stirling,Diageo Ltd,729.29,
03/02/2026,Kings Arms - Edinburgh,Booker Wholesale,£1242.46,   
13/04/2026,The Crown - Stirling,Brakes Catering,£471.02,Utilities
4/6/2026,Kings Arms - Edinburgh,Scottish Water,972.64,Utilities
17/02/2026,Fox & Hound - Hamilton,British Gas,£281.00,Supplies
2/10/2026,Queens Head - Aberdeen,Booker Wholesale,574.22,Utilities
10/01/2026,Royal Oak - Paisley,Brakes Catering,841.24,Supplies
4/20/2026,White Hart - Inverness,Heineken UK,811.66,Utilities
3/25/2026,Black Bull - Dundee,BOOKER,685.23,   
2026-04-13,The Ship Inn - Oban,Scottish Water,637.61,Alcohol
2026-01-25,The Anchor - Perth,DIAGEO,106.34,Utilities
2/17/2026,White Hart - Inverness,BT PLC,304.63,   
2026-03-28,White Hart - Inverness,Diageo Ltd,562.81,
2/1/2026,The Swan - Ayr,Amazon Business,851.33,Alcohol
1/26/2026,The Plough - Falkirk,Amazon Business,398.89,Alcohol
15/03/2026,Black Bull - Dundee,Coca Cola,909.18,Food
14/04/2026,Kings Arms - Edinburgh,BT PLC,591.43,Food
3/5/2026,The Plough - Falkirk,BOOKER,£1155.00,
4/21/2026,The Anchor - Perth,Scottish Water,294.01,   
17/03/2026,Queens Head - Aberdeen,Brakes Catering,857.46,Alcohol
03/01/2026,The Swan - Ayr,Amazon Business,512.74,Soft Drinks
30/03/2026,Kings Arms - Edinburgh,JJ Food Service,£670.65,Soft Drinks
2026-04-20,Kings Arms - Edinburgh,British Gas,1071.22,   
3/12/2026,Royal Oak - Paisley,DIAGEO,1099.57,Food
2026-01-29,The Plough - Falkirk,Booker Wholesale,249.56,Supplies
1/24/2026,The Swan - Ayr,JJ Food Service,872.38,Soft Drinks
2/5/2026,Royal Oak - Paisley,Diageo Ltd,1234.62,Supplies
23/03/2026,Royal Oak - Paisley,Brakes Catering,1212.83,Soft Drinks
03/01/2026,The Ship Inn - Oban,Amazon Business,752.36,Utilities
4/14/2026,The Swan - Ayr,Coca Cola,£70.83,   
2026-01-02,Kings Arms - Edinburgh,Diageo Ltd,1014.81,   
1/26/2026,The Crown - Stirling,Diageo Ltd,£83.34,Alcohol
2026-04-29,The Ship Inn - Oban,Brakes Catering,989.16,
10/03/2026,Kings Arms - Edinburgh,BT PLC,1239.30,Food
13/01/2026,Queens Head - Aberdeen,BT PLC,703.88,Soft Drinks
2/2/2026,Royal Oak - Paisley,British Gas,417.69,Supplies
2026-03-12,Royal Oak - Paisley,Bidfood,163.45,
03/04/2026,Kings Arms - Edinburgh,Diageo Ltd,61.49,Supplies
3/14/2026,White Hart - Inverness,Brakes Catering,£1033.63,Utilities
4/20/2026,The Anchor - Perth,Booker Wholesale,947.63,   
02/04/2026,Red Lion - Glasgow,Amazon Business,£408.21,   
25/01/2026,The Anchor - Perth,Diageo Ltd,635.94,Supplies
1/14/2026,The Swan - Ayr,British Gas,1057.69,   
1/2/2026,Kings Arms - Edinburgh,BOOKER,632.75,   
05/03/2026,Black Bull - Dundee,Local Butcher,1210.55,Soft Drinks
2/2/2026,Royal Oak - Paisley,Brakes Catering,1102.63,Utilities
1/7/2026,Fox & Hound - Hamilton,BT PLC,1021.51,Supplies
2026-03-29,White Hart - Inverness,Heineken UK,788.68,Soft Drinks
09/03/2026,Queens Head - Aberdeen,Coca Cola,756.94,Utilities
26/01/2026,Fox & Hound - Hamilton,Scottish Water,367.38,Soft Drinks
11/01/2026,Black Bull - Dundee,BT PLC,696.40,   
4/5/2026,Black Bull - Dundee,Diageo Ltd,£1028.57,Food
02/04/2026,Royal Oak - Paisley,DIAGEO,758.93,Supplies
23/02/2026,The Swan - Ayr,Booker Wholesale,867.95,Supplies
11/04/2026,The Ship Inn - Oban,EON Energy,£785.41,Alcohol
2026-02-08,Kings Arms - Edinburgh,Brakes Catering,497.96,Food
2026-03-10,White Hart - Inverness,BT PLC,569.23,
01/02/2026,Black Bull - Dundee,Diageo Ltd,1174.39,Alcohol
16/04/2026,Black Bull - Dundee,Coca Cola,£425.13,   
03/03/2026,Red Lion - Glasgow,Scottish Water,1005.60,Food
2026-01-20,The Swan - Ayr,Coca Cola,811.09,
2/23/2026,Fox & Hound - Hamilton,Coca Cola,613.64,Alcohol
2026-02-21,The Crown - Stirling,BOOKER,990.08,   
2/15/2026,Queens Head - Aberdeen,Booker Wholesale,£486.22,Utilities
2026-03-16,The Swan - Ayr,Brakes Catering,744.84,
1/30/2026,Fox & Hound - Hamilton,BOOKER,856.48,Supplies
2026-03-01,Red Lion - Glasgow,Amazon Business,169.23,Alcohol
3/9/2026,Black Bull - Dundee,Coca Cola,£202.68,Utilities
08/02/2026,The Swan - Ayr,Booker Wholesale,535.84,Alcohol
09/03/2026,The Plough - Falkirk,Local Butcher,311.28,
21/04/2026,Royal Oak - Paisley,Scottish Water,658.99,Utilities
2/2/2026,The Crown - Stirling,Brakes Catering,555.93,Utilities
1/29/2026,The Crown - Stirling,Scottish Water,616.12,Food
2026-02-25,The Anchor - Perth,Brakes Catering,1093.61,Alcohol
1/3/2026,The Ship Inn - Oban,Booker Wholesale,367.01,Food
15/03/2026,Fox & Hound - Hamilton,Brakes Catering,330.21,Alcohol
3/25/2026,The Swan - Ayr,DIAGEO,544.37,Alcohol
2/16/2026,The Ship Inn - Oban,Diageo Ltd,1205.88,
06/02/2026,Queens Head - Aberdeen,Scottish Water,1052.17,Utilities
2026-03-27,Red Lion - Glasgow,BOOKER,456.00,Alcohol
10/04/2026,White Hart - Inverness,Local Butcher,224.67,Supplies
2026-04-15,Black Bull - Dundee,Coca Cola,643.60,Soft Drinks
2026-01-26,White Hart - Inverness,Coca Cola,1157.48,Supplies
2026-04-11,Royal Oak - Paisley,Scottish Water,£54.66,Food
01/04/2026,The Crown - Stirling,Local Butcher,996.59,   
2026-02-28,Black Bull - Dundee,Amazon Business,930.83,
25/04/2026,Kings Arms - Edinburgh,Coca Cola,£88.69,
4/15/2026,Kings Arms - Edinburgh,Coca Cola,£984.32,Food
2/9/2026,Royal Oak - Paisley,EON Energy,1139.38,
13/03/2026,The Plough - Falkirk,Bidfood,493.84,Supplies
2026-01-25,The Ship Inn - Oban,BT PLC,£505.98,Alcohol
14/03/2026,Kings Arms - Edinburgh,EON Energy,159.46,Utilities
3/4/2026,The Swan - Ayr,Coca Cola,452.39,Soft Drinks
06/04/2026,The Anchor - Perth,Diageo Ltd,807.16,   
2026-03-23,The Anchor - Perth,BT PLC,631.33,Supplies
29/03/2026,Queens Head - Aberdeen,Heineken UK,1079.81,
25/03/2026,The Ship Inn - Oban,Coca Cola,392.23,Soft Drinks
2026-04-06,The Plough - Falkirk,British Gas,528.83,Utilities
4/22/2026,The Ship Inn - Oban,Scottish Water,408.20,Utilities
3/25/2026,Queens Head - Aberdeen,BOOKER,1052.73,   
14/02/2026,Royal Oak - Paisley,Booker Wholesale,1187.43,   
2/1/2026,The Plough - Falkirk,BT PLC,518.49,Supplies
2026-01-06,Fox & Hound - Hamilton,DIAGEO,230.45,Alcohol
2026-04-12,Red Lion - Glasgow,Scottish Water,884.53,Supplies
06/04/2026,Red Lion - Glasgow,BOOKER,235.55,
26/04/2026,White Hart - Inverness,Coca Cola,386.72,Soft Drinks
4/12/2026,White Hart - Inverness,Bidfood,1030.15,
4/11/2026,The Ship Inn - Oban,BT PLC,1117.63,Food
2026-01-03,White Hart - Inverness,Booker Wholesale,£157.24,Utilities
1/29/2026,Royal Oak - Paisley,BT PLC,823.23,Utilities
01/04/2026,The Plough - Falkirk,Bidfood,926.85,
2026-02-15,Black Bull - Dundee,British Gas,£852.74,Soft Drinks
2026-01-15,Queens Head - Aberdeen,Brakes Catering,933.62,Alcohol
3/23/2026,The Ship Inn - Oban,DIAGEO,925.88,Utilities
1/27/2026,The Crown - Stirling,DIAGEO,122.14,
27/04/2026,White Hart - Inverness,Diageo Ltd,782.31,
3/11/2026,White Hart - Inverness,JJ Food Service,826.48,   
2026-03-25,Red Lion - Glasgow,Bidfood,987.88,Food
3/14/2026,Kings Arms - Edinburgh,BOOKER,907.26,Food
4/4/2026,Kings Arms - Edinburgh,British Gas,698.41,
2026-03-13,Black Bull - Dundee,British Gas,346.08,   
16/03/2026,Queens Head - Aberdeen,BOOKER,1072.84,Soft Drinks
03/04/2026,The Swan - Ayr,BT PLC,252.81,Soft Drinks
16/04/2026,The Anchor - Perth,Scottish Water,237.79,   
30/03/2026,Black Bull - Dundee,Scottish Water,341.37,   
4/15/2026,White Hart - Inverness,Scottish Water,687.93,Food
1/16/2026,The Ship Inn - Oban,JJ Food Service,818.33,Food
1/27/2026,The Plough - Falkirk,Coca Cola,£484.13,Utilities
2026-01-23,Royal Oak - Paisley,DIAGEO,453.40,
2026-01-12,The Ship Inn - Oban,JJ Food Service,279.05,Alcohol
2026-03-10,Fox & Hound - Hamilton,EON Energy,£876.68,Food
2026-02-26,The Ship Inn - Oban,EON Energy,674.48,Utilities
2026-01-06,The Crown - Stirling,Diageo Ltd,169.86,Food
2/9/2026,Queens Head - Aberdeen,Diageo Ltd,451.05,
2026-01-30,Black Bull - Dundee,Heineken UK,960.60,Soft Drinks
31/03/2026,Queens Head - Aberdeen,EON Energy,£589.01,Alcohol
2026-02-05,Red Lion - Glasgow,Diageo Ltd,208.75,
2/19/2026,The Ship Inn - Oban,JJ Food Service,630.50,Alcohol
18/02/2026,The Ship Inn - Oban,Local Butcher,£90.92,   
1/3/2026,Red Lion - Glasgow,BT PLC,1137.76,
08/02/2026,The Ship Inn - Oban,Heineken UK,245.38,
4/15/2026,Queens Head - Aberdeen,British Gas,406.77,Food
10/03/2026,The Anchor - Perth,BT PLC,441.43,Supplies
12/02/2026,Black Bull - Dundee,Coca Cola,872.04,Soft Drinks
1/25/2026,The Plough - Falkirk,British Gas,£703.47,Alcohol
2026-03-07,Kings Arms - Edinburgh,JJ Food Service,723.98,Food
3/10/2026,Queens Head - Aberdeen,Scottish Water,145.04,Alcohol
4/11/2026,White Hart - Inverness,Bidfood,£1098.12,Food
1/10/2026,Fox & Hound - Hamilton,BOOKER,934.87,Supplies
3/23/2026,Red Lion - Glasgow,Booker Wholesale,713.64,
3/17/2026,The Swan - Ayr,BOOKER,720.87,Alcohol
4/4/2026,The Crown - Stirling,Local Butcher,878.32,Food
17/02/2026,The Swan - Ayr,Brakes Catering,£1155.33,   
03/02/2026,The Anchor - Perth,Booker Wholesale,1044.65,
2/1/2026,The Plough - Falkirk,Brakes Catering,1136.32,   
3/7/2026,Red Lion - Glasgow,Diageo Ltd,920.77,
1/20/2026,The Ship Inn - Oban,Heineken UK,450.14,Utilities
4/23/2026,White Hart - Inverness,DIAGEO,798.56,Alcohol
2026-01-07,The Anchor - Perth,Booker Wholesale,285.96,
26/04/2026,White Hart - Inverness,BOOKER,161.77,
2026-04-07,Kings Arms - Edinburgh,Diageo Ltd,1058.34,
2026-02-02,The Swan - Ayr,EON Energy,£753.45,   
1/31/2026,Fox & Hound - Hamilton,Coca Cola,526.16,
2026-01-09,Fox & Hound - Hamilton,JJ Food Service,613.21,   
3/21/2026,The Swan - Ayr,BOOKER,£547.82,Alcohol
2026-03-29,The Plough - Falkirk,Booker Wholesale,513.60,   
2026-01-24,White Hart - Inverness,Heineken UK,232.06,Alcohol
2026-03-02,Black Bull - Dundee,Amazon Business,166.41,Food
12/03/2026,Fox & Hound - Hamilton,Local Butcher,175.11,Utilities
2/9/2026,The Plough - Falkirk,Scottish Water,£422.74,Utilities
2026-03-21,The Swan - Ayr,DIAGEO,£788.71,
1/28/2026,Queens Head - Aberdeen,Booker Wholesale,1147.24,   
25/01/2026,Kings Arms - Edinburgh,Booker Wholesale,864.40,
14/03/2026,White Hart - Inverness,BOOKER,421.66,Utilities
05/03/2026,Royal Oak - Paisley,BOOKER,408.75,Supplies
2026-02-16,Black Bull - Dundee,Scottish Water,1181.08,Supplies
2026-04-05,Black Bull - Dundee,BT PLC,748.89,   
1/13/2026,The Swan - Ayr,Booker Wholesale,1225.39,Utilities
4/3/2026,The Plough - Falkirk,Brakes Catering,814.29,Utilities
08/03/2026,The Swan - Ayr,BT PLC,£436.56,
2026-03-10,The Anchor - Perth,Scottish Water,726.31,Supplies
2026-01-02,The Crown - Stirling,Brakes Catering,468.92,Food
08/04/2026,Queens Head - Aberdeen,British Gas,427.17,Soft Drinks
2026-04-02,White Hart - Inverness,Booker Wholesale,1058.39,Food
3/22/2026,The Crown - Stirling,Coca Cola,£904.13,Food
3/23/2026,Royal Oak - Paisley,BT PLC,770.31,Utilities
20/02/2026,The Swan - Ayr,Heineken UK,1120.10,Alcohol
3/27/2026,Black Bull - Dundee,British Gas,312.07,   
2/1/2026,The Plough - Falkirk,BT PLC,373.43,   
08/04/2026,White Hart - Inverness,Heineken UK,528.12,Soft Drinks
2026-02-27,Royal Oak - Paisley,JJ Food Service,527.30,Supplies
06/01/2026,The Crown - Stirling,DIAGEO,387.48,   
3/10/2026,The Plough - Falkirk,Scottish Water,309.13,   
2026-01-28,Kings Arms - Edinburgh,JJ Food Service,754.86,
10/02/2026,Queens Head - Aberdeen,DIAGEO,1098.64,Alcohol
2/6/2026,The Ship Inn - Oban,Booker Wholesale,656.86,   
3/10/2026,Black Bull - Dundee,Coca Cola,188.99,Alcohol
2/24/2026,Red Lion - Glasgow,British Gas,£875.55,Utilities
1/6/2026,Kings Arms - Edinburgh,Scottish Water,1118.00,
07/02/2026,Fox & Hound - Hamilton,Bidfood,985.96,Alcohol
09/04/2026,The Crown - Stirling,Brakes Catering,1039.71,
19/04/2026,The Crown - Stirling,EON Energy,359.83,Utilities
03/03/2026,Queens Head - Aberdeen,Amazon Business,£893.26,Supplies
2026-02-05,Fox & Hound - Hamilton,Brakes Catering,£303.85,Supplies
2/4/2026,The Crown - Stirling,Bidfood,937.19,   
12/01/2026,Queens Head - Aberdeen,Local Butcher,1178.41,   
4/15/2026,The Anchor - Perth,Brakes Catering,459.48,Alcohol
2/10/2026,Royal Oak - Paisley,BT PLC,1054.80,
3/26/2026,Fox & Hound - Hamilton,Coca Cola,344.30,Supplies
2026-03-23,Royal Oak - Paisley,Amazon Business,1124.37,Supplies
2026-02-07,The Ship Inn - Oban,Diageo Ltd,£973.52,Soft Drinks
2026-03-23,Fox & Hound - Hamilton,Brakes Catering,61.08,
14/03/2026,Fox & Hound - Hamilton,Bidfood,174.19,
2026-03-31,The Crown - Stirling,Coca Cola,£766.61,Alcohol
4/13/2026,Red Lion - Glasgow,British Gas,574.10,
06/04/2026,White Hart - Inverness,JJ Food Service,678.99,
24/01/2026,Black Bull - Dundee,JJ Food Service,£405.95,   
2/25/2026,Royal Oak - Paisley,Scottish Water,£435.62,Soft Drinks
4/20/2026,The Crown - Stirling,EON Energy,£1198.17,   
1/23/2026,Black Bull - Dundee,Amazon Business,£454.14,Soft Drinks
3/30/2026,Fox & Hound - Hamilton,Heineken UK,945.79,Soft Drinks
3/13/2026,Red Lion - Glasgow,Amazon Business,1076.38,
2026-04-06,The Plough - Falkirk,Local Butcher,276.46,Supplies
06/04/2026,Fox & Hound - Hamilton,Diageo Ltd,329.70,Food
2026-03-09,Kings Arms - Edinburgh,Amazon Business,173.72,Soft Drinks
2026-01-19,The Swan - Ayr,JJ Food Service,1050.48,
1/1/2026,The Swan - Ayr,Diageo Ltd,423.81,   
22/03/2026,The Plough - Falkirk,JJ Food Service,491.10,Utilities
4/24/2026,The Plough - Falkirk,BOOKER,903.28,   
2026-01-06,The Plough - Falkirk,Diageo Ltd,900.78,Food
2026-02-24,Queens Head - Aberdeen,Bidfood,297.36,   
2026-01-08,Kings Arms - Edinburgh,Brakes Catering,1068.33,Utilities
1/15/2026,Red Lion - Glasgow,JJ Food Service,£842.00,
04/01/2026,Fox & Hound - Hamilton,Scottish Water,£352.71,
24/03/2026,The Swan - Ayr,British Gas,1103.77,
01/04/2026,Queens Head - Aberdeen,Heineken UK,696.19,Supplies
2/28/2026,Queens Head - Aberdeen,Scottish Water,1019.89,Alcohol
2026-01-01,The Crown - Stirling,JJ Food Service,1043.28,Supplies
2/22/2026,Queens Head - Aberdeen,Diageo Ltd,1050.14,   
4/17/2026,The Swan - Ayr,Coca Cola,855.00,Soft Drinks
4/8/2026,Royal Oak - Paisley,Diageo Ltd,880.72,Alcohol
1/18/2026,Fox & Hound - Hamilton,BT PLC,£342.56,
4/8/2026,Kings Arms - Edinburgh,DIAGEO,568.45,
2026-02-21,White Hart - Inverness,British Gas,479.43,   
2026-01-21,Fox & Hound - Hamilton,DIAGEO,321.57,   
02/03/2026,White Hart - Inverness,Scottish Water,169.34,Alcohol
07/03/2026,Black Bull - Dundee,British Gas,344.61,
2026-03-12,Red Lion - Glasgow,BOOKER,381.43,Utilities
27/03/2026,The Anchor - Perth,BT PLC,£996.10,Utilities
2026-01-18,Red Lion - Glasgow,Local Butcher,815.04,Alcohol
2026-01-01,Queens Head - Aberdeen,Coca Cola,692.77,Soft Drinks
09/01/2026,The Swan - Ayr,Amazon Business,422.87,
17/04/2026,White Hart - Inverness,DIAGEO,£404.80,Supplies
05/01/2026,The Swan - Ayr,Coca Cola,£1223.89,Food
4/8/2026,Red Lion - Glasgow,Local Butcher,115.67,Soft Drinks
2026-04-05,The Anchor - Perth,Booker Wholesale,651.59,Food
1/3/2026,The Plough - Falkirk,JJ Food Service,855.08,Utilities
2026-02-15,White Hart - Inverness,EON Energy,£500.72,   
01/02/2026,The Anchor - Perth,Booker Wholesale,129.41,
2026-02-17,White Hart - Inverness,Amazon Business,£823.79,Utilities
2026-04-23,The Crown - Stirling,Heineken UK,816.31,
2026-02-10,The Crown - Stirling,Diageo Ltd,998.70,Soft Drinks
23/01/2026,Red Lion - Glasgow,Heineken UK,1216.62,Utilities
2/3/2026,White Hart - Inverness,JJ Food Service,200.89,Alcohol
21/01/2026,White Hart - Inverness,Booker Wholesale,722.96,Utilities
2026-03-21,Royal Oak - Paisley,Heineken UK,537.86,   
2026-01-31,The Ship Inn - Oban,Heineken UK,1208.87,Alcohol
2026-01-12,Kings Arms - Edinburgh,BT PLC,450.76,Food
1/29/2026,The Anchor - Perth,Amazon Business,£743.50,
3/20/2026,Royal Oak - Paisley,Coca Cola,692.50,Utilities
13/01/2026,The Anchor - Perth,Brakes Catering,1054.28,Supplies
2/14/2026,Black Bull - Dundee,Booker Wholesale,1225.61,   
4/30/2026,Queens Head - Aberdeen,Amazon Business,1053.86,   
2/15/2026,The Ship Inn - Oban,Diageo Ltd,253.66,   
25/01/2026,The Ship Inn - Oban,Booker Wholesale,1011.76,
2/20/2026,The Ship Inn - Oban,Amazon Business,56.57,
2026-03-30,The Anchor - Perth,Heineken UK,774.75,
2026-02-03,Kings Arms - Edinburgh,Amazon Business,162.78,
3/20/2026,The Anchor - Perth,EON Energy,79.54,
2026-02-05,White Hart - Inverness,Heineken UK,472.22,
22/04/2026,Kings Arms - Edinburgh,Brakes Catering,1139.53,
27/02/2026,The Anchor - Perth,Diageo Ltd,1098.76,   
1/4/2026,The Swan - Ayr,EON Energy,485.93,Utilities
4/21/2026,Black Bull - Dundee,British Gas,793.93,Soft Drinks
3/22/2026,The Swan - Ayr,Amazon Business,355.35,
06/04/2026,Red Lion - Glasgow,Booker Wholesale,467.31,   
23/01/2026,The Plough - Falkirk,Brakes Catering,1153.24,   
2026-01-29,Royal Oak - Paisley,Coca Cola,1223.62,Utilities
2026-04-14,White Hart - Inverness,DIAGEO,£179.24,Soft Drinks
2/17/2026,The Ship Inn - Oban,Diageo Ltd,974.64,Utilities
4/14/2026,Black Bull - Dundee,Brakes Catering,391.70,
1/5/2026,Black Bull - Dundee,Amazon Business,443.12,   
2/16/2026,The Swan - Ayr,Local Butcher,412.63,
4/20/2026,Black Bull - Dundee,Local Butcher,662.97,
30/01/2026,Fox & Hound - Hamilton,Bidfood,907.16,Food
28/02/2026,Black Bull - Dundee,EON Energy,1111.01,
4/23/2026,The Crown - Stirling,Heineken UK,872.12,Soft Drinks
2/9/2026,The Plough - Falkirk,Booker Wholesale,162.15,Alcohol
04/04/2026,The Anchor - Perth,Scottish Water,£953.93,Utilities
03/01/2026,Fox & Hound - Hamilton,EON Energy,£835.60,Food
02/03/2026,Black Bull - Dundee,Local Butcher,575.82,Supplies
13/03/2026,White Hart - Inverness,Heineken UK,643.29,
2026-03-29,White Hart - Inverness,Brakes Catering,860.86,   
20/02/2026,The Plough - Falkirk,Coca Cola,124.40,
09/01/2026,The Anchor - Perth,BT PLC,393.25,
18/04/2026,The Plough - Falkirk,Bidfood,1083.66,Food
11/03/2026,The Plough - Falkirk,BOOKER,511.16,Alcohol
1/28/2026,Queens Head - Aberdeen,JJ Food Service,£344.79,Utilities
21/01/2026,Fox & Hound - Hamilton,Brakes Catering,563.35,Soft Drinks
23/04/2026,Fox & Hound - Hamilton,BOOKER,£300.37,   
31/03/2026,The Ship Inn - Oban,British Gas,£815.31,Utilities
2026-04-10,The Swan - Ayr,Local Butcher,137.85,Utilities
22/01/2026,Queens Head - Aberdeen,JJ Food Service,343.48,   
03/02/2026,Queens Head - Aberdeen,EON Energy,240.35,
2026-02-07,Royal Oak - Paisley,BT PLC,1031.71,Supplies
06/03/2026,Fox & Hound - Hamilton,Scottish Water,245.72,Utilities
2026-04-08,Black Bull - Dundee,Local Butcher,1134.74,Food
2026-04-28,Red Lion - Glasgow,Coca Cola,520.20,   
19/02/2026,The Ship Inn - Oban,BT PLC,£1240.84,
24/01/2026,Black Bull - Dundee,BT PLC,£379.15,Supplies
2/18/2026,The Swan - Ayr,Bidfood,1132.68,
4/30/2026,Fox & Hound - Hamilton,DIAGEO,635.87,Alcohol
4/4/2026,Kings Arms - Edinburgh,JJ Food Service,£212.42,Supplies
22/03/2026,Royal Oak - Paisley,EON Energy,456.47,Food
15/02/2026,The Swan - Ayr,Scottish Water,481.75,Soft Drinks
2/5/2026,Fox & Hound - Hamilton,Amazon Business,602.25,Soft Drinks
27/02/2026,Royal Oak - Paisley,Diageo Ltd,1146.18,Soft Drinks
4/11/2026,Black Bull - Dundee,BT PLC,734.14,   
1/26/2026,Black Bull - Dundee,Diageo Ltd,733.49,Alcohol
28/02/2026,Royal Oak - Paisley,EON Energy,336.56,Soft Drinks
28/04/2026,Queens Head - Aberdeen,Local Butcher,£505.51,Alcohol
3/18/2026,Black Bull - Dundee,Diageo Ltd,£96.75,   
4/5/2026,The Plough - Falkirk,Amazon Business,£447.66,Supplies
4/16/2026,The Anchor - Perth,Local Butcher,724.25,Utilities
30/03/2026,The Plough - Falkirk,Brakes Catering,980.15,   
2026-02-05,Fox & Hound - Hamilton,Amazon Business,524.04,Food
16/02/2026,The Plough - Falkirk,Heineken UK,602.57,Food
2026-03-11,The Ship Inn - Oban,Amazon Business,£206.11,Soft Drinks
2026-03-29,Fox & Hound - Hamilton,Coca Cola,373.78,
2026-04-08,Queens Head - Aberdeen,DIAGEO,789.31,Alcohol
2/16/2026,Red Lion - Glasgow,Bidfood,1154.06,Supplies
28/01/2026,The Plough - Falkirk,Diageo Ltd,599.29,
4/11/2026,Kings Arms - Edinburgh,EON Energy,760.83,Soft Drinks
13/02/2026,Fox & Hound - Hamilton,Local Butcher,335.79,   
2/20/2026,The Ship Inn - Oban,BT PLC,£518.65,Alcohol
1/20/2026,Kings Arms - Edinburgh,EON Energy,792.00,Alcohol
16/02/2026,Queens Head - Aberdeen,Bidfood,1066.20,
2026-04-18,Fox & Hound - Hamilton,Bidfood,£335.60,
2026-03-09,White Hart - Inverness,Heineken UK,120.06,Soft Drinks
1/2/2026,Queens Head - Aberdeen,Diageo Ltd,64.69,
1/16/2026,Fox & Hound - Hamilton,Amazon Business,529.56,Utilities
2/1/2026,Royal Oak - Paisley,Brakes Catering,1179.92,Food
2/23/2026,Royal Oak - Paisley,Diageo Ltd,£625.73,Food
10/03/2026,Red Lion - Glasgow,Diageo Ltd,1016.54,Soft Drinks
18/01/2026,Fox & Hound - Hamilton,Local Butcher,501.37,
4/3/2026,The Ship Inn - Oban,Local Butcher,£934.46,Soft Drinks
24/01/2026,White Hart - Inverness,JJ Food Service,£52.62,   
10/04/2026,Fox & Hound - Hamilton,Coca Cola,595.37,Soft Drinks
2026-04-29,Fox & Hound - Hamilton,DIAGEO,570.23,Soft Drinks
13/04/2026,Red Lion - Glasgow,Heineken UK,816.45,Supplies
1/20/2026,The Swan - Ayr,Scottish Water,476.70,Supplies
2026-04-09,The Crown - Stirling,Bidfood,£923.89,Food
03/04/2026,The Ship Inn - Oban,Scottish Water,784.61,
14/02/2026,Black Bull - Dundee,Local Butcher,£1169.96,Supplies
2/22/2026,Fox & Hound - Hamilton,DIAGEO,£416.86,Supplies
1/25/2026,Fox & Hound - Hamilton,Local Butcher,£629.79,Alcohol
3/6/2026,Black Bull - Dundee,Bidfood,£1035.88,Alcohol
4/1/2026,Queens Head - Aberdeen,British Gas,1024.31,Utilities
19/04/2026,White Hart - Inverness,Brakes Catering,81.66,   
08/03/2026,Fox & Hound - Hamilton,British Gas,1235.17,   
3/20/2026,The Anchor - Perth,Heineken UK,825.76,Alcohol
24/01/2026,White Hart - Inverness,Amazon Business,1044.62,Utilities
2026-01-29,Fox & Hound - Hamilton,Bidfood,761.82,
25/04/2026,The Anchor - Perth,JJ Food Service,478.44,   
23/04/2026,The Ship Inn - Oban,JJ Food Service,606.62,
2026-01-31,Black Bull - Dundee,Amazon Business,1057.69,
2/28/2026,The Anchor - Perth,Local Butcher,253.79,   
1/13/2026,The Anchor - Perth,Scottish Water,416.74,Food
2026-04-14,Royal Oak - Paisley,Coca Cola,264.09,   
2026-02-02,The Anchor - Perth,Heineken UK,681.81,
2026-03-30,Red Lion - Glasgow,BOOKER,179.66,   
27/04/2026,The Swan - Ayr,Coca Cola,1142.16,Utilities
15/01/2026,Black Bull - Dundee,Coca Cola,1244.51,Supplies
2026-03-26,The Plough - Falkirk,British Gas,1044.24,Utilities
1/19/2026,The Plough - Falkirk,DIAGEO,1157.96,   
2026-01-08,The Anchor - Perth,Booker Wholesale,685.42,Utilities
25/01/2026,The Ship Inn - Oban,Coca Cola,365.65,Soft Drinks
1/10/2026,Fox & Hound - Hamilton,EON Energy,475.44,
2026-01-17,The Anchor - Perth,Scottish Water,954.85,
2026-02-24,Red Lion - Glasgow,Coca Cola,85.94,
2026-03-10,The Anchor - Perth,EON Energy,861.75,Soft Drinks
4/24/2026,Royal Oak - Paisley,Bidfood,£197.12,
4/14/2026,Fox & Hound - Hamilton,Booker Wholesale,198.12,
2026-03-01,The Crown - Stirling,BT PLC,£996.30,
2026-03-24,The Crown - Stirling,Amazon Business,940.75,Utilities
2026-04-07,The Ship Inn - Oban,Bidfood,450.79,   
1/29/2026,The Swan - Ayr,Booker Wholesale,96.61,Soft Drinks
22/02/2026,Royal Oak - Paisley,Local Butcher,974.46,Supplies
28/03/2026,Fox & Hound - Hamilton,Local Butcher,1167.18,
3/30/2026,Black Bull - Dundee,EON Energy,881.38,Supplies
2026-03-20,The Plough - Falkirk,Heineken UK,560.05,Alcohol
11/01/2026,White Hart - Inverness,Booker Wholesale,1211.96,   
04/04/2026,Red Lion - Glasgow,Brakes Catering,1057.02,Soft Drinks
3/14/2026,Kings Arms - Edinburgh,BOOKER,67.21,
2/8/2026,The Ship Inn - Oban,Brakes Catering,1002.79,
2026-04-09,The Plough - Falkirk,Brakes Catering,127.49,
4/26/2026,The Crown - Stirling,Bidfood,926.50,
02/04/2026,White Hart - Inverness,JJ Food Service,1153.26,Soft Drinks
15/01/2026,Red Lion - Glasgow,JJ Food Service,1084.59,Food
3/11/2026,The Crown - Stirling,Bidfood,1126.10,   
2026-02-28,Red Lion - Glasgow,Bidfood,£571.13,Soft Drinks
4/24/2026,Fox & Hound - Hamilton,DIAGEO,371.56,   
2026-04-01,Fox & Hound - Hamilton,Heineken UK,503.04,
2026-03-05,The Swan - Ayr,Brakes Catering,188.27,Supplies
06/02/2026,The Ship Inn - Oban,Diageo Ltd,386.37,
2026-03-07,Royal Oak - Paisley,British Gas,250.27,   
2026-03-17,The Ship Inn - Oban,DIAGEO,£107.28,Supplies
4/7/2026,The Ship Inn - Oban,Brakes Catering,746.85,Alcohol
27/03/2026,The Plough - Falkirk,DIAGEO,1121.59,Soft Drinks
2026-04-20,The Anchor - Perth,Coca Cola,£776.77,
3/15/2026,The Ship Inn - Oban,Bidfood,879.22,Alcohol
4/21/2026,The Crown - Stirling,DIAGEO,£218.60,
2026-02-23,Kings Arms - Edinburgh,Brakes Catering,236.42,
4/16/2026,Black Bull - Dundee,British Gas,378.81,
19/04/2026,Fox & Hound - Hamilton,DIAGEO,644.29,Soft Drinks
4/5/2026,Queens Head - Aberdeen,EON Energy,546.14,Food
3/2/2026,The Swan - Ayr,Amazon Business,563.58,Supplies
4/9/2026,The Crown - Stirling,Heineken UK,521.04,
2026-04-17,The Ship Inn - Oban,JJ Food Service,£770.82,Soft Drinks
22/03/2026,The Ship Inn - Oban,Booker Wholesale,£625.14,
4/23/2026,Royal Oak - Paisley,BOOKER,289.15,Soft Drinks
2/24/2026,The Plough - Falkirk,Brakes Catering,707.62,   
1/4/2026,Fox & Hound - Hamilton,British Gas,762.01,Food
2026-03-06,Kings Arms - Edinburgh,JJ Food Service,947.51,
2026-02-19,The Ship Inn - Oban,Local Butcher,362.42,
2/5/2026,Royal Oak - Paisley,British Gas,979.34,Food
1/1/2026,The Anchor - Perth,Amazon Business,133.39,Alcohol
11/01/2026,Queens Head - Aberdeen,British Gas,96.62,
2/23/2026,Kings Arms - Edinburgh,Coca Cola,499.36,   
1/18/2026,The Swan - Ayr,Amazon Business,1115.93,
2026-04-24,White Hart - Inverness,Local Butcher,1033.91,
20/02/2026,Red Lion - Glasgow,Amazon Business,844.37,Supplies
2026-01-07,Red Lion - Glasgow,BOOKER,£1211.39,Utilities
26/03/2026,The Crown - Stirling,EON Energy,£164.72,Alcohol
3/6/2026,White Hart - Inverness,Bidfood,552.14,   
11/03/2026,Fox & Hound - Hamilton,BT PLC,947.24,
2026-03-11,Fox & Hound - Hamilton,Scottish Water,£812.98,Supplies
2026-02-05,The Anchor - Perth,British Gas,1067.80,
2026-02-24,The Plough - Falkirk,JJ Food Service,346.53,Utilities
2026-04-17,The Swan - Ayr,British Gas,604.83,Alcohol
2026-01-25,Red Lion - Glasgow,Heineken UK,298.33,
3/27/2026,The Anchor - Perth,EON Energy,£321.88,Utilities
2026-03-08,The Crown - Stirling,Local Butcher,£614.56,Alcohol
4/25/2026,The Crown - Stirling,DIAGEO,313.17,
1/24/2026,Queens Head - Aberdeen,BOOKER,£1006.36,Soft Drinks
3/5/2026,Fox & Hound - Hamilton,British Gas,195.24,   
1/10/2026,The Swan - Ayr,Local Butcher,780.80,Supplies
07/02/2026,Fox & Hound - Hamilton,Diageo Ltd,848.73,
1/22/2026,The Anchor - Perth,Local Butcher,£700.82,Food
08/02/2026,Royal Oak - Paisley,Bidfood,368.75,Supplies
2/19/2026,The Crown - Stirling,EON Energy,385.98,Utilities
3/4/2026,Fox & Hound - Hamilton,DIAGEO,1026.65,   
2026-03-26,The Ship Inn - Oban,DIAGEO,166.13,Supplies
08/02/2026,Queens Head - Aberdeen,British Gas,£828.61,
22/03/2026,The Plough - Falkirk,Local Butcher,280.85,Utilities
2/7/2026,Queens Head - Aberdeen,Amazon Business,1104.45,
31/01/2026,Fox & Hound - Hamilton,Booker Wholesale,911.48,Food
3/8/2026,The Plough - Falkirk,Booker Wholesale,£51.93,   
2026-01-21,Queens Head - Aberdeen,Brakes Catering,305.79,Soft Drinks
1/23/2026,The Swan - Ayr,Coca Cola,107.93,Utilities
04/04/2026,The Crown - Stirling,Booker Wholesale,459.04,Soft Drinks
2026-02-06,Royal Oak - Paisley,BT PLC,514.97,Food
3/3/2026,Queens Head - Aberdeen,Booker Wholesale,466.12,
1/13/2026,Black Bull - Dundee,Diageo Ltd,316.60,   
02/04/2026,Black Bull - Dundee,DIAGEO,£623.53,Alcohol
14/04/2026,Kings Arms - Edinburgh,JJ Food Service,1107.67,Alcohol
2/24/2026,The Swan - Ayr,EON Energy,674.27,Supplies
05/03/2026,Queens Head - Aberdeen,EON Energy,425.38,
1/21/2026,The Plough - Falkirk,Local Butcher,1207.18,Food
21/04/2026,Royal Oak - Paisley,Heineken UK,£1010.13,   
08/01/2026,Fox & Hound - Hamilton,Scottish Water,874.13,Food
11/01/2026,The Ship Inn - Oban,EON Energy,363.67,
3/10/2026,Fox & Hound - Hamilton,BOOKER,865.36,   
2026-03-17,Royal Oak - Paisley,JJ Food Service,526.61,   
25/01/2026,Kings Arms - Edinburgh,British Gas,541.78,Utilities
2026-02-14,Black Bull - Dundee,Diageo Ltd,514.36,   
29/03/2026,Kings Arms - Edinburgh,Amazon Business,745.73,
01/03/2026,Fox & Hound - Hamilton,Scottish Water,304.82,Supplies
4/26/2026,The Swan - Ayr,Booker Wholesale,985.32,Supplies
2026-01-03,Fox & Hound - Hamilton,Diageo Ltd,890.91,Soft Drinks
2026-01-06,Royal Oak - Paisley,Booker Wholesale,1025.38,Supplies
2026-01-24,White Hart - Inverness,Local Butcher,£988.33,Utilities
2026-02-25,Queens Head - Aberdeen,Scottish Water,£117.01,Food
16/03/2026,Kings Arms - Edinburgh,Booker Wholesale,798.90,
2/11/2026,Queens Head - Aberdeen,Local Butcher,£386.57,Soft Drinks
2026-01-18,The Swan - Ayr,BOOKER,470.01,   
2026-03-15,White Hart - Inverness,Coca Cola,931.60,Alcohol
09/01/2026,Red Lion - Glasgow,JJ Food Service,609.12,Soft Drinks
2/27/2026,Kings Arms - Edinburgh,EON Energy,988.86,
08/02/2026,The Crown - Stirling,Bidfood,1061.83,
2026-04-04,The Anchor - Perth,DIAGEO,1245.58,
2026-04-08,Fox & Hound - Hamilton,Coca Cola,938.33,Utilities
2026-02-10,Kings Arms - Edinburgh,Diageo Ltd,753.31,Utilities
12/03/2026,Queens Head - Aberdeen,JJ Food Service,546.87,   
3/30/2026,The Anchor - Perth,Coca Cola,£358.12,   
2026-03-15,White Hart - Inverness,EON Energy,£976.98,
2026-01-30,White Hart - Inverness,Amazon Business,£451.69,Utilities
20/01/2026,The Ship Inn - Oban,BT PLC,778.67,   
1/29/2026,Kings Arms - Edinburgh,Diageo Ltd,232.40,
1/21/2026,Queens Head - Aberdeen,DIAGEO,1081.67,
2026-02-23,Fox & Hound - Hamilton,Heineken UK,153.24,Supplies
3/13/2026,The Ship Inn - Oban,JJ Food Service,£247.67,   
2/11/2026,The Swan - Ayr,DIAGEO,835.83,Food
2/3/2026,White Hart - Inverness,Booker Wholesale,549.91,Utilities
17/03/2026,The Anchor - Perth,Bidfood,£193.98,Soft Drinks
2/4/2026,Red Lion - Glasgow,Booker Wholesale,296.03,Soft Drinks
2026-04-14,Royal Oak - Paisley,DIAGEO,674.31,Food
17/03/2026,Fox & Hound - Hamilton,BOOKER,359.73,Utilities
2/26/2026,The Anchor - Perth,Booker Wholesale,305.12,Supplies
3/28/2026,Fox & Hound - Hamilton,Amazon Business,397.61,Alcohol
08/03/2026,Red Lion - Glasgow,Local Butcher,£791.70,Utilities
2026-02-13,Black Bull - Dundee,Booker Wholesale,937.91,Alcohol
08/01/2026,The Anchor - Perth,Coca Cola,1204.35,Utilities
2026-01-11,The Ship Inn - Oban,JJ Food Service,639.87,
4/18/2026,Kings Arms - Edinburgh,EON Energy,238.22,Supplies
2026-02-09,Red Lion - Glasgow,Coca Cola,£964.43,Soft Drinks
17/03/2026,The Ship Inn - Oban,Booker Wholesale,£1058.48,Soft Drinks
2026-04-26,Queens Head - Aberdeen,JJ Food Service,347.00,   
4/29/2026,The Anchor - Perth,JJ Food Service,£174.94,
4/28/2026,White Hart - Inverness,JJ Food Service,955.34,
2026-01-31,Red Lion - Glasgow,BT PLC,£775.73,   
2/4/2026,Kings Arms - Edinburgh,Local Butcher,£1026.43,
05/03/2026,Queens Head - Aberdeen,BT PLC,265.59,   
2026-03-23,Royal Oak - Paisley,BT PLC,1013.34,Alcohol
3/25/2026,Kings Arms - Edinburgh,JJ Food Service,576.10,Supplies
08/04/2026,The Crown - Stirling,Local Butcher,728.15,Food
2026-02-11,Royal Oak - Paisley,Local Butcher,858.51,Food
10/02/2026,Fox & Hound - Hamilton,BT PLC,£578.85,Food
2026-03-25,The Ship Inn - Oban,EON Energy,£115.45,Utilities
3/29/2026,The Plough - Falkirk,DIAGEO,735.20,Supplies
26/03/2026,Red Lion - Glasgow,Heineken UK,425.27,
3/2/2026,The Swan - Ayr,Scottish Water,859.13,Alcohol
3/10/2026,Black Bull - Dundee,EON Energy,182.98,
2026-01-19,Queens Head - Aberdeen,Bidfood,573.92,Utilities
2/24/2026,White Hart - Inverness,EON Energy,1114.74,Utilities
23/02/2026,Royal Oak - Paisley,BOOKER,937.78,   
15/01/2026,Queens Head - Aberdeen,Local Butcher,944.29,
2026-02-09,Red Lion - Glasgow,Bidfood,964.79,
10/04/2026,Fox & Hound - Hamilton,Bidfood,331.39,Soft Drinks
24/01/2026,The Plough - Falkirk,EON Energy,996.74,Food
2026-02-08,The Anchor - Perth,JJ Food Service,£913.07,
2026-04-11,Red Lion - Glasgow,British Gas,618.85,Utilities
2026-01-02,The Ship Inn - Oban,Booker Wholesale,188.19,   
2026-02-04,The Swan - Ayr,DIAGEO,190.55,Soft Drinks
2026-01-23,Fox & Hound - Hamilton,Booker Wholesale,1026.69,
2026-04-24,Black Bull - Dundee,BOOKER,745.56,
14/03/2026,The Anchor - Perth,Bidfood,572.76,Food
14/01/2026,White Hart - Inverness,Diageo Ltd,£1078.60,Supplies
3/9/2026,Red Lion - Glasgow,Coca Cola,£693.53,Food
23/03/2026,The Anchor - Perth,Booker Wholesale,390.20,Supplies
2026-01-19,White Hart - Inverness,Scottish Water,896.64,Alcohol
2026-04-09,Red Lion - Glasgow,Bidfood,542.69,
2/3/2026,Kings Arms - Edinburgh,Diageo Ltd,£293.10,
2026-04-29,The Crown - Stirling,British Gas,1200.32,Soft Drinks
2026-04-03,The Plough - Falkirk,BOOKER,882.99,
2026-01-27,The Anchor - Perth,Diageo Ltd,£388.17,Soft Drinks
4/14/2026,Red Lion - Glasgow,Diageo Ltd,192.24,Food
30/04/2026,The Swan - Ayr,Brakes Catering,654.43,   
2026-02-13,The Plough - Falkirk,British Gas,637.10,
02/04/2026,Red Lion - Glasgow,Brakes Catering,336.33,Supplies
4/18/2026,White Hart - Inverness,EON Energy,701.43,
4/3/2026,Fox & Hound - Hamilton,Coca Cola,332.67,Food
16/04/2026,The Anchor - Perth,Amazon Business,1231.12,
4/24/2026,The Ship Inn - Oban,Brakes Catering,694.09,Soft Drinks
21/04/2026,The Plough - Falkirk,DIAGEO,819.14,Food
2026-04-26,White Hart - Inverness,JJ Food Service,£549.25,Supplies
09/03/2026,Queens Head - Aberdeen,British Gas,1207.42,Utilities
2026-02-02,Fox & Hound - Hamilton,BT PLC,245.77,Supplies
31/03/2026,The Plough - Falkirk,Heineken UK,716.30,
06/03/2026,The Crown - Stirling,British Gas,£1184.92,
21/01/2026,Red Lion - Glasgow,Coca Cola,£428.69,Food
2026-02-09,Kings Arms - Edinburgh,JJ Food Service,£132.03,   
1/14/2026,The Anchor - Perth,Amazon Business,1075.09,Utilities
2026-03-11,Royal Oak - Paisley,BT PLC,166.20,Soft Drinks
4/15/2026,White Hart - Inverness,Bidfood,880.31,Supplies
13/01/2026,The Plough - Falkirk,Brakes Catering,731.34,Food
3/21/2026,Queens Head - Aberdeen,Scottish Water,1223.85,
2026-01-29,Queens Head - Aberdeen,Bidfood,£581.02,Soft Drinks
3/26/2026,White Hart - Inverness,Coca Cola,646.45,Soft Drinks
1/28/2026,The Plough - Falkirk,Heineken UK,56.33,Supplies
3/23/2026,Queens Head - Aberdeen,Coca Cola,810.33,   
3/9/2026,The Plough - Falkirk,Local Butcher,1035.11,Food
2026-04-19,White Hart - Inverness,BT PLC,821.11,Supplies
31/03/2026,Fox & Hound - Hamilton,Amazon Business,640.95,   
2026-01-03,The Crown - Stirling,DIAGEO,942.65,Utilities
1/17/2026,The Crown - Stirling,Coca Cola,993.90,Alcohol
2026-03-17,Red Lion - Glasgow,Heineken UK,724.18,Supplies
01/01/2026,Fox & Hound - Hamilton,Scottish Water,284.47,
4/29/2026,White Hart - Inverness,Coca Cola,1175.49,
4/26/2026,The Plough - Falkirk,Local Butcher,616.45,Alcohol
2026-01-07,White Hart - Inverness,Bidfood,161.96,   
2026-03-06,The Plough - Falkirk,Heineken UK,1036.45,Utilities
2026-03-27,Red Lion - Glasgow,JJ Food Service,992.68,
2026-04-21,Kings Arms - Edinburgh,Diageo Ltd,749.52,Food
2026-03-11,The Swan - Ayr,Booker Wholesale,276.78,Alcohol
11/04/2026,Red Lion - Glasgow,Booker Wholesale,£60.26,   
2026-03-03,Royal Oak - Paisley,Diageo Ltd,1206.94,Supplies
2026-04-19,Black Bull - Dundee,DIAGEO,£879.13,Utilities
2026-03-01,Royal Oak - Paisley,British Gas,448.76,Supplies
2026-01-08,Black Bull - Dundee,JJ Food Service,187.20,
20/03/2026,Kings Arms - Edinburgh,BT PLC,£304.71,Utilities
2026-04-01,Royal Oak - Paisley,Amazon Business,344.06,Utilities
2026-04-01,Royal Oak - Paisley,BOOKER,440.84,Supplies
4/20/2026,Kings Arms - Edinburgh,Bidfood,261.93,Food
2026-02-18,Fox & Hound - Hamilton,JJ Food Service,1246.61,Supplies
2026-04-02,Fox & Hound - Hamilton,Amazon Business,794.52,Food
2026-02-01,The Plough - Falkirk,Scottish Water,1188.09,   
2026-04-24,The Anchor - Perth,Booker Wholesale,1174.83,Supplies
2/28/2026,Royal Oak - Paisley,Diageo Ltd,854.70,   
2026-04-27,Black Bull - Dundee,British Gas,221.95,
2026-02-02,The Anchor - Perth,Booker Wholesale,£874.81,   
3/27/2026,The Plough - Falkirk,British Gas,1048.66,Soft Drinks
2026-03-02,Royal Oak - Paisley,DIAGEO,829.95,Food
24/01/2026,White Hart - Inverness,BOOKER,90.09,   
1/8/2026,The Plough - Falkirk,Local Butcher,1003.20,
14/02/2026,Queens Head - Aberdeen,Local Butcher,279.74,Utilities
2/25/2026,Royal Oak - Paisley,Scottish Water,510.80,Utilities
2026-04-19,The Plough - Falkirk,BOOKER,719.08,Alcohol
02/04/2026,Kings Arms - Edinburgh,Bidfood,503.85,Alcohol
14/02/2026,Kings Arms - Edinburgh,EON Energy,£270.84,   
2026-03-25,Red Lion - Glasgow,Diageo Ltd,£456.64,Food
4/9/2026,Black Bull - Dundee,Local Butcher,337.85,Food
2026-04-11,The Ship Inn - Oban,BOOKER,218.95,Supplies
2026-04-05,Red Lion - Glasgow,Amazon Business,649.65,Soft Drinks
2/19/2026,Kings Arms - Edinburgh,Brakes Catering,65.20,   
06/02/2026,The Anchor - Perth,Diageo Ltd,669.86,   
4/24/2026,The Swan - Ayr,JJ Food Service,685.42,Food
2026-04-08,Fox & Hound - Hamilton,BOOKER,1053.73,Alcohol
23/01/2026,Royal Oak - Paisley,British Gas,£580.98,Food
4/14/2026,Fox & Hound - Hamilton,JJ Food Service,£549.54,
2026-01-27,White Hart - Inverness,EON Energy,£365.43,Supplies
2026-01-06,The Swan - Ayr,Amazon Business,885.39,Alcohol
2026-04-17,Red Lion - Glasgow,British Gas,797.84,Utilities
2026-02-20,Kings Arms - Edinburgh,Scottish Water,£222.09,   
22/01/2026,Black Bull - Dundee,Brakes Catering,264.20,   
2026-04-01,The Ship Inn - Oban,Local Butcher,893.19,   
4/18/2026,The Crown - Stirling,Scottish Water,893.11,
1/24/2026,The Crown - Stirling,Bidfood,879.85,Alcohol
1/23/2026,Queens Head - Aberdeen,DIAGEO,689.23,Utilities
2026-02-16,Royal Oak - Paisley,British Gas,1193.46,Supplies
15/03/2026,Kings Arms - Edinburgh,EON Energy,812.07,Food
2026-03-28,Fox & Hound - Hamilton,Coca Cola,444.23,
4/10/2026,The Swan - Ayr,Brakes Catering,£295.20,Alcohol
14/01/2026,The Ship Inn - Oban,Coca Cola,£120.24,Soft Drinks
3/12/2026,Royal Oak - Paisley,BT PLC,214.93,Supplies
30/04/2026,The Swan - Ayr,Diageo Ltd,418.73,
2026-03-27,The Crown - Stirling,Booker Wholesale,506.48,
03/04/2026,The Ship Inn - Oban,Booker Wholesale,1235.43,Soft Drinks
3/21/2026,The Anchor - Perth,BT PLC,1247.87,Soft Drinks
1/1/2026,Black Bull - Dundee,JJ Food Service,£376.09,Utilities
2026-02-12,Kings Arms - Edinburgh,Coca Cola,£326.18,Alcohol
3/11/2026,Red Lion - Glasgow,Local Butcher,504.93,Alcohol
2026-02-20,White Hart - Inverness,Amazon Business,£537.49,Soft Drinks
2/5/2026,The Anchor - Perth,JJ Food Service,£225.12,
4/7/2026,Kings Arms - Edinburgh,Bidfood,1181.28,
13/01/2026,Kings Arms - Edinburgh,DIAGEO,1198.79,Supplies
27/01/2026,Black Bull - Dundee,DIAGEO,£565.44,
3/11/2026,Royal Oak - Paisley,Amazon Business,337.60,Soft Drinks
3/7/2026,The Plough - Falkirk,Local Butcher,990.50,
3/13/2026,The Crown - Stirling,Diageo Ltd,£334.57,Utilities
2/6/2026,The Ship Inn - Oban,BOOKER,688.82,Alcohol
09/01/2026,The Anchor - Perth,Heineken UK,975.95,Supplies
3/31/2026,Kings Arms - Edinburgh,Brakes Catering,615.63,Soft Drinks
2026-01-03,The Plough - Falkirk,Booker Wholesale,140.89,Utilities
1/15/2026,The Crown - Stirling,Bidfood,156.94,
2026-03-28,The Plough - Falkirk,BT PLC,1027.62,   
4/6/2026,Royal Oak - Paisley,Coca Cola,351.54,Alcohol
1/14/2026,Fox & Hound - Hamilton,Coca Cola,1086.20,Utilities
4/4/2026,Queens Head - Aberdeen,Scottish Water,£535.29,Utilities
2026-02-02,The Anchor - Perth,Diageo Ltd,947.12,Utilities
2026-01-23,Black Bull - Dundee,Coca Cola,793.02,Alcohol
2026-02-16,Fox & Hound - Hamilton,Local Butcher,740.78,Soft Drinks
1/16/2026,The Ship Inn - Oban,British Gas,1026.77,
4/6/2026,The Anchor - Perth,Diageo Ltd,463.83,Food
18/01/2026,Queens Head - Aberdeen,Coca Cola,1211.68,Food
1/22/2026,Black Bull - Dundee,Heineken UK,£881.61,   
2026-01-02,Queens Head - Aberdeen,Brakes Catering,586.62,Supplies
4/13/2026,The Plough - Falkirk,Brakes Catering,772.56,   
2026-02-16,Fox & Hound - Hamilton,Amazon Business,449.70,
20/03/2026,The Plough - Falkirk,Brakes Catering,359.36,   
20/01/2026,Queens Head - Aberdeen,EON Energy,147.76,Soft Drinks
1/28/2026,Kings Arms - Edinburgh,Brakes Catering,£1219.88,Utilities
01/04/2026,Red Lion - Glasgow,Coca Cola,249.25,Alcohol
2026-01-31,Queens Head - Aberdeen,Bidfood,619.85,Soft Drinks
2026-02-13,The Plough - Falkirk,Diageo Ltd,1133.21,Utilities
2026-02-22,White Hart - Inverness,Local Butcher,£855.52,Supplies
08/04/2026,Fox & Hound - Hamilton,Coca Cola,331.59,Supplies
2026-01-26,Fox & Hound - Hamilton,Brakes Catering,607.69,Alcohol
24/03/2026,Queens Head - Aberdeen,BT PLC,286.65,
2026-01-09,The Plough - Falkirk,DIAGEO,93.26,Supplies
04/01/2026,The Swan - Ayr,Local Butcher,920.78,Soft Drinks
28/01/2026,Red Lion - Glasgow,JJ Food Service,£917.54,Food
4/8/2026,Queens Head - Aberdeen,Brakes Catering,1044.99,   
2026-02-20,Royal Oak - Paisley,DIAGEO,201.77,
02/01/2026,The Swan - Ayr,EON Energy,£1092.96,Alcohol
28/01/2026,The Crown - Stirling,Coca Cola,819.85,Soft Drinks
2026-01-28,White Hart - Inverness,EON Energy,1111.83,
2026-04-18,Fox & Hound - Hamilton,Coca Cola,£394.63,   
27/04/2026,The Plough - Falkirk,Scottish Water,316.57,   
2026-03-29,Royal Oak - Paisley,JJ Food Service,1010.83,Supplies
05/04/2026,The Plough - Falkirk,Amazon Business,703.90,   
1/2/2026,White Hart - Inverness,DIAGEO,978.11,   
2026-03-04,Queens Head - Aberdeen,DIAGEO,254.47,Supplies
24/03/2026,White Hart - Inverness,Brakes Catering,788.44,Food
1/11/2026,The Crown - Stirling,Booker Wholesale,£1151.52,
2026-04-22,White Hart - Inverness,Brakes Catering,844.12,Supplies
2026-04-01,The Swan - Ayr,BT PLC,434.16,Alcohol
2026-01-10,Fox & Hound - Hamilton,BOOKER,77.18,Alcohol
2/20/2026,Kings Arms - Edinburgh,Amazon Business,439.90,Supplies
3/11/2026,Fox & Hound - Hamilton,Booker Wholesale,£1170.30,Supplies
2026-02-02,Red Lion - Glasgow,Brakes Catering,£971.06,Food
3/29/2026,The Plough - Falkirk,EON Energy,907.84,Soft Drinks
30/01/2026,The Anchor - Perth,JJ Food Service,1159.79,   
03/02/2026,Kings Arms - Edinburgh,Coca Cola,£305.74,   
2/19/2026,White Hart - Inverness,Diageo Ltd,681.17,
31/03/2026,The Ship Inn - Oban,EON Energy,£104.29,
2026-02-02,Queens Head - Aberdeen,Heineken UK,263.95,Utilities
2026-04-16,The Anchor - Perth,EON Energy,362.87,   
2/18/2026,White Hart - Inverness,JJ Food Service,934.25,Utilities
20/03/2026,Queens Head - Aberdeen,BT PLC,984.24,
16/02/2026,Royal Oak - Paisley,Scottish Water,£873.11,Supplies
07/04/2026,The Anchor - Perth,Coca Cola,£605.87,
1/3/2026,Queens Head - Aberdeen,British Gas,663.63,
06/04/2026,Kings Arms - Edinburgh,JJ Food Service,815.89,Alcohol
4/23/2026,Fox & Hound - Hamilton,EON Energy,65.56,Soft Drinks
05/02/2026,Red Lion - Glasgow,British Gas,714.76,
2/16/2026,The Swan - Ayr,JJ Food Service,323.84,Supplies
3/25/2026,Royal Oak - Paisley,Brakes Catering,237.99,
2/15/2026,Royal Oak - Paisley,Coca Cola,625.62,   
05/03/2026,White Hart - Inverness,Diageo Ltd,269.44,
2/23/2026,The Crown - Stirling,BOOKER,1015.90,Soft Drinks
2026-01-22,Red Lion - Glasgow,British Gas,298.41,Alcohol
30/01/2026,White Hart - Inverness,British Gas,£317.24,Soft Drinks
2026-02-20,The Swan - Ayr,BOOKER,167.77,Utilities
2026-04-27,Black Bull - Dundee,Amazon Business,689.93,Utilities
08/01/2026,Royal Oak - Paisley,Booker Wholesale,129.16,   
12/03/2026,White Hart - Inverness,JJ Food Service,676.27,Utilities
12/02/2026,The Plough - Falkirk,Brakes Catering,849.20,Food
10/04/2026,The Crown - Stirling,Booker Wholesale,401.94,Utilities
1/28/2026,Black Bull - Dundee,JJ Food Service,94.31,Supplies
2026-04-26,The Plough - Falkirk,BOOKER,1142.28,Utilities
11/02/2026,The Swan - Ayr,Scottish Water,784.76,Utilities
04/03/2026,Fox & Hound - Hamilton,Coca Cola,£1000.68,   
2026-01-23,The Swan - Ayr,Heineken UK,713.25,   
2026-01-28,The Ship Inn - Oban,Brakes Catering,906.50,Supplies
25/03/2026,Royal Oak - Paisley,British Gas,1108.66,Supplies
09/04/2026,Royal Oak - Paisley,Bidfood,188.95,
08/01/2026,Kings Arms - Edinburgh,Amazon Business,1017.45,   
1/12/2026,The Swan - Ayr,Diageo Ltd,289.84,Utilities
26/04/2026,Black Bull - Dundee,BT PLC,56.07,
2026-01-05,The Ship Inn - Oban,Brakes Catering,876.95,Supplies
02/04/2026,The Ship Inn - Oban,Brakes Catering,550.90,Utilities
2026-04-18,The Swan - Ayr,Local Butcher,£614.02,
4/6/2026,The Swan - Ayr,Amazon Business,£964.96,Soft Drinks
05/03/2026,Fox & Hound - Hamilton,Local Butcher,993.32,Soft Drinks
2026-01-31,The Plough - Falkirk,Local Butcher,1053.91,Alcohol
2026-01-31,Fox & Hound - Hamilton,BOOKER,£688.76,Alcohol
2026-03-10,White Hart - Inverness,Heineken UK,521.09,   
2026-03-24,Red Lion - Glasgow,BOOKER,325.98,Soft Drinks
3/30/2026,The Crown - Stirling,JJ Food Service,990.24,Food
4/4/2026,White Hart - Inverness,EON Energy,629.11,
1/18/2026,The Plough - Falkirk,DIAGEO,522.39,Alcohol
1/8/2026,Royal Oak - Paisley,Bidfood,£268.33,Utilities
2026-04-10,Kings Arms - Edinburgh,Scottish Water,£268.38,
4/16/2026,The Crown - Stirling,British Gas,992.73,Soft Drinks
1/20/2026,The Anchor - Perth,Brakes Catering,1113.72,Food
19/01/2026,The Swan - Ayr,BT PLC,490.23,Supplies
2026-04-08,White Hart - Inverness,Diageo Ltd,803.91,   
06/03/2026,Fox & Hound - Hamilton,Heineken UK,221.75,Food
2026-04-06,Black Bull - Dundee,Booker Wholesale,£1056.17,
2026-03-03,The Crown - Stirling,DIAGEO,327.94,Alcohol
3/17/2026,White Hart - Inverness,Brakes Catering,225.63,Soft Drinks
15/02/2026,Red Lion - Glasgow,British Gas,313.13,   
4/17/2026,The Swan - Ayr,Bidfood,678.74,Supplies
2026-01-19,The Swan - Ayr,EON Energy,248.76,   
25/03/2026,The Anchor - Perth,Brakes Catering,1088.64,   
2026-03-14,Black Bull - Dundee,Booker Wholesale,868.30,
4/21/2026,The Plough - Falkirk,BT PLC,142.05,Supplies
13/04/2026,Kings Arms - Edinburgh,Scottish Water,289.63,Food
2/27/2026,Queens Head - Aberdeen,Diageo Ltd,429.47,Supplies
4/17/2026,The Crown - Stirling,Bidfood,133.65,
07/01/2026,Royal Oak - Paisley,Local Butcher,£272.11,Supplies
19/04/2026,Black Bull - Dundee,Amazon Business,852.56,Soft Drinks
2026-03-14,The Swan - Ayr,BOOKER,1095.05,   
26/01/2026,The Ship Inn - Oban,JJ Food Service,£336.80,Soft Drinks
4/1/2026,Royal Oak - Paisley,Bidfood,582.69,Alcohol
25/03/2026,The Crown - Stirling,DIAGEO,1013.43,Alcohol
3/17/2026,The Anchor - Perth,Coca Cola,1228.31,Supplies
4/30/2026,The Ship Inn - Oban,BOOKER,£500.48,Supplies
30/03/2026,The Crown - Stirling,Bidfood,1032.94,
2/17/2026,Kings Arms - Edinburgh,Heineken UK,1054.74,Soft Drinks
2026-04-17,Queens Head - Aberdeen,Amazon Business,£553.10,Supplies
2026-01-23,Kings Arms - Edinburgh,DIAGEO,1245.00,Supplies
22/03/2026,The Swan - Ayr,British Gas,843.73,Soft Drinks
2/7/2026,The Anchor - Perth,DIAGEO,145.09,   
1/14/2026,Black Bull - Dundee,JJ Food Service,401.70,Supplies
4/3/2026,The Crown - Stirling,Diageo Ltd,632.32,
3/8/2026,Kings Arms - Edinburgh,Local Butcher,1030.40,   
1/15/2026,The Plough - Falkirk,Brakes Catering,462.34,
2026-02-04,Kings Arms - Edinburgh,DIAGEO,1139.83,   
15/04/2026,The Anchor - Perth,Bidfood,1005.32,Utilities
2026-04-19,Fox & Hound - Hamilton,Booker Wholesale,531.52,
18/04/2026,White Hart - Inverness,Coca Cola,112.56,
18/02/2026,The Crown - Stirling,Amazon Business,263.49,Alcohol
3/30/2026,White Hart - Inverness,Scottish Water,753.38,Utilities
22/01/2026,Queens Head - Aberdeen,BOOKER,1010.15,Utilities
2/20/2026,Queens Head - Aberdeen,Amazon Business,54.25,
4/6/2026,White Hart - Inverness,Coca Cola,£1202.27,Alcohol
20/02/2026,The Anchor - Perth,Heineken UK,£436.09,Supplies
2026-02-28,Red Lion - Glasgow,DIAGEO,888.33,   
2026-03-19,Red Lion - Glasgow,BT PLC,£960.14,
01/01/2026,The Anchor - Perth,EON Energy,305.88,Food
2026-01-07,Black Bull - Dundee,DIAGEO,238.29,
2026-01-05,Black Bull - Dundee,Heineken UK,813.58,Supplies
2026-01-23,The Crown - Stirling,Scottish Water,1100.94,   
4/2/2026,The Ship Inn - Oban,BOOKER,£1056.42,
22/01/2026,The Crown - Stirling,Local Butcher,£1239.26,
3/21/2026,Kings Arms - Edinburgh,Coca Cola,1150.67,   
4/26/2026,The Ship Inn - Oban,Heineken UK,953.35,Food
3/9/2026,The Ship Inn - Oban,Coca Cola,1030.54,Food
2026-01-07,Royal Oak - Paisley,BT PLC,£852.84,   
24/04/2026,Fox & Hound - Hamilton,Scottish Water,838.45,   
2026-04-27,Royal Oak - Paisley,Local Butcher,£416.75,Soft Drinks
15/04/2026,The Swan - Ayr,BT PLC,873.49,Food
2026-03-25,The Plough - Falkirk,Coca Cola,£717.94,Food
2026-01-14,The Ship Inn - Oban,Diageo Ltd,£66.64,Supplies
4/5/2026,White Hart - Inverness,BOOKER,£384.80,   
17/04/2026,White Hart - Inverness,JJ Food Service,917.21,   
2026-01-29,The Crown - Stirling,Coca Cola,566.49,
15/02/2026,The Plough - Falkirk,DIAGEO,703.56,Soft Drinks
4/11/2026,Fox & Hound - Hamilton,British Gas,961.93,Alcohol
3/10/2026,Kings Arms - Edinburgh,Coca Cola,1117.60,
2026-04-07,The Swan - Ayr,BT PLC,£774.52,   
1/4/2026,White Hart - Inverness,DIAGEO,269.53,Supplies
2026-04-08,The Plough - Falkirk,Diageo Ltd,705.45,Food
1/11/2026,The Ship Inn - Oban,Diageo Ltd,£66.13,Supplies
23/03/2026,Queens Head - Aberdeen,DIAGEO,£281.99,
16/02/2026,The Ship Inn - Oban,Diageo Ltd,£417.69,Alcohol
03/01/2026,Kings Arms - Edinburgh,Coca Cola,309.73,   
14/03/2026,Red Lion - Glasgow,Booker Wholesale,£505.36,Alcohol
03/02/2026,Red Lion - Glasgow,DIAGEO,727.95,Food
2026-03-05,Queens Head - Aberdeen,BT PLC,840.20,Food
2/12/2026,The Crown - Stirling,Heineken UK,309.62,Utilities
3/21/2026,Royal Oak - Paisley,JJ Food Service,259.27,Utilities
2026-02-07,The Anchor - Perth,BT PLC,607.36,   
29/04/2026,The Anchor - Perth,BT PLC,1037.68,
05/04/2026,Black Bull - Dundee,British Gas,780.00,
3/13/2026,The Ship Inn - Oban,Heineken UK,938.02,
2026-02-20,The Swan - Ayr,EON Energy,1080.42,Utilities
18/03/2026,Queens Head - Aberdeen,DIAGEO,749.21,Food
2026-03-23,Fox & Hound - Hamilton,Local Butcher,750.63,   
2/21/2026,The Ship Inn - Oban,Brakes Catering,443.54,   
4/13/2026,Black Bull - Dundee,Diageo Ltd,354.47,
4/9/2026,The Crown - Stirling,Coca Cola,997.91,   
4/18/2026,The Swan - Ayr,Bidfood,569.89,   
2026-01-07,The Crown - Stirling,EON Energy,1137.66,
4/26/2026,The Swan - Ayr,EON Energy,£102.79,
2/20/2026,The Crown - Stirling,DIAGEO,560.20,   
2026-04-26,Royal Oak - Paisley,Brakes Catering,574.39,
2026-03-29,The Anchor - Perth,BT PLC,852.97,
17/04/2026,Royal Oak - Paisley,BOOKER,1190.13,Utilities
1/12/2026,Queens Head - Aberdeen,BOOKER,£1062.69,Soft Drinks
28/02/2026,Queens Head - Aberdeen,JJ Food Service,60.78,Alcohol
02/02/2026,Queens Head - Aberdeen,Local Butcher,1087.49,Utilities
24/03/2026,Kings Arms - Edinburgh,Bidfood,389.85,
3/21/2026,Fox & Hound - Hamilton,Booker Wholesale,718.38,Food
08/04/2026,Queens Head - Aberdeen,Bidfood,919.11,Utilities
18/01/2026,Royal Oak - Paisley,Brakes Catering,698.28,
20/04/2026,Kings Arms - Edinburgh,Brakes Catering,920.60,
2026-02-25,The Anchor - Perth,BT PLC,819.59,Supplies
19/02/2026,White Hart - Inverness,Local Butcher,1104.00,Soft Drinks
2026-03-05,Fox & Hound - Hamilton,Heineken UK,510.50,Supplies
2026-04-07,The Ship Inn - Oban,Booker Wholesale,170.11,   
4/11/2026,The Swan - Ayr,Local Butcher,920.62,Utilities
2026-04-29,Fox & Hound - Hamilton,BOOKER,1051.61,
1/3/2026,Fox & Hound - Hamilton,EON Energy,1138.73,Supplies
02/01/2026,White Hart - Inverness,Booker Wholesale,£72.59,   
2026-03-31,Royal Oak - Paisley,EON Energy,624.73,   
30/01/2026,The Crown - Stirling,Amazon Business,800.84,Food
12/01/2026,Black Bull - Dundee,Brakes Catering,1210.25,   
2026-03-19,Kings Arms - Edinburgh,Amazon Business,1082.44,Soft Drinks
01/01/2026,The Ship Inn - Oban,BOOKER,978.09,Soft Drinks
24/01/2026,The Ship Inn - Oban,Heineken UK,401.95,
2026-02-20,Queens Head - Aberdeen,EON Energy,1194.68,Supplies
16/01/2026,The Anchor - Perth,BT PLC,863.84,
2026-01-01,Queens Head - Aberdeen,Booker Wholesale,361.48,   
2026-01-17,Royal Oak - Paisley,Brakes Catering,271.49,
01/01/2026,The Anchor - Perth,Amazon Business,1090.47,Utilities
29/01/2026,The Ship Inn - Oban,Coca Cola,614.98,Supplies
4/10/2026,The Plough - Falkirk,Amazon Business,194.09,Food
20/04/2026,Queens Head - Aberdeen,Heineken UK,1125.05,
2026-03-26,Red Lion - Glasgow,Bidfood,1079.56,Supplies
2/2/2026,Black Bull - Dundee,BT PLC,1051.43,Soft Drinks
16/04/2026,The Anchor - Perth,Coca Cola,576.91,
2026-02-12,Royal Oak - Paisley,Bidfood,£901.15,Alcohol
2026-02-04,The Anchor - Perth,Scottish Water,409.44,   
1/13/2026,The Plough - Falkirk,Amazon Business,92.85,Utilities
4/23/2026,Red Lion - Glasgow,Heineken UK,949.17,   
2026-01-11,The Ship Inn - Oban,BT PLC,661.26,
4/12/2026,Fox & Hound - Hamilton,BOOKER,88.29,Supplies
02/02/2026,White Hart - Inverness,Coca Cola,£1114.77,   
21/03/2026,The Crown - Stirling,EON Energy,250.64,
3/29/2026,The Plough - Falkirk,JJ Food Service,£337.40,Supplies
2026-01-20,The Anchor - Perth,Brakes Catering,653.79,Supplies
2/14/2026,White Hart - Inverness,BT PLC,188.73,Food
2026-03-10,The Swan - Ayr,Scottish Water,71.64,Alcohol
4/19/2026,White Hart - Inverness,Coca Cola,657.92,
2026-04-22,Kings Arms - Edinburgh,Diageo Ltd,£629.29,   
2026-04-13,The Ship Inn - Oban,EON Energy,1192.10,Soft Drinks
2026-01-17,Queens Head - Aberdeen,Bidfood,526.23,   
2/26/2026,Kings Arms - Edinburgh,Coca Cola,1178.81,Food
15/02/2026,Fox & Hound - Hamilton,British Gas,554.18,Soft Drinks
2026-03-03,The Crown - Stirling,Scottish Water,£797.93,Alcohol
2026-03-14,The Ship Inn - Oban,EON Energy,444.84,
01/01/2026,The Anchor - Perth,Scottish Water,931.60,   
26/01/2026,Queens Head - Aberdeen,Brakes Catering,874.86,Utilities
3/12/2026,The Anchor - Perth,Local Butcher,930.78,
19/02/2026,Fox & Hound - Hamilton,Diageo Ltd,1143.97,Food
2026-03-22,Fox & Hound - Hamilton,JJ Food Service,875.65,Utilities
2/25/2026,The Swan - Ayr,JJ Food Service,£737.50,   
1/10/2026,White Hart - Inverness,Coca Cola,405.88,Food
1/27/2026,Kings Arms - Edinburgh,Heineken UK,560.46,Soft Drinks
2026-03-05,White Hart - Inverness,EON Energy,163.54,Food
13/02/2026,The Plough - Falkirk,BT PLC,511.11,Food
08/02/2026,The Ship Inn - Oban,BT PLC,£442.59,   
2/23/2026,Fox & Hound - Hamilton,EON Energy,826.32,Soft Drinks
2026-01-15,Royal Oak - Paisley,Brakes Catering,1070.87,Utilities
12/04/2026,The Crown - Stirling,Local Butcher,£1142.62,Utilities
15/04/2026,The Plough - Falkirk,Booker Wholesale,937.32,   
01/02/2026,Kings Arms - Edinburgh,BOOKER,£992.50,Supplies
2/28/2026,Queens Head - Aberdeen,Local Butcher,£647.61,
2/3/2026,Kings Arms - Edinburgh,DIAGEO,495.16,
3/11/2026,Kings Arms - Edinburgh,BOOKER,252.91,Food
11/02/2026,The Anchor - Perth,EON Energy,£371.80,   
12/04/2026,Kings Arms - Edinburgh,BOOKER,1177.41,Utilities
3/8/2026,The Ship Inn - Oban,Booker Wholesale,£478.72,
16/04/2026,Black Bull - Dundee,JJ Food Service,£1094.55,   
2/8/2026,Black Bull - Dundee,British Gas,264.79,Soft Drinks
01/03/2026,White Hart - Inverness,DIAGEO,£618.90,
2026-01-13,Black Bull - Dundee,EON Energy,1068.56,Food
2026-01-30,Red Lion - Glasgow,Amazon Business,£833.95,Supplies
2026-01-20,Kings Arms - Edinburgh,Scottish Water,288.05,Supplies
2026-04-04,Royal Oak - Paisley,Diageo Ltd,£278.17,Food
01/01/2026,Royal Oak - Paisley,British Gas,673.24,Utilities
25/03/2026,The Swan - Ayr,Amazon Business,100.97,Alcohol
21/04/2026,Royal Oak - Paisley,British Gas,£1216.17,   
4/4/2026,White Hart - Inverness,BOOKER,1007.49,   
29/01/2026,Queens Head - Aberdeen,Booker Wholesale,231.24,Soft Drinks
2/3/2026,The Anchor - Perth,BT PLC,1128.13,Alcohol
19/03/2026,Queens Head - Aberdeen,Bidfood,643.32,Food
1/12/2026,Fox & Hound - Hamilton,Bidfood,1098.73,   
2026-04-22,The Anchor - Perth,DIAGEO,454.42,Alcohol
1/14/2026,Queens Head - Aberdeen,Local Butcher,£612.99,   
05/03/2026,The Crown - Stirling,Diageo Ltd,£825.00,   
13/03/2026,The Plough - Falkirk,Coca Cola,£512.74,
4/1/2026,Black Bull - Dundee,Scottish Water,1190.13,   
4/16/2026,The Swan - Ayr,Scottish Water,357.36,Utilities
1/5/2026,Kings Arms - Edinburgh,Coca Cola,547.95,Food
26/02/2026,The Anchor - Perth,Coca Cola,863.96,   
25/01/2026,The Swan - Ayr,Brakes Catering,1116.78,
2026-02-01,The Plough - Falkirk,Amazon Business,737.65,Soft Drinks
4/10/2026,The Plough - Falkirk,Amazon Business,886.47,Food
02/03/2026,Royal Oak - Paisley,Coca Cola,543.99,Food
3/26/2026,The Crown - Stirling,DIAGEO,597.62,Soft Drinks
2026-04-22,Fox & Hound - Hamilton,DIAGEO,1062.01,Utilities
23/01/2026,The Ship Inn - Oban,Coca Cola,1144.36,
2026-04-09,The Crown - Stirling,Brakes Catering,1140.39,   
4/30/2026,The Ship Inn - Oban,Scottish Water,411.14,
04/02/2026,Royal Oak - Paisley,Coca Cola,490.05,
4/25/2026,Queens Head - Aberdeen,Diageo Ltd,284.17,
06/02/2026,Royal Oak - Paisley,DIAGEO,£826.85,Alcohol
16/04/2026,Red Lion - Glasgow,Bidfood,£461.23,
31/03/2026,The Anchor - Perth,Booker Wholesale,174.25,   
1/2/2026,Queens Head - Aberdeen,Booker Wholesale,354.98,   
2/24/2026,Queens Head - Aberdeen,Bidfood,432.92,Supplies
3/8/2026,The Plough - Falkirk,Coca Cola,289.24,Alcohol
01/02/2026,The Anchor - Perth,DIAGEO,£669.04,   
25/01/2026,Fox & Hound - Hamilton,Coca Cola,£429.48,   
25/01/2026,Royal Oak - Paisley,JJ Food Service,701.37,Soft Drinks
2026-02-04,The Plough - Falkirk,Bidfood,£415.19,Supplies
2026-02-16,The Plough - Falkirk,EON Energy,730.37,Supplies
2026-02-11,Fox & Hound - Hamilton,Amazon Business,£758.13,Soft Drinks
2026-01-26,The Ship Inn - Oban,Scottish Water,174.31,   
2026-01-17,The Plough - Falkirk,Scottish Water,703.39,
3/21/2026,Red Lion - Glasgow,Diageo Ltd,642.22,   
4/3/2026,The Ship Inn - Oban,EON Energy,933.60,
10/01/2026,The Plough - Falkirk,Heineken UK,58.36,
25/04/2026,Kings Arms - Edinburgh,Local Butcher,313.24,Food
1/15/2026,White Hart - Inverness,Coca Cola,50.22,Alcohol
2026-04-14,The Anchor - Perth,DIAGEO,829.26,
22/03/2026,The Anchor - Perth,Diageo Ltd,£253.66,Utilities
2026-03-29,The Anchor - Perth,EON Energy,496.24,   
15/02/2026,The Anchor - Perth,BT PLC,1063.81,   
2026-01-01,The Plough - Falkirk,Scottish Water,£376.26,Soft Drinks
02/01/2026,The Anchor - Perth,Brakes Catering,1176.70,Supplies
2026-03-27,Kings Arms - Edinburgh,Brakes Catering,1013.35,
1/11/2026,Queens Head - Aberdeen,Scottish Water,1000.84,   
2026-04-24,The Crown - Stirling,British Gas,£250.80,   
1/27/2026,The Swan - Ayr,Booker Wholesale,208.16,Alcohol
11/03/2026,The Swan - Ayr,BOOKER,1089.18,
2026-01-15,The Crown - Stirling,BOOKER,702.17,   
2026-04-27,The Crown - Stirling,DIAGEO,1199.47,Supplies
19/04/2026,The Crown - Stirling,Coca Cola,£92.50,Utilities
1/5/2026,Royal Oak - Paisley,Local Butcher,£262.95,Soft Drinks
2/1/2026,Queens Head - Aberdeen,BOOKER,£923.17,Utilities
1/13/2026,White Hart - Inverness,Coca Cola,857.82,Soft Drinks
4/5/2026,Fox & Hound - Hamilton,British Gas,£1030.55,Alcohol
3/6/2026,Queens Head - Aberdeen,BT PLC,1002.28,Utilities
4/29/2026,The Anchor - Perth,Diageo Ltd,485.80,Utilities
03/04/2026,Queens Head - Aberdeen,Amazon Business,293.16,Utilities
3/27/2026,Fox & Hound - Hamilton,Amazon Business,1106.22,   
2/21/2026,White Hart - Inverness,Local Butcher,£278.40,Food
15/03/2026,Queens Head - Aberdeen,Local Butcher,173.63,Soft Drinks
2026-03-05,Black Bull - Dundee,Brakes Catering,1088.98,Supplies
21/04/2026,Royal Oak - Paisley,EON Energy,£674.34,Supplies
11/03/2026,The Swan - Ayr,DIAGEO,850.51,Utilities
1/23/2026,The Anchor - Perth,Heineken UK,776.29,Food
18/01/2026,Kings Arms - Edinburgh,Diageo Ltd,429.02,Supplies
06/03/2026,White Hart - Inverness,Heineken UK,£862.58,
1/22/2026,Royal Oak - Paisley,Coca Cola,£214.71,Food
3/8/2026,The Crown - Stirling,EON Energy,583.47,Food
4/4/2026,Kings Arms - Edinburgh,BOOKER,911.41,   
3/9/2026,Royal Oak - Paisley,Diageo Ltd,£885.95,   
2026-01-31,The Plough - Falkirk,Brakes Catering,570.00,   
31/01/2026,Fox & Hound - Hamilton,Local Butcher,718.06,Soft Drinks
2026-04-05,The Crown - Stirling,BT PLC,586.26,Food
2026-04-17,White Hart - Inverness,BOOKER,672.50,Soft Drinks
07/01/2026,Black Bull - Dundee,Amazon Business,632.94,
1/20/2026,Black Bull - Dundee,Brakes Catering,£526.93,Food
2026-03-30,The Ship Inn - Oban,JJ Food Service,£701.22,Alcohol
2/3/2026,White Hart - Inverness,Booker Wholesale,175.67,
2026-02-21,White Hart - Inverness,Local Butcher,402.35,
25/01/2026,The Swan - Ayr,EON Energy,654.78,Utilities
08/02/2026,White Hart - Inverness,DIAGEO,543.06,   
4/10/2026,White Hart - Inverness,Scottish Water,£1215.96,Alcohol
3/2/2026,Queens Head - Aberdeen,EON Energy,£324.30,Soft Drinks
21/04/2026,Black Bull - Dundee,Diageo Ltd,£1186.23,Soft Drinks
2026-03-05,Queens Head - Aberdeen,British Gas,£1055.17,Food
17/01/2026,The Ship Inn - Oban,Local Butcher,£612.16,Utilities
2026-01-05,The Plough - Falkirk,BOOKER,62.56,Food
2026-03-25,The Anchor - Perth,Amazon Business,879.20,Utilities
2026-01-14,Kings Arms - Edinburgh,Booker Wholesale,875.80,   
11/01/2026,Queens Head - Aberdeen,Booker Wholesale,170.81,Food
2026-01-04,The Plough - Falkirk,JJ Food Service,81.76,   
2/4/2026,The Anchor - Perth,Amazon Business,1078.47,
2026-01-30,The Plough - Falkirk,Heineken UK,1088.20,Supplies
2026-04-13,Kings Arms - Edinburgh,Coca Cola,939.48,
2026-01-16,Fox & Hound - Hamilton,Brakes Catering,578.02,Food
2/4/2026,Fox & Hound - Hamilton,Amazon Business,175.43,Utilities
2026-02-04,Fox & Hound - Hamilton,Local Butcher,721.26,Supplies
2026-02-02,White Hart - Inverness,British Gas,280.53,Alcohol
18/03/2026,The Plough - Falkirk,JJ Food Service,657.08,Food
2026-02-20,The Plough - Falkirk,EON Energy,411.02,   
2026-01-28,The Swan - Ayr,Diageo Ltd,1121.41,Supplies
02/04/2026,The Plough - Falkirk,BOOKER,653.64,Supplies
02/03/2026,White Hart - Inverness,Coca Cola,119.01,
15/02/2026,White Hart - Inverness,Scottish Water,£593.10,Alcohol
01/03/2026,The Ship Inn - Oban,Scottish Water,£153.89,   
4/6/2026,The Swan - Ayr,DIAGEO,740.51,Food
19/02/2026,Fox & Hound - Hamilton,Heineken UK,582.73,   
2026-01-08,The Anchor - Perth,DIAGEO,846.72,
1/8/2026,Black Bull - Dundee,JJ Food Service,1210.36,   
4/2/2026,The Ship Inn - Oban,Heineken UK,918.53,
12/03/2026,Queens Head - Aberdeen,Amazon Business,£705.35,Soft Drinks
2026-04-17,The Anchor - Perth,Bidfood,193.33,Alcohol
2026-01-09,Fox & Hound - Hamilton,Brakes Catering,579.61,Supplies
4/23/2026,Royal Oak - Paisley,Scottish Water,927.78,
30/03/2026,The Anchor - Perth,BT PLC,962.24,Alcohol
07/04/2026,The Crown - Stirling,Amazon Business,447.19,Supplies
04/01/2026,Queens Head - Aberdeen,BOOKER,96.93,Utilities
08/01/2026,Queens Head - Aberdeen,Diageo Ltd,£1120.91,
2026-01-22,The Swan - Ayr,BT PLC,1118.93,Alcohol
28/01/2026,The Anchor - Perth,EON Energy,693.82,
1/24/2026,Queens Head - Aberdeen,Local Butcher,£737.51,Utilities
22/03/2026,The Swan - Ayr,Heineken UK,1129.03,Food
1/25/2026,Red Lion - Glasgow,Local Butcher,601.08,Supplies
3/22/2026,Fox & Hound - Hamilton,British Gas,£328.08,
2026-02-01,Red Lion - Glasgow,Local Butcher,655.65,
2026-04-21,The Plough - Falkirk,British Gas,£1086.42,Soft Drinks
21/02/2026,Black Bull - Dundee,BOOKER,269.32,Supplies
03/02/2026,Kings Arms - Edinburgh,BOOKER,1227.61,Utilities
28/03/2026,Royal Oak - Paisley,Heineken UK,1093.76,Food
2026-04-15,The Plough - Falkirk,Brakes Catering,522.60,Alcohol
15/03/2026,Queens Head - Aberdeen,Coca Cola,1022.28,Supplies
2026-02-04,White Hart - Inverness,Heineken UK,620.81,Supplies
24/01/2026,The Plough - Falkirk,BT PLC,£152.52,   
1/17/2026,The Ship Inn - Oban,Diageo Ltd,189.75,Supplies
2026-03-09,White Hart - Inverness,Local Butcher,140.33,Soft Drinks
09/03/2026,White Hart - Inverness,Heineken UK,171.90,
28/02/2026,The Ship Inn - Oban,BOOKER,282.23,
21/04/2026,Black Bull - Dundee,Bidfood,825.91,
2026-03-22,Fox & Hound - Hamilton,British Gas,1165.35,Utilities
18/03/2026,Black Bull - Dundee,Booker Wholesale,652.38,Food
29/01/2026,Red Lion - Glasgow,DIAGEO,79.95,   
4/29/2026,Queens Head - Aberdeen,Brakes Catering,159.15,   
2026-03-24,Fox & Hound - Hamilton,Scottish Water,£545.71,Alcohol
21/02/2026,Royal Oak - Paisley,Bidfood,865.86,Supplies
07/03/2026,Royal Oak - Paisley,Booker Wholesale,£124.75,Food
2026-04-09,White Hart - Inverness,Amazon Business,£431.19,Supplies
4/7/2026,The Plough - Falkirk,Diageo Ltd,66.49,Alcohol
2/13/2026,Fox & Hound - Hamilton,Amazon Business,223.50,
2026-04-29,Fox & Hound - Hamilton,Diageo Ltd,250.98,Soft Drinks
07/01/2026,The Plough - Falkirk,Local Butcher,£445.16,
2026-04-19,The Anchor - Perth,Coca Cola,61.10,
2026-01-31,Red Lion - Glasgow,Diageo Ltd,£203.97,
2026-04-14,The Plough - Falkirk,British Gas,908.33,
2026-02-01,The Ship Inn - Oban,British Gas,786.97,Soft Drinks
4/27/2026,The Plough - Falkirk,British Gas,482.17,Food
2026-02-01,The Ship Inn - Oban,British Gas,388.24,Utilities
03/03/2026,The Ship Inn - Oban,BOOKER,£348.57,Food
2026-04-14,The Plough - Falkirk,EON Energy,1170.00,Soft Drinks
1/4/2026,The Ship Inn - Oban,BT PLC,1011.02,Alcohol
18/04/2026,The Ship Inn - Oban,BT PLC,£670.02,Alcohol
25/01/2026,Kings Arms - Edinburgh,Amazon Business,1052.50,Supplies
3/16/2026,Kings Arms - Edinburgh,BOOKER,£566.64,Alcohol
1/1/2026,Black Bull - Dundee,Bidfood,147.56,   
3/20/2026,The Ship Inn - Oban,Amazon Business,885.35,Supplies
4/11/2026,Royal Oak - Paisley,Scottish Water,£91.44,Utilities
18/02/2026,The Crown - Stirling,DIAGEO,455.01,Utilities
2026-01-02,Red Lion - Glasgow,Local Butcher,900.67,Food
2026-03-20,Royal Oak - Paisley,Amazon Business,1153.63,
2026-03-23,Kings Arms - Edinburgh,Diageo Ltd,338.42,Utilities
2026-03-12,Red Lion - Glasgow,Heineken UK,1151.48,Soft Drinks
4/10/2026,The Swan - Ayr,Booker Wholesale,382.53,Food
08/03/2026,Queens Head - Aberdeen,Bidfood,£1162.26,Soft Drinks
15/04/2026,Queens Head - Aberdeen,DIAGEO,933.77,Supplies
3/11/2026,Fox & Hound - Hamilton,DIAGEO,312.63,Supplies
2026-01-29,The Anchor - Perth,JJ Food Service,£1135.17,Supplies
3/24/2026,The Anchor - Perth,Booker Wholesale,220.94,Alcohol
3/15/2026,White Hart - Inverness,Bidfood,335.27,Soft Drinks
4/7/2026,The Crown - Stirling,DIAGEO,235.72,   
2/12/2026,Royal Oak - Paisley,BT PLC,977.91,   
30/01/2026,The Ship Inn - Oban,Bidfood,£50.91,Alcohol
1/27/2026,The Crown - Stirling,BT PLC,907.20,Food
2/2/2026,White Hart - Inverness,Local Butcher,420.66,   
4/29/2026,Royal Oak - Paisley,British Gas,425.12,Utilities
1/1/2026,Black Bull - Dundee,Brakes Catering,591.77,Soft Drinks
26/03/2026,Fox & Hound - Hamilton,Coca Cola,703.31,Soft Drinks
4/3/2026,White Hart - Inverness,BOOKER,102.95,
12/01/2026,The Crown - Stirling,Local Butcher,229.44,Utilities
14/01/2026,The Crown - Stirling,Coca Cola,939.36,   
4/17/2026,Black Bull - Dundee,Heineken UK,933.73,Utilities
12/02/2026,Royal Oak - Paisley,Diageo Ltd,61.90,   
2026-01-17,The Plough - Falkirk,DIAGEO,167.11,   
2026-04-03,White Hart - Inverness,Coca Cola,1109.76,
22/04/2026,The Crown - Stirling,Scottish Water,837.93,
2026-03-15,Red Lion - Glasgow,Amazon Business,904.28,   
26/02/2026,The Crown - Stirling,JJ Food Service,£181.75,   
08/02/2026,The Swan - Ayr,Scottish Water,£368.65,Food
4/14/2026,Royal Oak - Paisley,Booker Wholesale,60.80,Utilities
2026-04-05,Red Lion - Glasgow,DIAGEO,£1017.40,
2026-01-24,Black Bull - Dundee,British Gas,94.78,Soft Drinks
12/04/2026,The Plough - Falkirk,Diageo Ltd,£1038.13,Alcohol
12/03/2026,The Crown - Stirling,JJ Food Service,679.59,Soft Drinks
25/03/2026,Fox & Hound - Hamilton,Bidfood,186.56,   
4/11/2026,The Crown - Stirling,Diageo Ltd,864.66,Supplies
24/03/2026,Black Bull - Dundee,DIAGEO,553.86,
2026-02-01,The Swan - Ayr,DIAGEO,482.57,   
2026-04-06,The Ship Inn - Oban,BOOKER,150.39,Alcohol
1/11/2026,White Hart - Inverness,Bidfood,1160.84,   
3/8/2026,Royal Oak - Paisley,Bidfood,1185.03,Food
4/18/2026,The Ship Inn - Oban,Heineken UK,309.59,Food
13/02/2026,The Plough - Falkirk,Coca Cola,145.06,Food
26/03/2026,The Swan - Ayr,EON Energy,710.09,
2026-01-27,The Ship Inn - Oban,British Gas,70.43,
2026-03-26,The Anchor - Perth,Coca Cola,942.67,
28/04/2026,Fox & Hound - Hamilton,Brakes Catering,1069.95,
16/03/2026,The Ship Inn - Oban,Heineken UK,633.24,Soft Drinks
19/02/2026,White Hart - Inverness,Local Butcher,565.17,   
2026-03-05,Fox & Hound - Hamilton,DIAGEO,151.28,Utilities
22/04/2026,Fox & Hound - Hamilton,Booker Wholesale,813.39,Alcohol
1/3/2026,White Hart - Inverness,Bidfood,1130.88,
2026-01-22,Queens Head - Aberdeen,Booker Wholesale,333.63,Supplies
19/03/2026,The Ship Inn - Oban,Brakes Catering,588.91,Utilities
07/04/2026,Red Lion - Glasgow,Bidfood,385.52,Food
2026-03-16,Queens Head - Aberdeen,EON Energy,307.94,Food
4/9/2026,Fox & Hound - Hamilton,JJ Food Service,£553.82,Utilities
4/1/2026,Red Lion - Glasgow,Bidfood,850.27,
1/10/2026,Fox & Hound - Hamilton,Local Butcher,872.58,Alcohol
4/5/2026,The Crown - Stirling,DIAGEO,1192.31,Supplies
4/20/2026,Black Bull - Dundee,Local Butcher,1152.36,Soft Drinks
27/04/2026,The Swan - Ayr,EON Energy,1100.36,Utilities
12/02/2026,Kings Arms - Edinburgh,JJ Food Service,£536.10,Food
14/03/2026,Red Lion - Glasgow,Bidfood,988.76,Food
1/14/2026,Royal Oak - Paisley,BOOKER,£952.31,Food
3/28/2026,The Plough - Falkirk,DIAGEO,£938.33,Supplies
2/3/2026,The Crown - Stirling,Heineken UK,249.16,   
19/01/2026,The Ship Inn - Oban,BT PLC,964.75,Food
06/01/2026,Fox & Hound - Hamilton,Scottish Water,£240.44,Utilities
2026-03-16,The Crown - Stirling,BOOKER,424.91,Supplies
3/18/2026,Black Bull - Dundee,Heineken UK,£708.73,
2026-03-09,The Plough - Falkirk,British Gas,151.84,Supplies
4/4/2026,Royal Oak - Paisley,EON Energy,590.30,Food
2026-01-11,Black Bull - Dundee,BT PLC,810.91,   
2026-04-23,Queens Head - Aberdeen,Local Butcher,343.59,Alcohol
2/5/2026,The Ship Inn - Oban,EON Energy,475.84,
26/03/2026,Queens Head - Aberdeen,Coca Cola,1015.84,
4/6/2026,The Swan - Ayr,Diageo Ltd,695.04,Soft Drinks
1/7/2026,Fox & Hound - Hamilton,EON Energy,783.66,Food
13/02/2026,Queens Head - Aberdeen,British Gas,586.03,   
2/5/2026,The Crown - Stirling,BT PLC,814.70,Alcohol
2/14/2026,Royal Oak - Paisley,Local Butcher,1129.67,   
04/01/2026,White Hart - Inverness,Scottish Water,93.00,
2026-02-17,The Plough - Falkirk,EON Energy,348.22,
2026-03-01,The Anchor - Perth,DIAGEO,596.87,Alcohol
2026-02-18,Queens Head - Aberdeen,DIAGEO,£841.13,Supplies
01/04/2026,The Crown - Stirling,EON Energy,420.39,
2026-01-07,Queens Head - Aberdeen,Brakes Catering,429.20,Alcohol
2026-04-06,Black Bull - Dundee,DIAGEO,954.01,Supplies
05/04/2026,Fox & Hound - Hamilton,Bidfood,142.65,Soft Drinks
2026-04-27,Queens Head - Aberdeen,Diageo Ltd,£442.15,
02/04/2026,The Swan - Ayr,Coca Cola,£398.62,Alcohol
4/19/2026,Red Lion - Glasgow,Brakes Catering,942.46,   
2026-04-17,The Anchor - Perth,Brakes Catering,919.81,   
3/24/2026,White Hart - Inverness,Local Butcher,712.99,
20/01/2026,The Ship Inn - Oban,BOOKER,73.66,   
2026-04-23,The Ship Inn - Oban,EON Energy,350.48,
16/04/2026,Kings Arms - Edinburgh,Diageo Ltd,345.52,Utilities
16/01/2026,The Swan - Ayr,BT PLC,1038.25,Food
24/01/2026,Queens Head - Aberdeen,Bidfood,1037.35,   
2026-02-06,Kings Arms - Edinburgh,Bidfood,£621.00,
19/01/2026,White Hart - Inverness,Amazon Business,1081.10,
4/28/2026,Queens Head - Aberdeen,Booker Wholesale,£915.79,Utilities
3/10/2026,White Hart - Inverness,Diageo Ltd,412.27,Alcohol
13/01/2026,The Anchor - Perth,DIAGEO,881.66,Supplies
2026-02-27,The Plough - Falkirk,Amazon Business,£803.81,   
2026-03-15,The Anchor - Perth,Amazon Business,£701.10,Food
17/01/2026,The Ship Inn - Oban,Local Butcher,881.52,Supplies
4/2/2026,The Swan - Ayr,Bidfood,1223.34,Utilities
11/03/2026,The Crown - Stirling,British Gas,820.24,Utilities
27/04/2026,White Hart - Inverness,BOOKER,610.20,Food
2026-04-15,The Swan - Ayr,Brakes Catering,846.79,Utilities
10/03/2026,Fox & Hound - Hamilton,Local Butcher,949.21,   
28/01/2026,The Crown - Stirling,JJ Food Service,£371.87,Soft Drinks
2026-04-06,Red Lion - Glasgow,Booker Wholesale,636.59,Supplies
2026-04-06,The Anchor - Perth,Coca Cola,£670.96,Food
3/22/2026,The Ship Inn - Oban,JJ Food Service,£522.08,Utilities
2026-03-23,The Plough - Falkirk,Diageo Ltd,374.36,
2026-03-30,Royal Oak - Paisley,Bidfood,879.24,Utilities
2026-04-16,The Anchor - Perth,DIAGEO,259.14,
2/19/2026,The Plough - Falkirk,British Gas,961.52,Food
2026-01-01,The Ship Inn - Oban,BT PLC,835.39,
01/02/2026,Fox & Hound - Hamilton,Booker Wholesale,1132.73,Utilities
2026-04-03,Kings Arms - Edinburgh,Scottish Water,391.69,
2026-04-05,The Swan - Ayr,DIAGEO,£253.10,Alcohol
1/26/2026,Red Lion - Glasgow,BT PLC,938.50,   
2/12/2026,The Plough - Falkirk,Amazon Business,129.98,Alcohol
2026-01-23,Kings Arms - Edinburgh,Diageo Ltd,135.09,Alcohol
3/7/2026,Queens Head - Aberdeen,Local Butcher,1084.31,Soft Drinks
4/30/2026,Red Lion - Glasgow,Local Butcher,935.95,
06/03/2026,The Anchor - Perth,Coca Cola,528.06,
28/04/2026,Royal Oak - Paisley,Heineken UK,673.38,Alcohol
17/04/2026,The Anchor - Perth,Brakes Catering,749.02,Supplies
07/01/2026,White Hart - Inverness,JJ Food Service,1032.57,
2/12/2026,The Ship Inn - Oban,BOOKER,545.31,Supplies
2026-01-12,Queens Head - Aberdeen,Local Butcher,£856.54,Supplies
2026-03-31,Black Bull - Dundee,BT PLC,875.18,   
01/03/2026,The Crown - Stirling,Bidfood,427.05,Supplies
2026-02-20,Fox & Hound - Hamilton,Coca Cola,£175.15,Soft Drinks
17/01/2026,The Ship Inn - Oban,Diageo Ltd,680.62,Soft Drinks
11/02/2026,Red Lion - Glasgow,British Gas,£128.58,   
3/26/2026,White Hart - Inverness,JJ Food Service,983.32,Food
24/03/2026,Kings Arms - Edinburgh,BT PLC,650.55,Food
4/14/2026,Red Lion - Glasgow,Diageo Ltd,275.91,Supplies
25/02/2026,The Plough - Falkirk,Diageo Ltd,1191.35,
3/19/2026,The Plough - Falkirk,Amazon Business,265.93,   
4/25/2026,Fox & Hound - Hamilton,Bidfood,150.88,Soft Drinks
14/04/2026,Queens Head - Aberdeen,Booker Wholesale,378.89,   
2026-04-06,White Hart - Inverness,Amazon Business,295.20,   
1/18/2026,Kings Arms - Edinburgh,Heineken UK,164.54,Soft Drinks
02/02/2026,Royal Oak - Paisley,Bidfood,£268.81,Supplies
1/3/2026,The Plough - Falkirk,Amazon Business,379.60,Food
23/04/2026,White Hart - Inverness,DIAGEO,£1198.21,Soft Drinks
21/02/2026,The Plough - Falkirk,Amazon Business,943.89,Supplies
2026-01-25,Black Bull - Dundee,Scottish Water,420.52,
2026-02-12,White Hart - Inverness,Heineken UK,£569.20,Soft Drinks
3/29/2026,Royal Oak - Paisley,Scottish Water,797.94,Food
26/01/2026,The Anchor - Perth,Coca Cola,97.36,Supplies
4/25/2026,The Plough - Falkirk,DIAGEO,657.81,Food
27/02/2026,The Ship Inn - Oban,Brakes Catering,635.11,Food
14/04/2026,The Anchor - Perth,British Gas,890.33,Supplies
1/6/2026,The Plough - Falkirk,Coca Cola,438.92,Alcohol
2026-04-24,Royal Oak - Paisley,Bidfood,1133.56,Alcohol
1/6/2026,Kings Arms - Edinburgh,BT PLC,860.65,Utilities
4/28/2026,Red Lion - Glasgow,BOOKER,363.99,Food
2026-02-23,Fox & Hound - Hamilton,DIAGEO,627.71,   
4/1/2026,Red Lion - Glasgow,Coca Cola,719.18,Food
2026-01-27,White Hart - Inverness,Heineken UK,900.30,Utilities
2026-02-28,Fox & Hound - Hamilton,Bidfood,869.94,Alcohol
3/11/2026,The Plough - Falkirk,EON Energy,566.20,Food
30/04/2026,White Hart - Inverness,Bidfood,655.19,   
2/16/2026,The Crown - Stirling,DIAGEO,515.69,Supplies
2026-04-07,Red Lion - Glasgow,Coca Cola,120.91,Alcohol
1/12/2026,White Hart - Inverness,Amazon Business,£402.04,Food
4/17/2026,Queens Head - Aberdeen,Brakes Catering,313.81,   
2026-03-24,Kings Arms - Edinburgh,JJ Food Service,519.01,
27/04/2026,White Hart - Inverness,Booker Wholesale,679.14,   
01/01/2026,The Anchor - Perth,Brakes Catering,106.48,Alcohol
2026-03-08,The Crown - Stirling,JJ Food Service,1235.48,Alcohol
2026-02-14,The Ship Inn - Oban,Brakes Catering,1010.16,Soft Drinks
2026-04-05,The Plough - Falkirk,Coca Cola,825.18,
2026-01-12,Red Lion - Glasgow,British Gas,628.88,
1/5/2026,The Anchor - Perth,BOOKER,358.15,Soft Drinks
2026-04-28,The Anchor - Perth,JJ Food Service,253.92,Soft Drinks
2026-01-18,Royal Oak - Paisley,DIAGEO,1130.14,Utilities
2026-02-21,Queens Head - Aberdeen,BT PLC,451.46,Alcohol
2026-03-31,Royal Oak - Paisley,Bidfood,£1234.39,Food
28/01/2026,Fox & Hound - Hamilton,Coca Cola,458.16,Utilities
30/01/2026,White Hart - Inverness,Local Butcher,118.96,   
2/1/2026,The Ship Inn - Oban,Diageo Ltd,584.25,Food
2026-02-25,White Hart - Inverness,Brakes Catering,397.95,Food
20/01/2026,The Plough - Falkirk,Heineken UK,£235.46,
11/02/2026,White Hart - Inverness,Bidfood,968.10,
2026-01-11,Royal Oak - Paisley,JJ Food Service,758.47,Supplies
2/4/2026,Queens Head - Aberdeen,Scottish Water,432.38,   
2026-03-03,Fox & Hound - Hamilton,Heineken UK,815.82,Utilities
2026-03-04,Black Bull - Dundee,Bidfood,£207.87,
4/12/2026,The Anchor - Perth,BOOKER,£164.37,Supplies
2/17/2026,The Crown - Stirling,BOOKER,941.87,Alcohol
09/03/2026,Royal Oak - Paisley,DIAGEO,1209.82,Alcohol
3/16/2026,White Hart - Inverness,JJ Food Service,559.17,Alcohol
1/29/2026,White Hart - Inverness,BOOKER,1139.34,   
1/13/2026,The Anchor - Perth,JJ Food Service,504.53,Food
2026-02-11,Fox & Hound - Hamilton,EON Energy,1039.31,
2/6/2026,Queens Head - Aberdeen,Local Butcher,352.99,Supplies
12/01/2026,Fox & Hound - Hamilton,Booker Wholesale,409.72,   
13/02/2026,The Crown - Stirling,Heineken UK,£117.59,Food
07/02/2026,Fox & Hound - Hamilton,BT PLC,612.97,   
23/04/2026,The Ship Inn - Oban,Amazon Business,257.19,
2026-01-19,The Anchor - Perth,Scottish Water,£1022.52,
09/02/2026,Kings Arms - Edinburgh,Booker Wholesale,620.89,Utilities
4/5/2026,Fox & Hound - Hamilton,BT PLC,132.65,
11/03/2026,The Plough - Falkirk,BT PLC,1134.73,Utilities
2026-03-03,The Ship Inn - Oban,EON Energy,£630.37,Alcohol
24/03/2026,The Ship Inn - Oban,British Gas,343.60,Food
2026-01-25,The Swan - Ayr,DIAGEO,£911.56,
2026-03-27,The Anchor - Perth,Amazon Business,354.22,Supplies
08/03/2026,Kings Arms - Edinburgh,Bidfood,1093.57,Soft Drinks
21/03/2026,The Swan - Ayr,Booker Wholesale,£144.40,Alcohol
09/04/2026,Kings Arms - Edinburgh,JJ Food Service,£931.14,   
04/03/2026,Fox & Hound - Hamilton,Amazon Business,£967.38,   
17/01/2026,The Crown - Stirling,Coca Cola,£384.26,Soft Drinks
2/27/2026,Fox & Hound - Hamilton,JJ Food Service,£1087.41,Soft Drinks
10/02/2026,Fox & Hound - Hamilton,BT PLC,469.11,Utilities
10/02/2026,Red Lion - Glasgow,Amazon Business,217.13,Soft Drinks
3/15/2026,Royal Oak - Paisley,EON Energy,455.51,   
3/12/2026,Black Bull - Dundee,Booker Wholesale,861.67,Utilities
2026-01-04,Queens Head - Aberdeen,Scottish Water,£1169.31,Soft Drinks
17/02/2026,The Crown - Stirling,JJ Food Service,£392.87,Food
06/04/2026,Royal Oak - Paisley,BT PLC,£1057.63,Alcohol
2/28/2026,Royal Oak - Paisley,Bidfood,1009.25,Alcohol
1/3/2026,The Ship Inn - Oban,DIAGEO,1010.75,Food
23/02/2026,Black Bull - Dundee,Diageo Ltd,641.77,Food
2026-01-04,Black Bull - Dundee,Local Butcher,209.58,Utilities
2026-04-10,Royal Oak - Paisley,EON Energy,£355.85,Soft Drinks
2026-04-16,Fox & Hound - Hamilton,Coca Cola,353.31,Food
02/01/2026,The Ship Inn - Oban,Coca Cola,681.97,Soft Drinks
3/19/2026,Fox & Hound - Hamilton,Brakes Catering,726.70,Utilities
2026-04-21,The Ship Inn - Oban,BOOKER,733.62,
26/02/2026,Kings Arms - Edinburgh,Diageo Ltd,81.02,
2026-02-16,Black Bull - Dundee,Scottish Water,83.66,   
1/15/2026,White Hart - Inverness,Brakes Catering,1230.38,Soft Drinks
2026-01-08,The Anchor - Perth,Scottish Water,932.97,   
30/04/2026,Kings Arms - Edinburgh,DIAGEO,£759.40,   
4/10/2026,Red Lion - Glasgow,Bidfood,434.85,
19/04/2026,The Ship Inn - Oban,Amazon Business,648.02,Food
2026-01-21,The Crown - Stirling,Local Butcher,£123.38,Food
2026-02-15,Fox & Hound - Hamilton,Heineken UK,£1174.61,
01/01/2026,Red Lion - Glasgow,Scottish Water,£89.20,Alcohol
01/01/2026,The Swan - Ayr,Bidfood,908.88,Soft Drinks
2026-04-22,Royal Oak - Paisley,Brakes Catering,284.15,   
04/04/2026,Royal Oak - Paisley,JJ Food Service,529.11,
1/13/2026,The Anchor - Perth,Coca Cola,£662.57,Food
2026-04-14,Royal Oak - Paisley,Heineken UK,121.45,Alcohol
2026-02-22,Kings Arms - Edinburgh,EON Energy,620.31,Alcohol
2026-02-13,Queens Head - Aberdeen,JJ Food Service,203.15,   
2/2/2026,Black Bull - Dundee,Booker Wholesale,693.47,   
2026-03-27,The Plough - Falkirk,Scottish Water,770.82,Food
05/01/2026,Queens Head - Aberdeen,Booker Wholesale,505.89,   
2026-03-05,Red Lion - Glasgow,Heineken UK,£525.68,   
3/5/2026,Red Lion - Glasgow,British Gas,£960.82,
28/04/2026,The Crown - Stirling,DIAGEO,225.09,Utilities
20/01/2026,The Swan - Ayr,Coca Cola,980.58,Soft Drinks
2026-04-05,Red Lion - Glasgow,Local Butcher,£862.72,Supplies
19/04/2026,Queens Head - Aberdeen,EON Energy,572.01,Soft Drinks
3/25/2026,The Plough - Falkirk,DIAGEO,£166.14,
12/04/2026,The Ship Inn - Oban,British Gas,397.13,   
09/04/2026,The Ship Inn - Oban,Brakes Catering,234.37,
2026-01-24,The Plough - Falkirk,Bidfood,1094.97,Alcohol
11/02/2026,Queens Head - Aberdeen,Brakes Catering,626.53,Utilities
2026-04-15,The Anchor - Perth,Scottish Water,139.09,Alcohol
16/02/2026,The Crown - Stirling,JJ Food Service,770.38,Utilities
27/01/2026,Royal Oak - Paisley,Heineken UK,683.06,
2026-03-02,Queens Head - Aberdeen,Local Butcher,504.89,   
26/01/2026,The Anchor - Perth,Bidfood,829.47,
2026-03-06,The Anchor - Perth,Amazon Business,309.34,Supplies
03/01/2026,Fox & Hound - Hamilton,BT PLC,965.00,Food
07/04/2026,White Hart - Inverness,Diageo Ltd,1202.85,Soft Drinks
26/04/2026,The Crown - Stirling,EON Energy,459.17,Alcohol
23/02/2026,The Ship Inn - Oban,DIAGEO,167.99,Utilities
1/1/2026,Fox & Hound - Hamilton,Booker Wholesale,210.76,   
24/03/2026,The Ship Inn - Oban,EON Energy,£550.70,Food
2026-01-28,The Crown - Stirling,Heineken UK,178.59,Alcohol
2026-04-02,Fox & Hound - Hamilton,JJ Food Service,754.00,
2026-02-06,Royal Oak - Paisley,Brakes Catering,£941.22,Supplies
20/02/2026,White Hart - Inverness,Scottish Water,734.07,Utilities
2/17/2026,The Plough - Falkirk,Coca Cola,208.33,   
2026-01-29,Red Lion - Glasgow,Local Butcher,379.49,Food
15/01/2026,Kings Arms - Edinburgh,BOOKER,428.21,Supplies
3/19/2026,The Plough - Falkirk,EON Energy,£178.22,Utilities
4/4/2026,The Ship Inn - Oban,Local Butcher,321.13,   
25/04/2026,The Ship Inn - Oban,JJ Food Service,630.13,   
2026-02-01,Queens Head - Aberdeen,BT PLC,671.73,Alcohol
02/01/2026,The Anchor - Perth,Amazon Business,695.28,   
2026-02-19,Fox & Hound - Hamilton,Bidfood,841.71,Utilities
2026-03-24,The Swan - Ayr,DIAGEO,£970.45,Supplies
2026-01-25,The Crown - Stirling,DIAGEO,£1214.05,Supplies
09/01/2026,The Ship Inn - Oban,EON Energy,£462.12,   
2026-02-11,The Anchor - Perth,BOOKER,£61.05,Utilities
29/01/2026,Royal Oak - Paisley,Brakes Catering,778.07,Alcohol
2026-01-06,Red Lion - Glasgow,Coca Cola,£781.53,   
15/04/2026,Fox & Hound - Hamilton,DIAGEO,£497.33,Alcohol
1/23/2026,Black Bull - Dundee,Amazon Business,890.16,Supplies
1/1/2026,The Anchor - Perth,DIAGEO,939.68,
07/01/2026,The Plough - Falkirk,British Gas,561.72,Utilities
2026-03-11,The Ship Inn - Oban,Coca Cola,813.64,Food
26/04/2026,Royal Oak - Paisley,JJ Food Service,428.24,Alcohol
3/5/2026,Queens Head - Aberdeen,Diageo Ltd,616.99,
2026-03-02,Black Bull - Dundee,Scottish Water,1131.41,Supplies
2026-04-10,The Ship Inn - Oban,BOOKER,233.39,Food
03/02/2026,Kings Arms - Edinburgh,Booker Wholesale,975.80,   
2/27/2026,The Anchor - Perth,Diageo Ltd,613.06,Utilities
2026-04-24,Royal Oak - Paisley,Bidfood,£273.74,Utilities
30/01/2026,Royal Oak - Paisley,BOOKER,£108.57,Food
2026-01-21,The Ship Inn - Oban,Local Butcher,375.85,
2026-04-06,Royal Oak - Paisley,BOOKER,395.81,
1/25/2026,Queens Head - Aberdeen,Amazon Business,£414.95,Alcohol
3/17/2026,The Anchor - Perth,EON Energy,395.79,
01/01/2026,The Swan - Ayr,DIAGEO,1201.19,Soft Drinks
1/4/2026,The Crown - Stirling,EON Energy,1085.01,Supplies
2026-04-12,Queens Head - Aberdeen,Booker Wholesale,493.81,Supplies
20/01/2026,White Hart - Inverness,JJ Food Service,865.13,Supplies
2/7/2026,The Plough - Falkirk,JJ Food Service,129.94,
1/10/2026,Black Bull - Dundee,Local Butcher,746.20,
1/17/2026,White Hart - Inverness,Amazon Business,150.31,
13/01/2026,The Ship Inn - Oban,Amazon Business,1230.11,Utilities
08/03/2026,The Anchor - Perth,British Gas,566.32,Alcohol
2026-04-21,The Crown - Stirling,Amazon Business,£571.76,Soft Drinks
2026-04-16,Kings Arms - Edinburgh,Bidfood,606.67,Supplies
2026-01-21,Fox & Hound - Hamilton,Local Butcher,153.82,
1/22/2026,Fox & Hound - Hamilton,Coca Cola,191.64,
2026-02-15,Red Lion - Glasgow,Heineken UK,720.59,
4/30/2026,Red Lion - Glasgow,BT PLC,803.41,Utilities
2/19/2026,Fox & Hound - Hamilton,Local Butcher,408.98,   
2/3/2026,Fox & Hound - Hamilton,EON Energy,818.86,
2026-01-16,Queens Head - Aberdeen,Booker Wholesale,573.38,
15/04/2026,Royal Oak - Paisley,Coca Cola,495.89,Food
27/02/2026,Queens Head - Aberdeen,British Gas,£1015.06,   
1/16/2026,The Swan - Ayr,Bidfood,£1082.32,
4/4/2026,The Anchor - Perth,EON Energy,781.99,
4/13/2026,Queens Head - Aberdeen,Coca Cola,£420.22,Food
1/25/2026,The Crown - Stirling,BT PLC,894.13,Supplies
2/20/2026,Fox & Hound - Hamilton,British Gas,115.49,Alcohol
4/13/2026,The Swan - Ayr,Heineken UK,£777.68,
29/04/2026,White Hart - Inverness,BOOKER,560.68,Soft Drinks
27/03/2026,The Ship Inn - Oban,Heineken UK,1099.71,Alcohol
1/18/2026,Royal Oak - Paisley,Amazon Business,1020.29,Alcohol
1/19/2026,The Ship Inn - Oban,Coca Cola,67.71,Alcohol
24/03/2026,The Plough - Falkirk,Coca Cola,938.65,   
3/25/2026,The Ship Inn - Oban,Bidfood,822.37,Food
2026-02-01,Black Bull - Dundee,Bidfood,1015.41,Soft Drinks
1/24/2026,Fox & Hound - Hamilton,Brakes Catering,76.50,
3/29/2026,Fox & Hound - Hamilton,BOOKER,438.34,Soft Drinks
11/03/2026,Queens Head - Aberdeen,JJ Food Service,597.08,   
02/04/2026,The Crown - Stirling,British Gas,192.34,Supplies
19/03/2026,Fox & Hound - Hamilton,DIAGEO,1221.97,Alcohol
06/04/2026,Red Lion - Glasgow,Booker Wholesale,389.70,   
16/03/2026,The Anchor - Perth,Brakes Catering,327.58,
2026-04-15,The Swan - Ayr,Amazon Business,194.10,
01/04/2026,The Swan - Ayr,JJ Food Service,949.94,Utilities
09/03/2026,Queens Head - Aberdeen,DIAGEO,184.11,
2026-03-19,The Crown - Stirling,British Gas,£961.65,   
2026-01-13,Red Lion - Glasgow,British Gas,794.32,Supplies
30/01/2026,Red Lion - Glasgow,Booker Wholesale,523.93,Supplies
2/26/2026,Royal Oak - Paisley,DIAGEO,181.45,Soft Drinks
2026-02-13,White Hart - Inverness,BT PLC,946.08,Soft Drinks
2026-04-25,Black Bull - Dundee,Diageo Ltd,1222.18,Soft Drinks
2026-03-20,The Swan - Ayr,DIAGEO,£896.32,
4/6/2026,Queens Head - Aberdeen,British Gas,£1020.16,Alcohol
2026-02-12,Queens Head - Aberdeen,BT PLC,360.57,   
02/02/2026,The Ship Inn - Oban,Diageo Ltd,824.39,
28/01/2026,Fox & Hound - Hamilton,British Gas,936.88,Supplies
4/29/2026,Royal Oak - Paisley,DIAGEO,645.16,Supplies
2/6/2026,Royal Oak - Paisley,Diageo Ltd,840.47,Food
4/8/2026,Red Lion - Glasgow,Local Butcher,595.71,Utilities
2026-01-04,The Ship Inn - Oban,Bidfood,1143.00,Supplies
1/3/2026,The Ship Inn - Oban,BOOKER,183.13,Soft Drinks
4/1/2026,Red Lion - Glasgow,BT PLC,£648.71,Food
3/16/2026,Queens Head - Aberdeen,Booker Wholesale,£1105.05,
4/12/2026,Black Bull - Dundee,Diageo Ltd,626.00,   
1/3/2026,Red Lion - Glasgow,Heineken UK,961.45,Alcohol
29/01/2026,The Crown - Stirling,Local Butcher,828.44,   
1/6/2026,Queens Head - Aberdeen,Scottish Water,924.91,Food
1/11/2026,Queens Head - Aberdeen,Local Butcher,1146.04,Supplies
2026-03-05,The Anchor - Perth,DIAGEO,803.77,
1/20/2026,Fox & Hound - Hamilton,EON Energy,1153.81,Soft Drinks
2026-04-22,The Swan - Ayr,British Gas,583.86,Alcohol
03/02/2026,The Anchor - Perth,Heineken UK,552.01,   
2026-02-26,The Plough - Falkirk,Booker Wholesale,104.30,   
21/04/2026,The Ship Inn - Oban,EON Energy,1022.05,Soft Drinks
09/02/2026,The Swan - Ayr,Amazon Business,1079.56,   
2026-03-15,The Plough - Falkirk,BOOKER,599.34,Utilities
2026-01-14,The Anchor - Perth,DIAGEO,60.83,   
2026-01-07,The Crown - Stirling,Booker Wholesale,952.73,   
2/9/2026,Royal Oak - Paisley,BOOKER,110.97,
2026-01-04,Red Lion - Glasgow,British Gas,465.22,Utilities
1/21/2026,The Plough - Falkirk,Booker Wholesale,180.12,Alcohol
13/04/2026,Red Lion - Glasgow,JJ Food Service,120.52,   
1/1/2026,Kings Arms - Edinburgh,EON Energy,£1147.11,Utilities
1/31/2026,The Plough - Falkirk,Scottish Water,241.43,   
1/9/2026,Queens Head - Aberdeen,Booker Wholesale,1158.65,
16/04/2026,White Hart - Inverness,Brakes Catering,546.78,
1/18/2026,Kings Arms - Edinburgh,Bidfood,622.22,   
04/04/2026,Black Bull - Dundee,Local Butcher,1149.34,Alcohol
03/02/2026,The Crown - Stirling,Booker Wholesale,560.55,   
2/15/2026,The Anchor - Perth,Diageo Ltd,£398.54,Utilities
2026-04-18,The Plough - Falkirk,British Gas,75.37,Soft Drinks
09/02/2026,Black Bull - Dundee,Heineken UK,£891.57,   
1/18/2026,The Plough - Falkirk,DIAGEO,618.61,Alcohol
4/10/2026,The Swan - Ayr,Booker Wholesale,773.20,Alcohol
4/8/2026,The Swan - Ayr,Scottish Water,918.31,
2026-01-26,Red Lion - Glasgow,Local Butcher,872.91,Alcohol
2026-03-14,The Crown - Stirling,Heineken UK,840.77,Utilities
2/15/2026,Fox & Hound - Hamilton,BOOKER,1201.89,Supplies
21/03/2026,Kings Arms - Edinburgh,Brakes Catering,£269.43,Supplies
22/01/2026,The Swan - Ayr,JJ Food Service,945.10,Food
2/7/2026,The Crown - Stirling,DIAGEO,153.78,
07/01/2026,Black Bull - Dundee,JJ Food Service,1158.15,Soft Drinks
4/9/2026,The Ship Inn - Oban,Bidfood,£93.39,
3/12/2026,The Ship Inn - Oban,Bidfood,£361.94,Food
02/04/2026,White Hart - Inverness,DIAGEO,464.98,Food
02/04/2026,White Hart - Inverness,Heineken UK,198.11,Alcohol
2/23/2026,Red Lion - Glasgow,DIAGEO,1105.23,Alcohol
2026-03-28,White Hart - Inverness,JJ Food Service,480.69,Utilities
04/01/2026,The Crown - Stirling,BOOKER,672.53,Supplies
2026-04-14,White Hart - Inverness,Local Butcher,534.86,   
20/03/2026,The Ship Inn - Oban,British Gas,1240.37,Utilities
31/01/2026,Queens Head - Aberdeen,Heineken UK,759.80,Food
08/03/2026,Kings Arms - Edinburgh,British Gas,642.32,Alcohol
08/02/2026,The Anchor - Perth,Brakes Catering,491.00,Food
28/01/2026,The Anchor - Perth,Local Butcher,849.42,   
1/19/2026,White Hart - Inverness,EON Energy,655.49,Food
05/01/2026,The Swan - Ayr,Amazon Business,197.62,Supplies
16/04/2026,Kings Arms - Edinburgh,Heineken UK,£623.42,Supplies
15/01/2026,The Crown - Stirling,BT PLC,1225.50,Food
2026-02-09,The Swan - Ayr,Diageo Ltd,£1099.99,Alcohol
2026-03-23,White Hart - Inverness,Coca Cola,1121.54,Alcohol
12/03/2026,Fox & Hound - Hamilton,Scottish Water,£1157.50,Soft Drinks
2026-01-25,The Plough - Falkirk,Heineken UK,1244.85,Supplies
2026-04-15,The Anchor - Perth,BOOKER,833.20,
30/03/2026,Queens Head - Aberdeen,BOOKER,295.19,Utilities
2026-04-14,The Ship Inn - Oban,BOOKER,£222.49,Supplies
4/30/2026,The Anchor - Perth,Bidfood,635.73,Alcohol
19/02/2026,Fox & Hound - Hamilton,BOOKER,342.55,Alcohol
2026-02-26,The Crown - Stirling,Diageo Ltd,472.15,Soft Drinks
2026-04-15,Fox & Hound - Hamilton,BOOKER,298.04,
26/03/2026,The Anchor - Perth,Amazon Business,£424.94,   
1/15/2026,The Swan - Ayr,DIAGEO,268.22,Soft Drinks
2026-04-03,The Anchor - Perth,JJ Food Service,1141.08,
4/8/2026,Fox & Hound - Hamilton,BT PLC,694.23,Soft Drinks
03/01/2026,Black Bull - Dundee,Brakes Catering,£832.96,
2026-04-11,Black Bull - Dundee,British Gas,1174.05,Utilities
2/6/2026,Fox & Hound - Hamilton,Local Butcher,£809.19,Supplies
10/02/2026,The Ship Inn - Oban,BT PLC,1060.78,Food
04/04/2026,Kings Arms - Edinburgh,Coca Cola,830.19,Food
11/04/2026,The Anchor - Perth,DIAGEO,70.95,Food
1/18/2026,Kings Arms - Edinburgh,Brakes Catering,55.36,
15/04/2026,Kings Arms - Edinburgh,DIAGEO,476.17,   
2026-02-05,The Anchor - Perth,BT PLC,£1243.07,Soft Drinks
2026-01-30,Queens Head - Aberdeen,Booker Wholesale,1190.83,Soft Drinks
27/04/2026,Black Bull - Dundee,Heineken UK,£225.93,Soft Drinks
4/13/2026,White Hart - Inverness,Diageo Ltd,£620.58,
2/26/2026,Black Bull - Dundee,Booker Wholesale,196.85,   
2026-01-10,Queens Head - Aberdeen,JJ Food Service,£712.90,Utilities
1/24/2026,Royal Oak - Paisley,DIAGEO,1170.44,Alcohol
2026-03-08,The Crown - Stirling,British Gas,1217.53,Alcohol
30/04/2026,Fox & Hound - Hamilton,DIAGEO,357.53,   
2026-01-16,Royal Oak - Paisley,Local Butcher,£327.58,Food
2/17/2026,Kings Arms - Edinburgh,DIAGEO,382.66,Supplies
20/04/2026,Queens Head - Aberdeen,Booker Wholesale,65.87,
2026-01-12,Red Lion - Glasgow,Amazon Business,376.97,Supplies
23/03/2026,The Anchor - Perth,Diageo Ltd,274.15,
1/31/2026,The Swan - Ayr,JJ Food Service,366.49,
17/01/2026,The Swan - Ayr,Diageo Ltd,868.16,Utilities
3/26/2026,Queens Head - Aberdeen,Bidfood,793.87,Food
2/12/2026,Queens Head - Aberdeen,DIAGEO,234.64,Soft Drinks
19/04/2026,Fox & Hound - Hamilton,BOOKER,379.08,   
2/17/2026,Black Bull - Dundee,Diageo Ltd,£893.05,Supplies
2026-02-28,Fox & Hound - Hamilton,BT PLC,£542.72,Soft Drinks
17/01/2026,Red Lion - Glasgow,BT PLC,1061.53,
3/31/2026,White Hart - Inverness,Amazon Business,375.30,
1/5/2026,The Plough - Falkirk,EON Energy,£887.02,   
1/2/2026,The Ship Inn - Oban,DIAGEO,786.55,Alcohol
2026-03-02,Kings Arms - Edinburgh,EON Energy,1196.73,
1/7/2026,The Crown - Stirling,Heineken UK,437.68,   
2026-04-08,White Hart - Inverness,DIAGEO,309.73,Food
26/02/2026,Black Bull - Dundee,Bidfood,1189.92,   
3/7/2026,Red Lion - Glasgow,BOOKER,£138.61,Soft Drinks
2026-01-03,White Hart - Inverness,Coca Cola,138.49,Food
09/02/2026,The Plough - Falkirk,British Gas,470.10,Alcohol
07/03/2026,Queens Head - Aberdeen,BOOKER,£1211.41,Supplies
2026-03-21,Red Lion - Glasgow,BOOKER,93.98,Food
19/01/2026,The Anchor - Perth,Amazon Business,118.14,
2026-02-25,Red Lion - Glasgow,BOOKER,957.23,Supplies
1/22/2026,The Anchor - Perth,BOOKER,1217.95,Utilities
2026-04-27,Black Bull - Dundee,Brakes Catering,£311.63,   
1/26/2026,The Ship Inn - Oban,BT PLC,967.58,   
3/12/2026,Kings Arms - Edinburgh,Brakes Catering,447.25,
2026-02-16,The Plough - Falkirk,DIAGEO,709.26,Food
06/03/2026,Royal Oak - Paisley,Coca Cola,66.33,Utilities
2/24/2026,The Ship Inn - Oban,DIAGEO,£893.89,Supplies
2/28/2026,Kings Arms - Edinburgh,Coca Cola,1191.60,
13/04/2026,White Hart - Inverness,Coca Cola,396.76,Utilities
20/02/2026,The Anchor - Perth,JJ Food Service,£394.20,Utilities
1/4/2026,The Plough - Falkirk,Brakes Catering,1242.77,Soft Drinks
27/02/2026,The Swan - Ayr,British Gas,306.08,Utilities
16/02/2026,Queens Head - Aberdeen,BOOKER,583.33,Supplies
2026-04-03,The Plough - Falkirk,BOOKER,456.17,   
22/04/2026,Royal Oak - Paisley,EON Energy,1201.10,Food
19/02/2026,The Crown - Stirling,EON Energy,£632.89,Supplies
2/19/2026,The Anchor - Perth,EON Energy,881.64,Supplies
19/04/2026,The Ship Inn - Oban,Amazon Business,1039.63,   
02/01/2026,Queens Head - Aberdeen,DIAGEO,£791.26,   
18/03/2026,Fox & Hound - Hamilton,Local Butcher,312.29,
1/11/2026,The Ship Inn - Oban,Amazon Business,£230.97,Food
3/13/2026,The Crown - Stirling,Bidfood,296.07,
14/04/2026,Red Lion - Glasgow,BT PLC,£525.88,
3/31/2026,The Crown - Stirling,Diageo Ltd,283.16,Soft Drinks
2026-03-08,White Hart - Inverness,EON Energy,440.70,Supplies
16/02/2026,Red Lion - Glasgow,DIAGEO,1066.53,
3/16/2026,The Crown - Stirling,BT PLC,£355.27,
07/02/2026,Kings Arms - Edinburgh,DIAGEO,£891.01,Supplies
2026-02-19,Queens Head - Aberdeen,EON Energy,1183.05,Alcohol
3/8/2026,Kings Arms - Edinburgh,DIAGEO,671.03,Utilities
16/01/2026,Queens Head - Aberdeen,Amazon Business,1175.12,
25/03/2026,The Anchor - Perth,Coca Cola,£1131.28,Supplies
25/04/2026,White Hart - Inverness,Bidfood,751.31,Utilities
2026-02-10,The Anchor - Perth,DIAGEO,1138.16,Alcohol
05/03/2026,The Crown - Stirling,Heineken UK,777.92,   
3/29/2026,Black Bull - Dundee,Booker Wholesale,1124.73,Utilities
14/04/2026,The Swan - Ayr,Heineken UK,238.89,Supplies
01/04/2026,The Swan - Ayr,JJ Food Service,927.03,
3/19/2026,The Plough - Falkirk,British Gas,259.55,Utilities
3/11/2026,Black Bull - Dundee,JJ Food Service,734.31,Utilities
2026-04-09,The Plough - Falkirk,Coca Cola,785.49,Soft Drinks
3/19/2026,The Swan - Ayr,Scottish Water,355.60,   
2026-01-09,The Swan - Ayr,EON Energy,622.18,
28/03/2026,White Hart - Inverness,Brakes Catering,815.89,
08/03/2026,White Hart - Inverness,EON Energy,125.55,
3/1/2026,Fox & Hound - Hamilton,Heineken UK,253.34,Food
03/02/2026,Royal Oak - Paisley,BOOKER,392.99,Supplies
03/01/2026,The Plough - Falkirk,Heineken UK,349.18,Supplies
1/1/2026,White Hart - Inverness,Amazon Business,424.62,Supplies
3/29/2026,Kings Arms - Edinburgh,BOOKER,778.16,Utilities
2026-04-12,The Plough - Falkirk,Booker Wholesale,1046.46,Utilities
1/15/2026,The Ship Inn - Oban,BOOKER,1227.46,Food
09/01/2026,The Anchor - Perth,BOOKER,459.41,   
2026-01-16,Royal Oak - Paisley,Brakes Catering,£888.23,
2026-03-28,Fox & Hound - Hamilton,Heineken UK,1163.80,Food
3/19/2026,Fox & Hound - Hamilton,BOOKER,410.05,Supplies
26/03/2026,The Anchor - Perth,EON Energy,1222.52,   
2026-03-29,The Ship Inn - Oban,Brakes Catering,£557.86,Utilities
2/17/2026,Fox & Hound - Hamilton,Heineken UK,977.10,Alcohol
4/6/2026,Fox & Hound - Hamilton,Heineken UK,605.40,Food
14/03/2026,Fox & Hound - Hamilton,Brakes Catering,747.55,Alcohol
04/04/2026,Fox & Hound - Hamilton,Bidfood,£393.99,   
2026-04-29,The Plough - Falkirk,DIAGEO,1164.53,   
26/04/2026,The Crown - Stirling,BOOKER,562.12,Alcohol
07/01/2026,The Plough - Falkirk,British Gas,763.09,Soft Drinks
2026-01-30,Red Lion - Glasgow,BT PLC,1025.57,Soft Drinks
2026-03-14,White Hart - Inverness,British Gas,£1045.20,
1/20/2026,Royal Oak - Paisley,Diageo Ltd,£533.12,Supplies
3/28/2026,White Hart - Inverness,Coca Cola,978.63,Utilities
08/01/2026,Red Lion - Glasgow,Diageo Ltd,94.59,Utilities
08/04/2026,The Crown - Stirling,Amazon Business,585.26,
2026-04-25,White Hart - Inverness,EON Energy,348.63,Alcohol
09/02/2026,White Hart - Inverness,Bidfood,585.56,Supplies
2/1/2026,The Ship Inn - Oban,JJ Food Service,1199.69,Utilities
13/02/2026,The Plough - Falkirk,Bidfood,1210.76,Utilities
4/25/2026,The Swan - Ayr,British Gas,260.73,Supplies
2026-03-19,Black Bull - Dundee,Amazon Business,1101.46,Soft Drinks
2026-01-07,The Anchor - Perth,Scottish Water,849.66,
25/02/2026,Red Lion - Glasgow,Coca Cola,243.02,
05/02/2026,The Swan - Ayr,JJ Food Service,696.64,Utilities
1/10/2026,White Hart - Inverness,Bidfood,£762.82,
2/9/2026,Royal Oak - Paisley,Scottish Water,974.44,
2/16/2026,The Ship Inn - Oban,Brakes Catering,941.65,   
2026-01-02,Black Bull - Dundee,BT PLC,£1044.37,Supplies
3/28/2026,Queens Head - Aberdeen,Heineken UK,592.32,   
30/03/2026,Red Lion - Glasgow,Diageo Ltd,665.08,Food
2026-01-21,Fox & Hound - Hamilton,Booker Wholesale,1118.62,Soft Drinks
08/03/2026,The Plough - Falkirk,EON Energy,£481.38,Soft Drinks
2026-03-25,Fox & Hound - Hamilton,EON Energy,£748.48,Soft Drinks
07/02/2026,The Plough - Falkirk,Local Butcher,551.51,Alcohol
2026-01-12,Red Lion - Glasgow,Local Butcher,946.48,
2026-03-01,Royal Oak - Paisley,BT PLC,572.22,Supplies
2026-02-27,Royal Oak - Paisley,Bidfood,£672.66,Soft Drinks
2/13/2026,White Hart - Inverness,Coca Cola,661.05,Alcohol
3/26/2026,Queens Head - Aberdeen,Amazon Business,487.60,Supplies
4/8/2026,Black Bull - Dundee,Booker Wholesale,100.34,Utilities
13/04/2026,Red Lion - Glasgow,Brakes Catering,731.72,Soft Drinks
3/24/2026,The Plough - Falkirk,Booker Wholesale,£179.79,Soft Drinks
1/4/2026,The Plough - Falkirk,Coca Cola,952.38,   
2026-02-10,Fox & Hound - Hamilton,Coca Cola,771.77,   
08/03/2026,Fox & Hound - Hamilton,Amazon Business,£944.38,Soft Drinks
2026-01-18,Royal Oak - Paisley,Coca Cola,1158.09,Food
2/12/2026,The Ship Inn - Oban,BOOKER,750.27,   
1/8/2026,The Ship Inn - Oban,Diageo Ltd,957.27,Utilities
22/02/2026,The Ship Inn - Oban,British Gas,691.43,   
2026-04-24,Red Lion - Glasgow,Heineken UK,136.22,Food
03/04/2026,The Swan - Ayr,EON Energy,£82.13,Food
4/30/2026,White Hart - Inverness,Diageo Ltd,225.69,   
4/5/2026,Queens Head - Aberdeen,Heineken UK,£330.63,Alcohol
2026-01-05,The Anchor - Perth,Diageo Ltd,957.21,Utilities
2026-03-20,Black Bull - Dundee,Local Butcher,1186.07,Food
4/21/2026,The Plough - Falkirk,Amazon Business,£66.15,Food
3/11/2026,Royal Oak - Paisley,Heineken UK,358.84,   
1/22/2026,The Ship Inn - Oban,Local Butcher,£1144.76,   
4/6/2026,Royal Oak - Paisley,Heineken UK,803.99,Supplies
19/03/2026,White Hart - Inverness,British Gas,937.15,Alcohol
26/03/2026,Queens Head - Aberdeen,Diageo Ltd,1087.25,Alcohol
02/03/2026,Royal Oak - Paisley,Bidfood,341.91,Food
2026-03-23,The Swan - Ayr,Brakes Catering,1241.27,Utilities
3/24/2026,The Anchor - Perth,DIAGEO,£1212.77,   
01/04/2026,The Ship Inn - Oban,Scottish Water,665.53,   
2026-04-14,Queens Head - Aberdeen,Local Butcher,£441.12,
3/9/2026,Black Bull - Dundee,BOOKER,158.28,Alcohol
1/22/2026,White Hart - Inverness,Coca Cola,£988.34,Supplies
2026-03-16,The Swan - Ayr,Booker Wholesale,918.45,Alcohol
1/24/2026,Red Lion - Glasgow,DIAGEO,1094.48,   
16/04/2026,Royal Oak - Paisley,Heineken UK,228.41,Alcohol
2026-04-25,The Anchor - Perth,DIAGEO,63.68,Supplies
2026-04-02,The Anchor - Perth,Diageo Ltd,341.75,Food
2026-01-09,The Crown - Stirling,Brakes Catering,£568.75,
2026-03-19,The Ship Inn - Oban,BOOKER,466.06,   
2/16/2026,Black Bull - Dundee,British Gas,976.03,Soft Drinks
2026-01-15,Royal Oak - Paisley,JJ Food Service,246.63,   
1/9/2026,Red Lion - Glasgow,JJ Food Service,£1232.48,
2026-04-04,The Anchor - Perth,Amazon Business,293.27,
3/28/2026,The Swan - Ayr,Booker Wholesale,187.60,Utilities
24/04/2026,The Swan - Ayr,Scottish Water,210.23,Food
4/21/2026,Black Bull - Dundee,Amazon Business,1107.32,Food
2026-01-29,Kings Arms - Edinburgh,Scottish Water,55.42,Utilities
3/23/2026,Black Bull - Dundee,Booker Wholesale,192.35,Food
4/1/2026,Royal Oak - Paisley,Heineken UK,1006.27,
2/22/2026,Red Lion - Glasgow,Booker Wholesale,1021.93,Food
30/04/2026,Royal Oak - Paisley,Diageo Ltd,£523.23,   
2/25/2026,White Hart - Inverness,Heineken UK,1064.72,Utilities
25/02/2026,The Plough - Falkirk,BT PLC,766.48,Soft Drinks
1/26/2026,The Crown - Stirling,Amazon Business,590.22,
20/01/2026,White Hart - Inverness,Scottish Water,201.97,Soft Drinks
2026-03-06,The Swan - Ayr,British Gas,1129.26,Soft Drinks
2026-01-16,Queens Head - Aberdeen,BT PLC,626.62,   
1/29/2026,Kings Arms - Edinburgh,Bidfood,£90.54,
2026-04-28,The Swan - Ayr,Coca Cola,£276.65,Soft Drinks
1/26/2026,The Plough - Falkirk,Heineken UK,106.30,Soft Drinks
4/16/2026,White Hart - Inverness,Local Butcher,764.02,
2026-01-08,Red Lion - Glasgow,Diageo Ltd,1101.03,   
2/6/2026,Fox & Hound - Hamilton,British Gas,188.97,Alcohol
2026-03-09,The Swan - Ayr,BT PLC,229.66,Supplies
3/31/2026,The Crown - Stirling,Heineken UK,186.56,   
1/9/2026,Red Lion - Glasgow,Brakes Catering,202.47,
3/8/2026,Queens Head - Aberdeen,British Gas,880.02,Soft Drinks
4/21/2026,Black Bull - Dundee,JJ Food Service,905.19,
1/5/2026,The Ship Inn - Oban,Coca Cola,707.99,Alcohol
03/03/2026,The Swan - Ayr,JJ Food Service,£1124.32,Alcohol
4/2/2026,Fox & Hound - Hamilton,BT PLC,1138.05,Alcohol
4/8/2026,Royal Oak - Paisley,Coca Cola,644.25,Food
1/25/2026,Kings Arms - Edinburgh,Booker Wholesale,1084.14,Food
2026-03-03,White Hart - Inverness,Scottish Water,1143.98,Alcohol
2026-04-12,White Hart - Inverness,JJ Food Service,906.74,
1/10/2026,White Hart - Inverness,Scottish Water,576.87,
2026-03-19,The Anchor - Perth,Booker Wholesale,812.41,
26/03/2026,The Plough - Falkirk,Bidfood,£1068.08,   
2/9/2026,The Plough - Falkirk,EON Energy,139.57,   
13/03/2026,The Swan - Ayr,JJ Food Service,1124.40,   
2026-03-07,The Anchor - Perth,BT PLC,£94.19,   
07/04/2026,The Ship Inn - Oban,Brakes Catering,350.34,Supplies
2026-03-23,The Crown - Stirling,Booker Wholesale,385.05,Utilities
3/1/2026,Fox & Hound - Hamilton,Booker Wholesale,508.94,
3/8/2026,Black Bull - Dundee,JJ Food Service,£864.03,Alcohol
2026-02-28,Queens Head - Aberdeen,British Gas,434.86,   
2026-03-23,Kings Arms - Edinburgh,Bidfood,811.60,Alcohol
2/22/2026,Fox & Hound - Hamilton,Diageo Ltd,686.64,   
25/01/2026,The Ship Inn - Oban,Bidfood,653.34,Alcohol
2026-04-06,The Ship Inn - Oban,Heineken UK,1019.03,Food
3/17/2026,Royal Oak - Paisley,Amazon Business,669.56,Alcohol
2/26/2026,The Swan - Ayr,EON Energy,1182.11,   
2026-03-11,The Anchor - Perth,Booker Wholesale,1101.88,Alcohol
2026-02-02,Royal Oak - Paisley,British Gas,666.18,Soft Drinks
2026-04-08,Queens Head - Aberdeen,Booker Wholesale,989.65,   
04/01/2026,Black Bull - Dundee,Heineken UK,829.30,
04/02/2026,Royal Oak - Paisley,Heineken UK,271.73,Supplies
3/9/2026,Royal Oak - Paisley,DIAGEO,641.11,Supplies
04/04/2026,The Plough - Falkirk,Amazon Business,942.55,Soft Drinks
2026-03-22,Royal Oak - Paisley,Heineken UK,948.40,
3/24/2026,The Crown - Stirling,Coca Cola,£1183.32,Food
2026-03-13,Kings Arms - Edinburgh,JJ Food Service,290.25,Supplies
11/04/2026,The Ship Inn - Oban,Bidfood,260.15,
05/02/2026,Black Bull - Dundee,Diageo Ltd,£418.85,Food
23/03/2026,Royal Oak - Paisley,Amazon Business,835.37,Supplies
3/14/2026,White Hart - Inverness,Booker Wholesale,767.43,
2026-03-30,Red Lion - Glasgow,DIAGEO,624.84,Supplies
1/20/2026,Royal Oak - Paisley,BT PLC,533.47,   
2/5/2026,Fox & Hound - Hamilton,Brakes Catering,1156.68,Alcohol
4/1/2026,Kings Arms - Edinburgh,JJ Food Service,886.72,Soft Drinks
27/01/2026,Red Lion - Glasgow,EON Energy,290.56,   
2/24/2026,Royal Oak - Paisley,Amazon Business,1111.09,Soft Drinks
3/21/2026,Red Lion - Glasgow,Diageo Ltd,£570.06,   
2026-02-16,The Ship Inn - Oban,Bidfood,600.28,Food
2026-04-25,White Hart - Inverness,Booker Wholesale,613.11,Food
2026-04-19,Black Bull - Dundee,JJ Food Service,253.92,Soft Drinks
2026-03-10,Kings Arms - Edinburgh,Brakes Catering,1062.81,   
01/04/2026,White Hart - Inverness,BOOKER,215.75,Food
25/02/2026,The Anchor - Perth,Heineken UK,593.16,Utilities
2/28/2026,Queens Head - Aberdeen,JJ Food Service,535.24,Utilities
3/13/2026,Black Bull - Dundee,British Gas,302.09,Utilities
22/03/2026,The Anchor - Perth,Booker Wholesale,458.17,
2026-03-14,Queens Head - Aberdeen,JJ Food Service,659.75,Soft Drinks
2026-01-05,The Crown - Stirling,British Gas,£336.47,Utilities
21/02/2026,Black Bull - Dundee,Diageo Ltd,£617.00,Utilities
15/04/2026,Kings Arms - Edinburgh,BT PLC,£101.56,Alcohol
01/03/2026,Kings Arms - Edinburgh,JJ Food Service,985.40,Alcohol
16/01/2026,The Ship Inn - Oban,Coca Cola,747.64,Food
1/1/2026,White Hart - Inverness,Amazon Business,157.32,Soft Drinks
16/02/2026,The Swan - Ayr,Diageo Ltd,1083.75,Supplies
2026-03-25,The Anchor - Perth,JJ Food Service,766.19,Alcohol
4/14/2026,The Ship Inn - Oban,Amazon Business,387.10,Utilities
2/14/2026,The Swan - Ayr,Scottish Water,617.75,Utilities
1/31/2026,Black Bull - Dundee,Amazon Business,556.86,Food
3/1/2026,White Hart - Inverness,Scottish Water,1050.98,   
2/11/2026,White Hart - Inverness,Diageo Ltd,1166.23,Utilities
2026-03-20,The Plough - Falkirk,Coca Cola,300.30,   
2026-03-03,The Swan - Ayr,BOOKER,1064.68,Soft Drinks
2026-03-07,Queens Head - Aberdeen,British Gas,1061.90,Soft Drinks
1/20/2026,The Plough - Falkirk,BT PLC,£362.30,Supplies
2026-01-09,The Plough - Falkirk,Scottish Water,410.60,Alcohol
3/30/2026,The Swan - Ayr,Bidfood,£758.85,
2026-02-01,The Ship Inn - Oban,Coca Cola,120.08,Alcohol
08/02/2026,Black Bull - Dundee,JJ Food Service,308.19,Food
1/30/2026,The Swan - Ayr,BOOKER,£347.60,   
06/01/2026,The Ship Inn - Oban,Coca Cola,543.63,Food
3/20/2026,Royal Oak - Paisley,Coca Cola,£728.78,Soft Drinks
2026-01-09,Black Bull - Dundee,BT PLC,205.70,
2026-01-24,White Hart - Inverness,Local Butcher,£912.37,   
14/01/2026,The Ship Inn - Oban,Coca Cola,267.82,   
15/04/2026,The Ship Inn - Oban,Brakes Catering,514.24,Alcohol
4/30/2026,The Swan - Ayr,JJ Food Service,1178.39,Alcohol
21/03/2026,The Plough - Falkirk,DIAGEO,464.30,Alcohol
2026-02-19,The Ship Inn - Oban,British Gas,899.78,Utilities
4/24/2026,Black Bull - Dundee,Heineken UK,1013.36,Food
13/02/2026,The Ship Inn - Oban,Coca Cola,383.12,Supplies
16/03/2026,White Hart - Inverness,Coca Cola,265.92,
28/02/2026,Kings Arms - Edinburgh,Scottish Water,536.36,Supplies
2026-02-10,The Ship Inn - Oban,Scottish Water,404.11,
1/14/2026,Black Bull - Dundee,Amazon Business,£210.03,Soft Drinks
2026-01-20,White Hart - Inverness,Brakes Catering,£840.07,Soft Drinks
13/01/2026,The Anchor - Perth,BOOKER,828.77,Utilities
29/04/2026,The Crown - Stirling,EON Energy,£285.09,Soft Drinks
26/02/2026,Fox & Hound - Hamilton,British Gas,854.36,Soft Drinks
1/15/2026,The Crown - Stirling,British Gas,£1132.72,Alcohol
21/03/2026,White Hart - Inverness,BOOKER,144.57,
4/14/2026,White Hart - Inverness,Booker Wholesale,942.01,Alcohol
1/27/2026,Red Lion - Glasgow,EON Energy,709.84,Alcohol
2026-01-12,Royal Oak - Paisley,British Gas,1247.74,
4/28/2026,Royal Oak - Paisley,Amazon Business,1245.52,
2026-03-13,Kings Arms - Edinburgh,Bidfood,£963.72,
2026-03-23,Queens Head - Aberdeen,DIAGEO,178.63,Food
17/03/2026,Kings Arms - Edinburgh,British Gas,73.61,
4/29/2026,The Anchor - Perth,Local Butcher,1129.07,   
16/04/2026,The Plough - Falkirk,Scottish Water,£772.88,Utilities
1/10/2026,Kings Arms - Edinburgh,Local Butcher,992.37,Supplies
2026-01-21,White Hart - Inverness,Coca Cola,484.30,Soft Drinks
2026-04-02,White Hart - Inverness,Brakes Catering,719.34,   
20/01/2026,The Swan - Ayr,Brakes Catering,211.93,   
2026-03-09,Royal Oak - Paisley,DIAGEO,964.70,Soft Drinks
1/31/2026,The Ship Inn - Oban,BT PLC,1150.62,   
26/04/2026,Black Bull - Dundee,Scottish Water,268.24,
2026-04-28,The Ship Inn - Oban,Amazon Business,912.36,
28/04/2026,Fox & Hound - Hamilton,Scottish Water,767.34,   
1/25/2026,The Plough - Falkirk,Scottish Water,984.20,   
2026-04-26,Kings Arms - Edinburgh,DIAGEO,320.96,Utilities
2026-02-20,The Crown - Stirling,Scottish Water,1191.69,Utilities
4/14/2026,White Hart - Inverness,Diageo Ltd,1229.33,Soft Drinks
3/1/2026,The Anchor - Perth,BOOKER,484.20,   
2026-01-17,Red Lion - Glasgow,Local Butcher,364.51,Food
25/03/2026,Kings Arms - Edinburgh,BT PLC,895.35,   
2026-01-04,Royal Oak - Paisley,Scottish Water,672.87,
1/22/2026,Kings Arms - Edinburgh,Bidfood,740.32,Alcohol
2026-03-24,The Ship Inn - Oban,Diageo Ltd,£1186.73,   
15/01/2026,The Crown - Stirling,Local Butcher,262.69,   
03/02/2026,Royal Oak - Paisley,EON Energy,£149.81,Utilities
31/03/2026,Royal Oak - Paisley,Amazon Business,£848.18,Soft Drinks
21/01/2026,Kings Arms - Edinburgh,Diageo Ltd,344.90,Soft Drinks
2/7/2026,Kings Arms - Edinburgh,Heineken UK,1235.21,Supplies
25/04/2026,The Swan - Ayr,DIAGEO,1231.27,Utilities
4/26/2026,Queens Head - Aberdeen,EON Energy,£250.60,
2026-04-22,Fox & Hound - Hamilton,BOOKER,486.30,   
2026-02-22,The Ship Inn - Oban,Heineken UK,337.25,Supplies
2026-02-07,The Anchor - Perth,Coca Cola,£629.06,Food
2026-03-23,Fox & Hound - Hamilton,Heineken UK,120.17,Utilities
18/01/2026,The Plough - Falkirk,BOOKER,£125.69,Utilities
02/03/2026,Queens Head - Aberdeen,Brakes Catering,177.08,   
03/01/2026,The Anchor - Perth,EON Energy,987.18,Alcohol
2026-03-02,The Anchor - Perth,Diageo Ltd,867.45,
18/03/2026,Black Bull - Dundee,BT PLC,731.33,Food
1/6/2026,The Swan - Ayr,Heineken UK,1008.40,Alcohol
1/16/2026,The Crown - Stirling,Heineken UK,163.54,
4/25/2026,White Hart - Inverness,Bidfood,980.46,
12/01/2026,Kings Arms - Edinburgh,Heineken UK,195.14,Utilities
3/6/2026,The Ship Inn - Oban,Heineken UK,445.51,
2026-04-16,The Crown - Stirling,Bidfood,943.82,Alcohol
1/20/2026,The Swan - Ayr,BOOKER,1063.68,Alcohol
4/7/2026,The Ship Inn - Oban,Diageo Ltd,£1013.64,Soft Drinks
03/04/2026,The Plough - Falkirk,DIAGEO,441.36,Utilities
2026-04-25,White Hart - Inverness,BOOKER,£119.10,Alcohol
06/01/2026,The Crown - Stirling,Scottish Water,860.02,Alcohol
25/01/2026,Black Bull - Dundee,EON Energy,583.25,Soft Drinks
2026-02-07,Fox & Hound - Hamilton,Amazon Business,£1157.61,   
2026-02-02,White Hart - Inverness,Heineken UK,618.54,Soft Drinks
1/27/2026,The Crown - Stirling,BT PLC,£57.84,Utilities
2026-04-03,Queens Head - Aberdeen,Bidfood,499.86,Alcohol
2026-03-21,The Crown - Stirling,BT PLC,538.03,Utilities
2026-04-12,Royal Oak - Paisley,Scottish Water,185.00,Alcohol
2026-03-17,Queens Head - Aberdeen,Scottish Water,89.76,
20/02/2026,Royal Oak - Paisley,Bidfood,191.85,   
3/4/2026,The Anchor - Perth,JJ Food Service,640.96,
20/04/2026,The Swan - Ayr,JJ Food Service,140.81,Utilities
2026-02-22,Kings Arms - Edinburgh,Heineken UK,1000.25,
2026-01-12,The Swan - Ayr,BT PLC,£50.83,
2/14/2026,Kings Arms - Edinburgh,Scottish Water,£698.39,Soft Drinks
1/7/2026,Queens Head - Aberdeen,EON Energy,491.34,Food
2026-04-29,The Anchor - Perth,EON Energy,150.30,
10/03/2026,The Plough - Falkirk,Amazon Business,£440.22,   
2026-04-21,The Swan - Ayr,Booker Wholesale,751.12,
2026-03-18,The Ship Inn - Oban,Scottish Water,396.84,   
2026-04-03,White Hart - Inverness,Heineken UK,540.03,Food
3/20/2026,Royal Oak - Paisley,Coca Cola,931.11,   
10/04/2026,The Plough - Falkirk,Heineken UK,885.54,Soft Drinks
2026-04-02,The Anchor - Perth,Bidfood,255.17,Alcohol
2/8/2026,The Ship Inn - Oban,Local Butcher,853.54,Food
1/11/2026,White Hart - Inverness,British Gas,£634.72,   
1/29/2026,The Swan - Ayr,Local Butcher,90.73,
4/7/2026,The Ship Inn - Oban,BT PLC,775.61,   
04/01/2026,Black Bull - Dundee,Scottish Water,290.29,Food
2/21/2026,Queens Head - Aberdeen,Booker Wholesale,757.29,Supplies
11/01/2026,The Ship Inn - Oban,Brakes Catering,1118.44,Utilities
4/12/2026,Black Bull - Dundee,Amazon Business,873.70,
19/03/2026,Queens Head - Aberdeen,BOOKER,389.47,Supplies
2026-01-18,The Crown - Stirling,EON Energy,278.10,Utilities
4/25/2026,The Plough - Falkirk,Coca Cola,571.81,
2026-01-23,The Swan - Ayr,Booker Wholesale,491.19,Soft Drinks
2/15/2026,The Plough - Falkirk,Local Butcher,£275.02,   
4/3/2026,Royal Oak - Paisley,British Gas,239.76,Soft Drinks
19/02/2026,Royal Oak - Paisley,Coca Cola,497.74,
2026-01-09,The Crown - Stirling,Diageo Ltd,114.70,Food
15/04/2026,The Anchor - Perth,JJ Food Service,96.37,Alcohol
26/04/2026,Kings Arms - Edinburgh,JJ Food Service,520.04,Alcohol
2026-01-02,Kings Arms - Edinburgh,Scottish Water,1004.31,Soft Drinks
4/1/2026,Kings Arms - Edinburgh,DIAGEO,1198.02,Alcohol
2026-02-21,The Anchor - Perth,Heineken UK,403.20,
2026-03-29,Kings Arms - Edinburgh,Brakes Catering,£1138.01,   
2026-04-20,Fox & Hound - Hamilton,Brakes Catering,848.51,   
2026-02-12,Royal Oak - Paisley,Local Butcher,1105.70,   
05/03/2026,The Ship Inn - Oban,Coca Cola,436.50,Food
2026-01-13,Kings Arms - Edinburgh,Booker Wholesale,416.70,Food
3/10/2026,The Anchor - Perth,Bidfood,909.52,   
13/04/2026,Royal Oak - Paisley,BOOKER,189.27,Soft Drinks
2026-02-08,Fox & Hound - Hamilton,Scottish Water,959.25,
2026-01-23,Red Lion - Glasgow,Scottish Water,342.24,Food
1/29/2026,Black Bull - Dundee,Scottish Water,£188.40,Supplies
28/04/2026,The Anchor - Perth,DIAGEO,1045.95,Supplies
03/01/2026,Fox & Hound - Hamilton,Heineken UK,320.91,Soft Drinks
4/23/2026,The Swan - Ayr,Bidfood,1065.16,   
2026-01-13,Kings Arms - Edinburgh,BOOKER,679.45,Food
2026-04-23,Kings Arms - Edinburgh,Diageo Ltd,467.65,Utilities
2026-03-22,Fox & Hound - Hamilton,JJ Food Service,405.46,
2026-04-27,The Plough - Falkirk,Local Butcher,£1000.67,Supplies
11/04/2026,White Hart - Inverness,BOOKER,£1085.47,Utilities
2/13/2026,Red Lion - Glasgow,Bidfood,1174.24,Utilities
11/03/2026,The Anchor - Perth,Brakes Catering,1144.73,Supplies
1/10/2026,Black Bull - Dundee,JJ Food Service,676.85,
1/14/2026,The Crown - Stirling,Heineken UK,433.55,Supplies
09/03/2026,White Hart - Inverness,Coca Cola,53.96,Soft Drinks
2/23/2026,The Plough - Falkirk,Bidfood,£840.43,Utilities
08/02/2026,The Ship Inn - Oban,Coca Cola,312.68,Utilities
3/21/2026,Kings Arms - Edinburgh,British Gas,£266.80,Food
3/18/2026,White Hart - Inverness,Coca Cola,763.51,Food
17/03/2026,The Swan - Ayr,BT PLC,£493.48,
2026-03-03,The Swan - Ayr,JJ Food Service,149.80,Supplies
2026-03-11,Fox & Hound - Hamilton,British Gas,561.05,
04/03/2026,Black Bull - Dundee,Local Butcher,£806.22,Food
2026-02-13,The Crown - Stirling,Scottish Water,£747.62,Food
4/21/2026,Fox & Hound - Hamilton,BT PLC,231.38,
4/28/2026,The Anchor - Perth,British Gas,916.81,Soft Drinks
2026-03-31,White Hart - Inverness,DIAGEO,1113.43,Supplies
2026-01-08,Royal Oak - Paisley,Bidfood,496.52,   
2026-03-06,Black Bull - Dundee,Booker Wholesale,1200.66,   
2/11/2026,Royal Oak - Paisley,Coca Cola,£192.77,
2026-03-21,The Ship Inn - Oban,Local Butcher,£260.90,Alcohol
4/26/2026,The Plough - Falkirk,Local Butcher,£1054.00,
2026-03-20,Royal Oak - Paisley,Bidfood,1117.70,Supplies
07/04/2026,Queens Head - Aberdeen,JJ Food Service,823.58,   
4/14/2026,The Swan - Ayr,BOOKER,653.54,
2/6/2026,The Plough - Falkirk,EON Energy,695.35,Soft Drinks
17/02/2026,Kings Arms - Edinburgh,Heineken UK,1041.96,Soft Drinks
3/25/2026,Royal Oak - Paisley,JJ Food Service,157.00,Supplies
1/29/2026,Kings Arms - Edinburgh,Coca Cola,867.74,Supplies
2/14/2026,The Crown - Stirling,BT PLC,695.92,   
12/01/2026,Fox & Hound - Hamilton,BOOKER,488.46,
4/5/2026,The Crown - Stirling,Local Butcher,508.89,Alcohol
07/01/2026,The Ship Inn - Oban,BOOKER,£706.23,
07/02/2026,The Anchor - Perth,DIAGEO,55.59,Supplies
3/17/2026,Black Bull - Dundee,BOOKER,85.71,Food
31/03/2026,The Ship Inn - Oban,Brakes Catering,88.31,Supplies
1/2/2026,The Plough - Falkirk,Booker Wholesale,102.03,Utilities
21/04/2026,Queens Head - Aberdeen,Bidfood,145.85,Soft Drinks
13/02/2026,The Ship Inn - Oban,Local Butcher,737.63,Food
2026-04-15,The Crown - Stirling,Diageo Ltd,£621.16,Alcohol
1/16/2026,The Ship Inn - Oban,Coca Cola,1028.11,
3/5/2026,The Crown - Stirling,DIAGEO,444.21,Utilities
2026-03-09,White Hart - Inverness,Coca Cola,£1019.92,Supplies
2026-02-24,Kings Arms - Edinburgh,Diageo Ltd,£441.26,Alcohol
2026-04-18,The Plough - Falkirk,Scottish Water,908.54,
01/02/2026,Kings Arms - Edinburgh,Diageo Ltd,250.99,   
2026-04-26,Kings Arms - Edinburgh,Amazon Business,240.22,
11/01/2026,Kings Arms - Edinburgh,JJ Food Service,919.02,Soft Drinks
2026-01-25,The Plough - Falkirk,Heineken UK,239.15,Soft Drinks
2026-02-25,Red Lion - Glasgow,British Gas,£877.00,Food
2/20/2026,Queens Head - Aberdeen,Heineken UK,574.23,
3/10/2026,Black Bull - Dundee,Heineken UK,717.36,
2/20/2026,Kings Arms - Edinburgh,EON Energy,829.76,Soft Drinks
4/3/2026,Kings Arms - Edinburgh,Booker Wholesale,1122.81,Supplies
10/02/2026,The Swan - Ayr,DIAGEO,120.48,Alcohol
3/2/2026,Kings Arms - Edinburgh,Diageo Ltd,865.03,Alcohol
2026-04-01,Red Lion - Glasgow,BT PLC,957.04,Utilities
1/21/2026,Fox & Hound - Hamilton,BT PLC,641.57,Food
4/19/2026,Queens Head - Aberdeen,DIAGEO,1079.58,   
1/14/2026,Royal Oak - Paisley,Amazon Business,£1192.31,Soft Drinks
2026-03-22,The Ship Inn - Oban,Brakes Catering,1118.16,Food
2026-04-17,Queens Head - Aberdeen,BT PLC,880.55,
2026-04-08,Queens Head - Aberdeen,Bidfood,208.26,Supplies
4/22/2026,Queens Head - Aberdeen,JJ Food Service,£291.81,
2026-02-28,Red Lion - Glasgow,Heineken UK,1027.02,Alcohol
4/6/2026,Red Lion - Glasgow,Local Butcher,496.97,
2026-02-28,Royal Oak - Paisley,DIAGEO,£703.27,
2/26/2026,The Plough - Falkirk,British Gas,361.63,Food
12/01/2026,The Plough - Falkirk,British Gas,475.00,Supplies
2026-03-13,Royal Oak - Paisley,Amazon Business,555.65,   
2026-03-16,Black Bull - Dundee,BT PLC,1086.32,
2026-01-15,The Crown - Stirling,BOOKER,265.28,
2/9/2026,The Plough - Falkirk,Brakes Catering,637.79,Utilities
1/25/2026,The Plough - Falkirk,BT PLC,191.25,Soft Drinks
2/24/2026,Royal Oak - Paisley,BOOKER,£1237.33,   
07/04/2026,Red Lion - Glasgow,British Gas,77.95,
2026-01-20,The Ship Inn - Oban,BOOKER,1033.19,   
13/03/2026,The Swan - Ayr,Bidfood,622.02,Supplies
2026-03-18,Kings Arms - Edinburgh,Booker Wholesale,£917.03,   
07/04/2026,The Anchor - Perth,Scottish Water,476.78,
2026-01-10,Kings Arms - Edinburgh,BT PLC,£272.09,
2026-01-10,Kings Arms - Edinburgh,Local Butcher,£1237.67,Utilities
2026-01-03,The Crown - Stirling,BT PLC,861.92,Supplies
2/3/2026,The Plough - Falkirk,JJ Food Service,344.73,   
2026-04-17,The Anchor - Perth,Coca Cola,1181.31,Food
2026-01-25,The Swan - Ayr,JJ Food Service,£446.66,Soft Drinks
25/01/2026,Fox & Hound - Hamilton,EON Energy,931.34,
29/03/2026,The Anchor - Perth,Coca Cola,902.17,Alcohol
03/01/2026,The Plough - Falkirk,Local Butcher,1220.73,   
2026-02-13,The Crown - Stirling,British Gas,1128.36,Alcohol
2/2/2026,The Crown - Stirling,Local Butcher,651.14,Alcohol
2/28/2026,White Hart - Inverness,Brakes Catering,406.24,Food
2026-02-12,The Plough - Falkirk,Coca Cola,220.28,Supplies
15/01/2026,Black Bull - Dundee,British Gas,£377.51,   
28/01/2026,Queens Head - Aberdeen,DIAGEO,£1181.60,
1/11/2026,Royal Oak - Paisley,JJ Food Service,371.34,Alcohol
2/26/2026,Red Lion - Glasgow,BT PLC,883.22,Alcohol
20/04/2026,Red Lion - Glasgow,Coca Cola,1031.64,   
16/02/2026,Red Lion - Glasgow,Diageo Ltd,£476.78,
17/04/2026,The Crown - Stirling,British Gas,272.26,
21/01/2026,Fox & Hound - Hamilton,Heineken UK,519.39,Alcohol
08/03/2026,Red Lion - Glasgow,EON Energy,1116.93,
20/03/2026,The Anchor - Perth,British Gas,567.69,Food
06/03/2026,The Crown - Stirling,Heineken UK,1047.32,
28/01/2026,Fox & Hound - Hamilton,BT PLC,£208.38,   
1/13/2026,Kings Arms - Edinburgh,DIAGEO,482.20,Soft Drinks
02/02/2026,Fox & Hound - Hamilton,Brakes Catering,1090.63,Alcohol
2026-02-28,Kings Arms - Edinburgh,British Gas,262.21,   
29/01/2026,The Anchor - Perth,EON Energy,633.15,
1/9/2026,Black Bull - Dundee,Brakes Catering,233.80,
2026-04-10,Fox & Hound - Hamilton,EON Energy,788.31,Food
2026-03-29,Queens Head - Aberdeen,British Gas,863.39,
3/19/2026,Fox & Hound - Hamilton,BOOKER,£126.41,Utilities
12/03/2026,Red Lion - Glasgow,BOOKER,694.62,Utilities
2026-03-05,Royal Oak - Paisley,Local Butcher,399.73,Food
2026-02-12,Royal Oak - Paisley,Brakes Catering,707.81,
17/04/2026,The Crown - Stirling,Diageo Ltd,219.43,   
05/01/2026,Fox & Hound - Hamilton,Bidfood,135.30,Food
2/18/2026,White Hart - Inverness,Coca Cola,632.13,
2/17/2026,Queens Head - Aberdeen,British Gas,589.14,Supplies
3/23/2026,White Hart - Inverness,Booker Wholesale,469.69,Food
2026-04-17,Fox & Hound - Hamilton,Scottish Water,£1241.89,Food
29/04/2026,Kings Arms - Edinburgh,Brakes Catering,1126.27,
25/01/2026,Kings Arms - Edinburgh,Bidfood,781.25,Utilities
04/01/2026,Red Lion - Glasgow,Bidfood,1237.25,Soft Drinks
01/01/2026,Red Lion - Glasgow,Local Butcher,881.45,   
2026-02-10,Black Bull - Dundee,Heineken UK,877.46,Utilities
2026-03-06,Red Lion - Glasgow,Booker Wholesale,£121.52,Soft Drinks
24/03/2026,Black Bull - Dundee,DIAGEO,£1162.41,
1/7/2026,The Ship Inn - Oban,BOOKER,970.29,Utilities
09/01/2026,Red Lion - Glasgow,JJ Food Service,226.00,
05/03/2026,Queens Head - Aberdeen,EON Energy,709.16,Supplies
2026-04-08,Royal Oak - Paisley,Booker Wholesale,449.51,
2026-04-13,Black Bull - Dundee,BOOKER,161.62,   
3/8/2026,Red Lion - Glasgow,Bidfood,982.46,Alcohol
22/02/2026,Fox & Hound - Hamilton,Bidfood,566.77,Utilities
3/31/2026,The Crown - Stirling,BOOKER,551.86,   
2/8/2026,The Swan - Ayr,JJ Food Service,1134.17,
18/01/2026,Royal Oak - Paisley,BT PLC,349.59,Utilities
2026-02-27,White Hart - Inverness,Scottish Water,453.69,Food
16/03/2026,Red Lion - Glasgow,Amazon Business,272.32,Alcohol
4/3/2026,Queens Head - Aberdeen,EON Energy,1066.00,
2026-02-23,Red Lion - Glasgow,Local Butcher,1199.92,Alcohol
2026-02-05,The Plough - Falkirk,EON Energy,335.93,Soft Drinks
3/6/2026,Queens Head - Aberdeen,DIAGEO,884.63,Alcohol
11/02/2026,The Crown - Stirling,Booker Wholesale,£1034.40,Food
22/03/2026,Queens Head - Aberdeen,Booker Wholesale,837.51,Food
30/04/2026,The Anchor - Perth,Coca Cola,117.92,Supplies
2026-03-06,The Anchor - Perth,Diageo Ltd,766.96,Supplies
2026-04-18,Royal Oak - Paisley,BOOKER,571.28,Food
3/21/2026,The Crown - Stirling,Coca Cola,£147.92,Supplies
10/04/2026,Kings Arms - Edinburgh,BT PLC,608.08,Supplies
16/03/2026,Kings Arms - Edinburgh,Brakes Catering,916.56,Soft Drinks
1/31/2026,The Ship Inn - Oban,Amazon Business,346.32,Alcohol
2026-03-06,The Swan - Ayr,Heineken UK,1189.81,   
19/03/2026,Black Bull - Dundee,Bidfood,674.06,Supplies
1/30/2026,Queens Head - Aberdeen,EON Energy,£1190.85,Supplies
2026-03-01,The Plough - Falkirk,DIAGEO,524.98,Supplies
22/01/2026,Fox & Hound - Hamilton,BOOKER,£417.34,   
01/04/2026,White Hart - Inverness,BT PLC,895.85,Alcohol
4/29/2026,Black Bull - Dundee,Local Butcher,788.49,   
30/04/2026,The Plough - Falkirk,EON Energy,108.75,Food
2026-01-23,Red Lion - Glasgow,BOOKER,411.35,Alcohol
2/9/2026,Black Bull - Dundee,Brakes Catering,175.50,Utilities
2026-02-28,The Crown - Stirling,Local Butcher,832.41,Supplies
2026-04-29,Fox & Hound - Hamilton,Coca Cola,348.03,
26/04/2026,Fox & Hound - Hamilton,Local Butcher,551.56,Soft Drinks
12/03/2026,The Crown - Stirling,BOOKER,1191.04,Alcohol
2026-04-15,The Crown - Stirling,Amazon Business,555.19,Food
1/11/2026,Black Bull - Dundee,JJ Food Service,194.35,Food
1/7/2026,White Hart - Inverness,Local Butcher,466.53,Food
17/02/2026,Red Lion - Glasgow,BOOKER,320.59,   
1/11/2026,Red Lion - Glasgow,JJ Food Service,1113.97,Food
2026-03-16,Red Lion - Glasgow,DIAGEO,272.05,   
4/16/2026,The Swan - Ayr,JJ Food Service,1005.63,
2026-01-10,The Crown - Stirling,Bidfood,1041.22,   
2026-04-04,Red Lion - Glasgow,Heineken UK,£343.48,Soft Drinks
14/03/2026,The Swan - Ayr,EON Energy,1211.46,
2026-03-15,White Hart - Inverness,British Gas,267.22,Soft Drinks
4/7/2026,Fox & Hound - Hamilton,Booker Wholesale,470.96,   
2/11/2026,The Crown - Stirling,Local Butcher,574.49,   
2026-01-01,The Ship Inn - Oban,Brakes Catering,212.02,Alcohol
24/02/2026,The Crown - Stirling,Diageo Ltd,659.07,Food
2026-01-31,The Anchor - Perth,Brakes Catering,£161.88,Supplies
2026-02-19,Fox & Hound - Hamilton,British Gas,865.39,
17/02/2026,Fox & Hound - Hamilton,Booker Wholesale,1112.21,
4/6/2026,The Swan - Ayr,Booker Wholesale,1064.82,Soft Drinks
2026-04-23,The Anchor - Perth,British Gas,719.86,Supplies
15/04/2026,Black Bull - Dundee,Amazon Business,256.76,
3/30/2026,The Crown - Stirling,EON Energy,1067.40,Alcohol
1/6/2026,The Ship Inn - Oban,Booker Wholesale,£254.28,
2026-01-27,Fox & Hound - Hamilton,Coca Cola,244.60,Alcohol
4/15/2026,White Hart - Inverness,Heineken UK,516.70,Utilities
25/02/2026,White Hart - Inverness,British Gas,446.28,
1/6/2026,Queens Head - Aberdeen,Diageo Ltd,1143.06,Supplies
02/02/2026,Fox & Hound - Hamilton,Local Butcher,352.10,   
23/02/2026,Red Lion - Glasgow,Diageo Ltd,1157.36,Supplies
2026-04-15,The Crown - Stirling,DIAGEO,897.87,
09/04/2026,Royal Oak - Paisley,British Gas,464.98,
3/9/2026,The Anchor - Perth,DIAGEO,£1168.33,   
2/18/2026,Red Lion - Glasgow,EON Energy,£815.86,   
08/03/2026,Royal Oak - Paisley,JJ Food Service,860.02,Utilities
3/17/2026,Kings Arms - Edinburgh,JJ Food Service,£54.54,Food
2026-04-29,The Anchor - Perth,Booker Wholesale,934.56,Food
20/01/2026,Red Lion - Glasgow,Coca Cola,482.20,   
3/18/2026,The Ship Inn - Oban,Bidfood,98.31,Utilities
1/5/2026,Fox & Hound - Hamilton,Bidfood,726.62,
25/04/2026,The Anchor - Perth,Diageo Ltd,147.70,   
4/4/2026,Royal Oak - Paisley,British Gas,£1107.16,Soft Drinks
2026-03-09,The Anchor - Perth,BOOKER,222.75,Alcohol
14/03/2026,Red Lion - Glasgow,Bidfood,£815.96,Utilities
1/31/2026,Kings Arms - Edinburgh,JJ Food Service,216.93,Alcohol
2026-02-05,Kings Arms - Edinburgh,Amazon Business,£1057.46,Utilities
11/02/2026,Kings Arms - Edinburgh,BOOKER,626.04,
25/04/2026,Black Bull - Dundee,Booker Wholesale,£647.97,   
2026-02-23,The Ship Inn - Oban,Booker Wholesale,514.69,Alcohol
08/04/2026,Royal Oak - Paisley,British Gas,120.82,
02/02/2026,Queens Head - Aberdeen,Heineken UK,£77.48,   
2026-01-22,The Swan - Ayr,DIAGEO,£1211.93,Utilities
1/15/2026,The Ship Inn - Oban,Booker Wholesale,731.93,   
2026-04-16,The Ship Inn - Oban,EON Energy,262.72,
03/02/2026,White Hart - Inverness,BT PLC,£1087.87,Utilities
2026-03-06,Kings Arms - Edinburgh,Diageo Ltd,1005.00,
3/28/2026,Royal Oak - Paisley,EON Energy,154.33,
06/04/2026,The Swan - Ayr,Scottish Water,627.78,Alcohol
24/01/2026,The Anchor - Perth,BOOKER,951.90,Soft Drinks
1/6/2026,The Swan - Ayr,DIAGEO,£599.44,Food
2/19/2026,White Hart - Inverness,Brakes Catering,710.24,Supplies
1/16/2026,The Crown - Stirling,British Gas,934.99,Soft Drinks
2026-04-15,Kings Arms - Edinburgh,BOOKER,£638.97,Utilities
2026-03-16,The Anchor - Perth,EON Energy,£1053.80,Supplies
2026-02-28,Fox & Hound - Hamilton,Scottish Water,£1110.79,   
10/04/2026,Red Lion - Glasgow,Amazon Business,930.17,Alcohol
2026-01-20,White Hart - Inverness,Diageo Ltd,£835.69,   
07/04/2026,The Plough - Falkirk,Heineken UK,303.60,
4/19/2026,White Hart - Inverness,Heineken UK,1211.95,
4/10/2026,The Crown - Stirling,DIAGEO,1197.45,Food
4/3/2026,Queens Head - Aberdeen,Brakes Catering,487.29,Utilities
2/19/2026,Fox & Hound - Hamilton,Booker Wholesale,1125.89,Supplies
07/04/2026,The Plough - Falkirk,BOOKER,839.84,Soft Drinks
1/24/2026,The Plough - Falkirk,British Gas,£770.44,   
12/02/2026,Kings Arms - Edinburgh,JJ Food Service,1176.14,Soft Drinks
1/4/2026,The Plough - Falkirk,Amazon Business,773.08,Soft Drinks
2026-02-10,Royal Oak - Paisley,British Gas,773.23,Supplies
20/03/2026,Royal Oak - Paisley,JJ Food Service,258.32,Utilities
2/4/2026,The Crown - Stirling,EON Energy,353.57,Soft Drinks
28/03/2026,Kings Arms - Edinburgh,Coca Cola,545.43,   
27/02/2026,The Plough - Falkirk,British Gas,296.63,Food
2026-04-25,The Plough - Falkirk,Coca Cola,337.20,
3/11/2026,Fox & Hound - Hamilton,Brakes Catering,1001.77,
10/02/2026,Fox & Hound - Hamilton,Local Butcher,1225.47,Supplies
4/20/2026,Kings Arms - Edinburgh,Brakes Catering,717.39,Soft Drinks
2026-02-05,The Crown - Stirling,EON Energy,308.18,
2026-04-04,Red Lion - Glasgow,Booker Wholesale,£80.33,Food
2026-02-24,The Swan - Ayr,BT PLC,123.68,   
2026-02-20,Fox & Hound - Hamilton,Amazon Business,£1024.79,Alcohol
4/29/2026,The Swan - Ayr,EON Energy,325.80,Alcohol
4/5/2026,The Ship Inn - Oban,British Gas,1094.81,Soft Drinks
2026-02-21,The Anchor - Perth,DIAGEO,£834.86,   
1/3/2026,The Crown - Stirling,Booker Wholesale,531.51,Soft Drinks
14/02/2026,Kings Arms - Edinburgh,Diageo Ltd,1080.95,   
2026-03-05,Queens Head - Aberdeen,Local Butcher,269.17,Soft Drinks
03/02/2026,Kings Arms - Edinburgh,Scottish Water,833.91,Soft Drinks
1/11/2026,Black Bull - Dundee,BT PLC,1104.44,Utilities
03/01/2026,Fox & Hound - Hamilton,Bidfood,£901.56,   
2/6/2026,Black Bull - Dundee,Scottish Water,1124.11,Supplies
2026-03-17,Kings Arms - Edinburgh,Local Butcher,231.51,
24/03/2026,Red Lion - Glasgow,British Gas,731.67,   
4/21/2026,White Hart - Inverness,British Gas,51.93,   
2026-03-14,Kings Arms - Edinburgh,JJ Food Service,362.44,Food
2026-02-15,Fox & Hound - Hamilton,Booker Wholesale,£509.26,
29/01/2026,The Ship Inn - Oban,Bidfood,764.10,Soft Drinks
3/31/2026,The Ship Inn - Oban,Bidfood,1096.26,Alcohol
2026-03-01,Queens Head - Aberdeen,BT PLC,502.07,Alcohol
2/22/2026,Royal Oak - Paisley,Scottish Water,147.20,Food
4/11/2026,The Swan - Ayr,Bidfood,511.94,Food
2026-01-01,The Swan - Ayr,Amazon Business,1156.02,Utilities
29/01/2026,The Anchor - Perth,Local Butcher,451.12,Utilities
3/30/2026,The Ship Inn - Oban,JJ Food Service,175.93,   
2026-04-22,Fox & Hound - Hamilton,Booker Wholesale,577.95,Utilities
4/3/2026,White Hart - Inverness,Scottish Water,131.89,Alcohol
2026-04-05,Kings Arms - Edinburgh,Heineken UK,136.43,Soft Drinks
2026-04-03,Queens Head - Aberdeen,Local Butcher,212.61,Utilities
2026-01-11,Kings Arms - Edinburgh,Bidfood,709.55,   
2026-04-28,Queens Head - Aberdeen,BT PLC,535.81,
03/04/2026,The Plough - Falkirk,BOOKER,£1183.81,Food
2/7/2026,The Crown - Stirling,British Gas,£309.22,
2/21/2026,Black Bull - Dundee,BT PLC,558.99,Supplies
2026-03-10,Fox & Hound - Hamilton,Bidfood,902.65,
2026-03-29,The Anchor - Perth,EON Energy,£563.19,Soft Drinks
2026-02-20,White Hart - Inverness,Scottish Water,378.27,Utilities
3/4/2026,The Anchor - Perth,JJ Food Service,715.79,Alcohol
02/02/2026,Red Lion - Glasgow,EON Energy,£802.08,Soft Drinks
21/04/2026,Black Bull - Dundee,EON Energy,237.04,Utilities
3/13/2026,The Anchor - Perth,Bidfood,£633.24,
2026-04-25,The Anchor - Perth,Coca Cola,999.93,
1/15/2026,The Crown - Stirling,British Gas,393.07,Supplies
1/20/2026,Royal Oak - Paisley,Scottish Water,141.08,Alcohol
3/17/2026,The Ship Inn - Oban,Booker Wholesale,1224.02,
2026-04-17,The Crown - Stirling,Amazon Business,1139.82,
24/02/2026,The Crown - Stirling,Scottish Water,155.00,Alcohol
02/04/2026,Black Bull - Dundee,Brakes Catering,508.78,Supplies
19/04/2026,The Anchor - Perth,Bidfood,£156.03,
3/31/2026,Queens Head - Aberdeen,British Gas,255.53,Soft Drinks
08/03/2026,Queens Head - Aberdeen,Booker Wholesale,72.18,Supplies
2026-04-05,The Plough - Falkirk,Brakes Catering,1194.17,Soft Drinks
4/3/2026,The Plough - Falkirk,DIAGEO,467.30,Food
22/01/2026,Red Lion - Glasgow,BOOKER,£734.68,Alcohol
2026-03-05,Red Lion - Glasgow,Scottish Water,1036.17,Food
4/14/2026,The Plough - Falkirk,EON Energy,429.88,Utilities
2026-01-04,The Swan - Ayr,Heineken UK,205.19,Alcohol
2026-03-25,Fox & Hound - Hamilton,Bidfood,699.45,
2026-01-31,Fox & Hound - Hamilton,Bidfood,619.60,Alcohol
1/16/2026,The Plough - Falkirk,Scottish Water,398.35,Soft Drinks
15/04/2026,The Crown - Stirling,Local Butcher,1089.40,
3/30/2026,Black Bull - Dundee,Local Butcher,949.30,   
2026-04-06,Royal Oak - Paisley,Booker Wholesale,£877.18,
3/17/2026,The Swan - Ayr,Amazon Business,815.88,Supplies
14/02/2026,Red Lion - Glasgow,Scottish Water,£1131.46,Supplies
2/10/2026,Royal Oak - Paisley,EON Energy,58.83,Utilities
17/03/2026,Queens Head - Aberdeen,BT PLC,£772.77,Food
26/01/2026,The Anchor - Perth,Booker Wholesale,763.57,Alcohol
2026-01-22,Red Lion - Glasgow,Brakes Catering,55.18,Soft Drinks
3/1/2026,The Crown - Stirling,Booker Wholesale,102.42,Supplies
24/01/2026,The Ship Inn - Oban,Amazon Business,488.23,Alcohol
21/01/2026,Red Lion - Glasgow,Diageo Ltd,£916.21,Alcohol
13/01/2026,Royal Oak - Paisley,BT PLC,540.65,   
08/04/2026,Fox & Hound - Hamilton,Amazon Business,1109.14,Supplies
2026-04-12,White Hart - Inverness,EON Energy,809.85,Utilities
2026-04-16,Red Lion - Glasgow,Brakes Catering,865.16,Supplies
2026-01-25,The Swan - Ayr,Heineken UK,255.80,Supplies
14/01/2026,The Swan - Ayr,Heineken UK,684.14,Supplies
2/17/2026,Black Bull - Dundee,JJ Food Service,408.94,Utilities
3/10/2026,Royal Oak - Paisley,Diageo Ltd,387.47,Soft Drinks
06/01/2026,The Ship Inn - Oban,Bidfood,1012.74,Utilities
3/31/2026,The Anchor - Perth,BT PLC,1062.31,
2026-01-30,Red Lion - Glasgow,Amazon Business,1194.39,Utilities
1/21/2026,The Crown - Stirling,Scottish Water,1176.74,   
22/02/2026,Kings Arms - Edinburgh,JJ Food Service,522.83,   
24/03/2026,Royal Oak - Paisley,Diageo Ltd,£1221.16,Alcohol
20/02/2026,Queens Head - Aberdeen,BT PLC,1186.33,Food
2026-02-20,Kings Arms - Edinburgh,JJ Food Service,215.51,Alcohol
08/04/2026,Black Bull - Dundee,British Gas,472.14,
16/02/2026,Royal Oak - Paisley,Booker Wholesale,685.31,Food
2026-03-03,White Hart - Inverness,Diageo Ltd,116.39,Soft Drinks
2026-04-12,The Anchor - Perth,DIAGEO,1100.56,Supplies
2026-01-08,Queens Head - Aberdeen,Amazon Business,389.50,   
04/04/2026,The Swan - Ayr,British Gas,169.11,Alcohol
03/03/2026,The Swan - Ayr,British Gas,875.28,Utilities
1/16/2026,Royal Oak - Paisley,Amazon Business,475.16,Supplies
2026-02-19,Kings Arms - Edinburgh,Coca Cola,769.50,Supplies
2/23/2026,The Plough - Falkirk,Booker Wholesale,856.78,
01/04/2026,The Crown - Stirling,British Gas,1237.49,   
1/22/2026,Queens Head - Aberdeen,JJ Food Service,362.29,Utilities
3/21/2026,The Plough - Falkirk,BOOKER,192.58,Supplies
4/22/2026,Red Lion - Glasgow,Coca Cola,808.50,Soft Drinks
2026-03-10,Black Bull - Dundee,Diageo Ltd,625.16,   
2026-04-23,The Swan - Ayr,British Gas,148.75,   
4/7/2026,The Swan - Ayr,Booker Wholesale,£471.57,Food
01/01/2026,The Crown - Stirling,BOOKER,364.57,Utilities
2026-04-02,Royal Oak - Paisley,DIAGEO,£190.15,
2026-01-12,White Hart - Inverness,Diageo Ltd,£1131.07,
2026-04-19,The Anchor - Perth,BOOKER,£1057.74,Food
2026-01-29,Black Bull - Dundee,Local Butcher,1082.20,Supplies
2026-03-05,Black Bull - Dundee,British Gas,211.43,Food
28/01/2026,Queens Head - Aberdeen,Bidfood,627.74,   
2/13/2026,The Swan - Ayr,Amazon Business,533.52,Alcohol
1/20/2026,White Hart - Inverness,Local Butcher,71.96,   
3/11/2026,The Anchor - Perth,British Gas,655.82,
1/15/2026,The Anchor - Perth,British Gas,465.97,   
4/24/2026,White Hart - Inverness,BT PLC,171.59,Alcohol
2026-04-19,The Ship Inn - Oban,Scottish Water,£584.95,Alcohol
28/04/2026,Black Bull - Dundee,BT PLC,704.94,
2026-01-13,Fox & Hound - Hamilton,Brakes Catering,132.60,Food
10/03/2026,The Anchor - Perth,DIAGEO,£597.47,Utilities
2026-02-13,Kings Arms - Edinburgh,British Gas,1145.48,Supplies
4/23/2026,The Crown - Stirling,Bidfood,1143.47,Supplies
09/02/2026,Royal Oak - Paisley,Brakes Catering,796.75,
2026-04-10,Fox & Hound - Hamilton,Bidfood,1011.55,Supplies
2026-04-27,Fox & Hound - Hamilton,Heineken UK,362.48,Utilities
2026-03-15,The Swan - Ayr,Bidfood,525.98,Food
11/03/2026,Fox & Hound - Hamilton,Diageo Ltd,587.39,Utilities
13/02/2026,The Crown - Stirling,EON Energy,999.15,Food
2/20/2026,The Ship Inn - Oban,Bidfood,791.76,Alcohol
2026-02-12,The Plough - Falkirk,Coca Cola,1021.91,Utilities
19/01/2026,The Anchor - Perth,British Gas,212.36,Utilities
2026-01-23,The Plough - Falkirk,BOOKER,931.33,Food
4/20/2026,The Plough - Falkirk,Bidfood,£417.34,Utilities
19/04/2026,The Ship Inn - Oban,BOOKER,880.46,Soft Drinks
16/04/2026,Black Bull - Dundee,British Gas,516.57,Supplies
2/23/2026,The Crown - Stirling,BOOKER,£552.52,Soft Drinks
2026-04-22,The Plough - Falkirk,BT PLC,690.91,Alcohol
2026-01-26,The Crown - Stirling,Scottish Water,66.29,Supplies
2026-01-15,The Ship Inn - Oban,British Gas,741.37,Supplies
11/01/2026,Red Lion - Glasgow,British Gas,436.37,Soft Drinks
4/5/2026,The Ship Inn - Oban,Amazon Business,339.08,   
2026-04-01,Queens Head - Aberdeen,Scottish Water,530.38,Supplies
2/15/2026,Black Bull - Dundee,BOOKER,368.27,   
2/11/2026,The Anchor - Perth,Brakes Catering,310.99,Supplies
27/04/2026,Black Bull - Dundee,DIAGEO,667.07,Soft Drinks
30/04/2026,The Plough - Falkirk,Diageo Ltd,772.59,Alcohol
22/03/2026,Royal Oak - Paisley,EON Energy,£950.86,Soft Drinks
07/04/2026,Red Lion - Glasgow,DIAGEO,542.51,Supplies
2026-02-07,Red Lion - Glasgow,Coca Cola,530.91,Supplies
2/12/2026,The Ship Inn - Oban,Bidfood,284.79,Supplies
11/01/2026,The Crown - Stirling,JJ Food Service,160.09,
2026-01-27,Fox & Hound - Hamilton,Scottish Water,1204.55,Utilities
2026-01-16,The Crown - Stirling,Scottish Water,194.65,
2026-02-24,Red Lion - Glasgow,JJ Food Service,1134.17,Food
2026-04-07,White Hart - Inverness,British Gas,283.04,Soft Drinks
25/04/2026,Black Bull - Dundee,Diageo Ltd,1167.87,Soft Drinks
2026-03-11,Red Lion - Glasgow,Scottish Water,1106.54,   
3/28/2026,Royal Oak - Paisley,Brakes Catering,1025.22,Supplies
2/12/2026,The Swan - Ayr,Diageo Ltd,332.35,Alcohol
2026-04-15,Red Lion - Glasgow,BOOKER,799.42,Supplies
3/3/2026,The Ship Inn - Oban,Scottish Water,£139.87,
2026-02-19,The Plough - Falkirk,British Gas,£258.59,Food
1/25/2026,Kings Arms - Edinburgh,BOOKER,571.31,   
2026-03-16,White Hart - Inverness,EON Energy,505.12,Utilities
1/18/2026,The Anchor - Perth,Amazon Business,247.64,Food
1/16/2026,The Swan - Ayr,Diageo Ltd,154.00,Supplies
4/6/2026,The Anchor - Perth,Coca Cola,358.12,Soft Drinks
2026-01-25,The Anchor - Perth,Heineken UK,861.52,   
11/01/2026,Red Lion - Glasgow,British Gas,725.03,Food
1/16/2026,The Swan - Ayr,DIAGEO,808.30,Soft Drinks
4/12/2026,The Anchor - Perth,DIAGEO,1233.24,Soft Drinks
2026-03-08,Royal Oak - Paisley,JJ Food Service,£1210.72,Supplies
22/01/2026,Fox & Hound - Hamilton,BT PLC,£793.53,
3/1/2026,The Anchor - Perth,Coca Cola,£434.10,Food
05/01/2026,The Crown - Stirling,Bidfood,375.84,
2026-04-22,Kings Arms - Edinburgh,British Gas,1165.30,Supplies
1/20/2026,White Hart - Inverness,Diageo Ltd,508.85,   
2026-02-10,The Ship Inn - Oban,Scottish Water,1028.15,
2026-03-14,The Ship Inn - Oban,BOOKER,574.22,Food
3/19/2026,Queens Head - Aberdeen,Brakes Catering,471.34,Soft Drinks
12/01/2026,The Ship Inn - Oban,Bidfood,918.71,Supplies
25/02/2026,Fox & Hound - Hamilton,DIAGEO,389.94,   
2026-01-06,The Crown - Stirling,Brakes Catering,698.64,   
21/03/2026,White Hart - Inverness,Heineken UK,278.09,Alcohol
2026-03-13,Black Bull - Dundee,BT PLC,145.65,   
02/02/2026,Kings Arms - Edinburgh,British Gas,810.43,Alcohol
28/03/2026,Red Lion - Glasgow,DIAGEO,535.63,   
28/02/2026,White Hart - Inverness,Coca Cola,£822.80,Alcohol
2026-01-13,White Hart - Inverness,Coca Cola,700.17,Alcohol
2026-01-30,The Crown - Stirling,Heineken UK,153.93,Food
2026-02-17,Fox & Hound - Hamilton,Coca Cola,£984.59,Food
4/10/2026,Queens Head - Aberdeen,BOOKER,253.82,
2026-02-09,The Swan - Ayr,Brakes Catering,£336.53,Food
2026-03-30,The Ship Inn - Oban,Heineken UK,1237.73,   
2026-01-30,Fox & Hound - Hamilton,BOOKER,300.35,   
13/01/2026,Queens Head - Aberdeen,Local Butcher,908.73,Food
2/22/2026,Black Bull - Dundee,BT PLC,£337.88,   
2/3/2026,Royal Oak - Paisley,British Gas,£91.66,Utilities
2026-03-14,The Crown - Stirling,Brakes Catering,891.76,Utilities
2/7/2026,Royal Oak - Paisley,DIAGEO,530.32,Utilities
1/28/2026,Queens Head - Aberdeen,EON Energy,851.25,   
07/03/2026,Fox & Hound - Hamilton,DIAGEO,669.32,
2026-03-15,White Hart - Inverness,Booker Wholesale,704.56,Food
2/15/2026,White Hart - Inverness,BOOKER,£236.03,   
1/18/2026,The Crown - Stirling,Brakes Catering,817.03,Utilities
2026-03-03,Black Bull - Dundee,Scottish Water,462.55,Supplies
2/6/2026,White Hart - Inverness,Brakes Catering,649.54,Utilities
24/03/2026,White Hart - Inverness,Coca Cola,580.56,Utilities
12/01/2026,The Swan - Ayr,Coca Cola,791.46,   
12/02/2026,The Anchor - Perth,JJ Food Service,1028.31,Alcohol
06/04/2026,The Swan - Ayr,Coca Cola,1153.12,
25/04/2026,The Plough - Falkirk,Brakes Catering,1050.93,Soft Drinks
2026-01-19,The Plough - Falkirk,Scottish Water,£907.48,
3/27/2026,Queens Head - Aberdeen,Local Butcher,£148.02,
2026-04-13,Black Bull - Dundee,Brakes Catering,510.01,Soft Drinks
12/01/2026,Royal Oak - Paisley,Amazon Business,1085.96,
4/16/2026,The Ship Inn - Oban,Heineken UK,814.38,Soft Drinks
2026-03-24,Fox & Hound - Hamilton,Local Butcher,541.10,Food
15/04/2026,Fox & Hound - Hamilton,EON Energy,825.92,
1/5/2026,The Crown - Stirling,Diageo Ltd,618.68,Supplies
06/04/2026,The Anchor - Perth,Amazon Business,57.32,Supplies
12/04/2026,The Ship Inn - Oban,Booker Wholesale,724.71,Utilities
1/16/2026,The Swan - Ayr,EON Energy,710.73,Utilities
21/04/2026,The Crown - Stirling,BOOKER,154.69,Soft Drinks
09/01/2026,The Anchor - Perth,EON Energy,1007.66,   
12/02/2026,Kings Arms - Edinburgh,JJ Food Service,408.52,Food
3/17/2026,The Ship Inn - Oban,Amazon Business,1020.76,
20/03/2026,The Crown - Stirling,Coca Cola,523.61,   
04/01/2026,Royal Oak - Paisley,Brakes Catering,958.93,
26/04/2026,Queens Head - Aberdeen,Coca Cola,542.27,Utilities
02/03/2026,White Hart - Inverness,Local Butcher,422.61,Food
2026-01-03,Royal Oak - Paisley,British Gas,193.48,Food
4/13/2026,The Ship Inn - Oban,BOOKER,589.18,Supplies
2026-03-12,Fox & Hound - Hamilton,Brakes Catering,883.71,Soft Drinks
1/1/2026,The Anchor - Perth,Scottish Water,322.41,Supplies
2026-04-19,The Ship Inn - Oban,Coca Cola,393.06,Utilities
2026-01-17,Royal Oak - Paisley,JJ Food Service,1125.38,Alcohol
2026-02-10,Queens Head - Aberdeen,Amazon Business,805.20,Utilities
3/6/2026,The Crown - Stirling,Heineken UK,266.69,
2/22/2026,The Plough - Falkirk,Coca Cola,415.92,Supplies
2/18/2026,Kings Arms - Edinburgh,Scottish Water,56.50,Alcohol
3/1/2026,Kings Arms - Edinburgh,Heineken UK,1047.22,
3/28/2026,Royal Oak - Paisley,Local Butcher,480.82,Alcohol
25/01/2026,The Swan - Ayr,Coca Cola,944.01,Supplies
2026-02-20,The Plough - Falkirk,DIAGEO,1051.15,   
2026-04-01,Red Lion - Glasgow,Coca Cola,704.43,Food
2026-03-15,The Crown - Stirling,EON Energy,51.07,Food
2026-03-10,The Crown - Stirling,Local Butcher,695.98,Soft Drinks
2026-02-20,The Plough - Falkirk,British Gas,262.25,Utilities
14/03/2026,Red Lion - Glasgow,Diageo Ltd,964.72,Food
1/2/2026,Black Bull - Dundee,Coca Cola,1012.87,   
2026-03-29,Queens Head - Aberdeen,Local Butcher,552.17,   
1/25/2026,The Swan - Ayr,EON Energy,£798.91,
11/01/2026,Black Bull - Dundee,JJ Food Service,427.88,Utilities
25/02/2026,The Ship Inn - Oban,Local Butcher,1179.89,Soft Drinks
2026-03-23,Royal Oak - Paisley,Bidfood,1148.10,Supplies
2026-02-20,Fox & Hound - Hamilton,JJ Food Service,£602.67,
3/18/2026,Kings Arms - Edinburgh,Coca Cola,897.87,Soft Drinks
2026-02-12,The Crown - Stirling,Local Butcher,273.09,   
2026-01-21,Royal Oak - Paisley,British Gas,505.65,Soft Drinks
22/04/2026,Royal Oak - Paisley,Amazon Business,1240.32,Utilities
2026-03-26,Royal Oak - Paisley,Diageo Ltd,£911.01,Food
2026-04-21,The Swan - Ayr,DIAGEO,1145.79,Supplies
26/03/2026,Red Lion - Glasgow,Heineken UK,1228.99,Utilities
2/6/2026,The Swan - Ayr,Scottish Water,£1204.97,Soft Drinks
2026-03-10,Black Bull - Dundee,Amazon Business,1188.45,Soft Drinks
4/8/2026,Royal Oak - Paisley,Heineken UK,£443.24,Utilities
2026-01-09,Kings Arms - Edinburgh,Booker Wholesale,450.85,Supplies
2026-03-01,Royal Oak - Paisley,EON Energy,717.62,Soft Drinks
11/03/2026,The Swan - Ayr,EON Energy,732.24,Food
13/02/2026,Fox & Hound - Hamilton,Amazon Business,1013.41,Supplies
2026-04-25,The Swan - Ayr,EON Energy,51.45,Supplies
2026-04-22,The Anchor - Perth,Heineken UK,1172.77,Supplies
2026-01-28,Red Lion - Glasgow,Booker Wholesale,1238.19,Utilities
03/02/2026,Black Bull - Dundee,Diageo Ltd,380.23,
2026-01-13,The Anchor - Perth,Coca Cola,£405.72,Utilities
2026-02-19,The Anchor - Perth,EON Energy,604.02,Supplies
1/3/2026,The Ship Inn - Oban,Booker Wholesale,1220.64,
4/14/2026,Queens Head - Aberdeen,JJ Food Service,248.97,Alcohol
2026-04-04,Fox & Hound - Hamilton,Bidfood,582.56,Utilities
2026-03-18,The Crown - Stirling,Brakes Catering,880.84,Utilities
2026-04-06,Red Lion - Glasgow,EON Energy,1047.93,Supplies
18/03/2026,Fox & Hound - Hamilton,Brakes Catering,931.44,Alcohol
2026-02-13,Queens Head - Aberdeen,Bidfood,1070.78,Utilities
2026-04-29,Kings Arms - Edinburgh,Amazon Business,1228.09,Alcohol
2026-03-28,Fox & Hound - Hamilton,DIAGEO,915.97,Utilities
2/9/2026,The Swan - Ayr,Amazon Business,1188.31,Utilities
20/02/2026,White Hart - Inverness,Coca Cola,751.18,Utilities
2026-04-28,The Plough - Falkirk,DIAGEO,116.33,Supplies
2026-03-14,The Crown - Stirling,British Gas,£123.24,Supplies
2026-04-14,Black Bull - Dundee,Scottish Water,367.33,Soft Drinks
2026-04-09,The Crown - Stirling,Diageo Ltd,£255.65,Alcohol
06/02/2026,The Crown - Stirling,Brakes Catering,1134.44,   
3/7/2026,The Swan - Ayr,Amazon Business,668.21,Utilities
23/02/2026,Fox & Hound - Hamilton,BOOKER,1230.58,Alcohol
4/19/2026,Queens Head - Aberdeen,Coca Cola,478.58,   
2026-02-24,The Ship Inn - Oban,Local Butcher,£739.65,Alcohol
2026-02-04,The Crown - Stirling,BT PLC,£696.78,
05/02/2026,The Swan - Ayr,Diageo Ltd,1127.76,
2026-01-03,The Crown - Stirling,Amazon Business,1046.92,Food
1/22/2026,The Crown - Stirling,BT PLC,878.62,   
2026-02-24,The Swan - Ayr,Bidfood,£949.95,
03/04/2026,The Crown - Stirling,Coca Cola,831.36,Alcohol
05/01/2026,The Crown - Stirling,Booker Wholesale,174.08,Utilities
2026-01-09,The Swan - Ayr,DIAGEO,377.66,Food
1/26/2026,White Hart - Inverness,Bidfood,1001.67,Supplies
12/03/2026,The Ship Inn - Oban,Local Butcher,803.83,Supplies
3/14/2026,The Crown - Stirling,British Gas,£892.54,Alcohol
4/7/2026,The Plough - Falkirk,BT PLC,341.42,Utilities
2026-03-06,Black Bull - Dundee,Bidfood,118.14,Utilities
4/30/2026,White Hart - Inverness,Coca Cola,1131.84,Supplies
2026-04-16,The Plough - Falkirk,Booker Wholesale,961.34,Utilities
2026-01-07,The Plough - Falkirk,Scottish Water,611.01,   
2026-04-18,Queens Head - Aberdeen,Scottish Water,286.37,   
15/04/2026,Black Bull - Dundee,JJ Food Service,£161.21,Soft Drinks
26/03/2026,Red Lion - Glasgow,DIAGEO,£339.76,Soft Drinks
1/12/2026,White Hart - Inverness,BT PLC,£1063.47,Alcohol
17/01/2026,White Hart - Inverness,Coca Cola,691.02,Alcohol
2026-04-27,White Hart - Inverness,Booker Wholesale,750.22,Utilities
2026-04-09,The Crown - Stirling,Diageo Ltd,305.14,Soft Drinks
2026-01-28,Kings Arms - Edinburgh,EON Energy,£824.75,
01/04/2026,Black Bull - Dundee,Bidfood,911.59,   
3/30/2026,The Anchor - Perth,BOOKER,633.85,Supplies
3/8/2026,White Hart - Inverness,DIAGEO,617.86,
04/04/2026,Royal Oak - Paisley,Scottish Water,257.61,Food
10/01/2026,The Crown - Stirling,Local Butcher,332.11,Soft Drinks
2026-01-06,White Hart - Inverness,EON Energy,967.25,Supplies
2/23/2026,Fox & Hound - Hamilton,Brakes Catering,167.78,   
2026-03-24,Royal Oak - Paisley,Amazon Business,916.97,   
16/04/2026,The Ship Inn - Oban,JJ Food Service,1082.21,
1/8/2026,The Anchor - Perth,Heineken UK,1133.61,
4/1/2026,White Hart - Inverness,Amazon Business,198.45,Supplies
2026-03-26,The Swan - Ayr,BOOKER,1083.92,Supplies
2026-02-24,The Plough - Falkirk,DIAGEO,1061.20,
2026-01-11,The Ship Inn - Oban,Coca Cola,821.54,   
2026-04-05,The Plough - Falkirk,Heineken UK,252.80,Alcohol
3/24/2026,Red Lion - Glasgow,Local Butcher,175.26,
4/14/2026,Kings Arms - Edinburgh,Coca Cola,965.02,Food
03/02/2026,Red Lion - Glasgow,Bidfood,630.63,Supplies
11/03/2026,White Hart - Inverness,Brakes Catering,416.16,Alcohol
06/03/2026,Queens Head - Aberdeen,British Gas,102.38,Food
24/04/2026,Kings Arms - Edinburgh,British Gas,335.78,   
3/18/2026,The Anchor - Perth,Local Butcher,£157.82,Soft Drinks
2026-03-24,Kings Arms - Edinburgh,Local Butcher,460.96,
08/03/2026,The Anchor - Perth,Scottish Water,880.81,   
4/5/2026,The Ship Inn - Oban,EON Energy,£825.36,Supplies
07/04/2026,Black Bull - Dundee,BT PLC,1200.75,Supplies
2/13/2026,The Anchor - Perth,DIAGEO,697.16,Soft Drinks
3/1/2026,Royal Oak - Paisley,JJ Food Service,904.41,Alcohol
2026-01-27,The Crown - Stirling,Bidfood,425.60,
2026-04-27,Fox & Hound - Hamilton,BOOKER,121.98,Utilities
3/26/2026,The Plough - Falkirk,Brakes Catering,518.61,
23/04/2026,The Plough - Falkirk,Bidfood,216.64,Supplies
2026-01-21,White Hart - Inverness,JJ Food Service,£56.43,Alcohol
15/03/2026,The Anchor - Perth,DIAGEO,£76.71,   
2026-03-14,Fox & Hound - Hamilton,JJ Food Service,627.15,Soft Drinks
3/8/2026,Fox & Hound - Hamilton,JJ Food Service,141.82,Food
12/03/2026,The Anchor - Perth,Amazon Business,706.78,   
3/9/2026,The Plough - Falkirk,Bidfood,67.37,Utilities
1/9/2026,Fox & Hound - Hamilton,JJ Food Service,1042.60,
3/1/2026,The Ship Inn - Oban,Booker Wholesale,75.59,Supplies
08/03/2026,The Crown - Stirling,JJ Food Service,£985.40,Supplies
15/04/2026,Queens Head - Aberdeen,EON Energy,360.02,Utilities
07/02/2026,White Hart - Inverness,Coca Cola,296.75,Alcohol
2026-02-12,Kings Arms - Edinburgh,JJ Food Service,882.29,
2026-03-24,White Hart - Inverness,Bidfood,482.82,Soft Drinks
23/03/2026,Fox & Hound - Hamilton,Scottish Water,767.44,Food
09/03/2026,Royal Oak - Paisley,Coca Cola,1123.51,Supplies
07/01/2026,The Anchor - Perth,Bidfood,957.11,Soft Drinks
2026-01-11,The Crown - Stirling,JJ Food Service,£611.38,Supplies
2026-01-28,Black Bull - Dundee,BT PLC,£580.48,   
2026-04-25,Red Lion - Glasgow,Local Butcher,913.66,   
25/03/2026,Black Bull - Dundee,DIAGEO,£1125.00,Food
11/04/2026,Black Bull - Dundee,Local Butcher,109.54,Food
30/04/2026,White Hart - Inverness,BOOKER,602.32,Supplies
4/2/2026,The Swan - Ayr,JJ Food Service,306.12,Soft Drinks
2026-03-05,Royal Oak - Paisley,Amazon Business,£1110.81,
20/01/2026,The Ship Inn - Oban,Booker Wholesale,559.11,   
30/01/2026,The Swan - Ayr,JJ Food Service,837.10,
19/04/2026,The Anchor - Perth,Amazon Business,1106.73,Supplies
2026-04-06,The Ship Inn - Oban,DIAGEO,108.33,Food
3/22/2026,Red Lion - Glasgow,EON Energy,1056.10,
2026-03-13,Kings Arms - Edinburgh,Local Butcher,641.08,   
1/17/2026,Royal Oak - Paisley,DIAGEO,797.61,Supplies
2/16/2026,Royal Oak - Paisley,Coca Cola,684.20,Soft Drinks
4/8/2026,White Hart - Inverness,Diageo Ltd,1119.52,
3/10/2026,The Plough - Falkirk,DIAGEO,834.86,Utilities
2026-04-02,The Crown - Stirling,Heineken UK,594.52,
01/01/2026,The Ship Inn - Oban,Diageo Ltd,77.38,
2026-02-23,Kings Arms - Edinburgh,BT PLC,1104.66,   
2026-01-16,White Hart - Inverness,EON Energy,1173.04,Food
2026-03-27,Red Lion - Glasgow,Scottish Water,£662.88,   
4/6/2026,Black Bull - Dundee,BT PLC,£481.40,Alcohol
4/19/2026,Royal Oak - Paisley,Heineken UK,593.17,   
06/02/2026,White Hart - Inverness,Amazon Business,216.46,Utilities
4/13/2026,The Anchor - Perth,BT PLC,586.14,Utilities
26/03/2026,The Anchor - Perth,Local Butcher,£925.71,
4/21/2026,Fox & Hound - Hamilton,DIAGEO,656.70,Utilities
2/16/2026,Queens Head - Aberdeen,Brakes Catering,851.26,Food
1/31/2026,The Ship Inn - Oban,Heineken UK,200.10,Soft Drinks
03/02/2026,Royal Oak - Paisley,DIAGEO,496.28,
2026-01-13,Red Lion - Glasgow,EON Energy,388.87,Food
2026-01-21,Black Bull - Dundee,Bidfood,1095.13,Alcohol
28/02/2026,Kings Arms - Edinburgh,Bidfood,1075.41,Food
12/03/2026,The Crown - Stirling,Coca Cola,£107.98,   
1/19/2026,The Crown - Stirling,Scottish Water,386.94,Supplies
1/3/2026,The Crown - Stirling,Heineken UK,578.53,Soft Drinks
3/14/2026,Royal Oak - Paisley,Brakes Catering,300.03,Alcohol
3/31/2026,Queens Head - Aberdeen,DIAGEO,582.10,Supplies
2026-01-23,Queens Head - Aberdeen,British Gas,935.14,Alcohol
2026-03-07,Fox & Hound - Hamilton,Booker Wholesale,960.38,
2026-03-29,Fox & Hound - Hamilton,JJ Food Service,528.74,Utilities
2026-02-07,The Ship Inn - Oban,JJ Food Service,867.12,Soft Drinks
2026-02-10,The Crown - Stirling,Brakes Catering,213.81,Food
2/20/2026,The Ship Inn - Oban,Amazon Business,268.97,Utilities
29/04/2026,The Ship Inn - Oban,DIAGEO,1086.14,   
2026-01-22,Kings Arms - Edinburgh,Coca Cola,405.88,Alcohol
4/17/2026,Kings Arms - Edinburgh,BOOKER,586.47,Alcohol
2/20/2026,Queens Head - Aberdeen,EON Energy,465.31,Food
26/01/2026,Royal Oak - Paisley,Local Butcher,1249.27,   
05/02/2026,White Hart - Inverness,Diageo Ltd,380.63,   
19/03/2026,The Ship Inn - Oban,British Gas,911.15,Supplies
02/01/2026,The Ship Inn - Oban,Diageo Ltd,£842.43,
2026-01-09,The Crown - Stirling,BT PLC,201.15,
1/28/2026,The Anchor - Perth,JJ Food Service,99.85,
22/03/2026,White Hart - Inverness,Booker Wholesale,1232.09,Food
24/03/2026,The Swan - Ayr,Heineken UK,670.11,   
2026-02-24,Queens Head - Aberdeen,Amazon Business,190.80,Alcohol
2026-04-01,White Hart - Inverness,JJ Food Service,278.30,Alcohol
29/01/2026,The Swan - Ayr,British Gas,1045.03,Food
14/01/2026,Royal Oak - Paisley,Coca Cola,301.03,Utilities
2/12/2026,Royal Oak - Paisley,DIAGEO,226.20,Soft Drinks
12/02/2026,The Plough - Falkirk,Booker Wholesale,792.79,Alcohol
2026-03-27,Kings Arms - Edinburgh,Diageo Ltd,110.83,Alcohol
3/22/2026,Red Lion - Glasgow,Bidfood,1176.24,Utilities
2026-04-28,Queens Head - Aberdeen,Heineken UK,559.31,Supplies
16/02/2026,Kings Arms - Edinburgh,British Gas,857.93,Soft Drinks
10/03/2026,Black Bull - Dundee,BOOKER,84.18,
1/21/2026,Royal Oak - Paisley,Booker Wholesale,636.69,Food
2/22/2026,The Swan - Ayr,Coca Cola,£698.28,Food
02/01/2026,Queens Head - Aberdeen,Heineken UK,873.90,Soft Drinks
06/02/2026,Kings Arms - Edinburgh,Booker Wholesale,698.96,Alcohol
2026-02-21,Queens Head - Aberdeen,BOOKER,£295.74,   
2/8/2026,Fox & Hound - Hamilton,Heineken UK,325.97,Alcohol
2/5/2026,The Plough - Falkirk,Amazon Business,143.68,Supplies
2026-01-30,The Anchor - Perth,British Gas,1167.67,   
08/01/2026,Fox & Hound - Hamilton,BOOKER,989.99,Alcohol
4/1/2026,Fox & Hound - Hamilton,BT PLC,£143.78,Supplies
3/25/2026,The Plough - Falkirk,Diageo Ltd,446.58,Utilities
2026-01-12,Royal Oak - Paisley,BT PLC,1145.57,
2026-02-07,The Ship Inn - Oban,Coca Cola,£1154.61,Alcohol
2026-04-18,Royal Oak - Paisley,EON Energy,439.95,   
2026-02-25,Royal Oak - Paisley,Booker Wholesale,301.97,
4/18/2026,The Swan - Ayr,Brakes Catering,1209.32,
2026-03-25,The Plough - Falkirk,Coca Cola,189.02,
1/26/2026,The Crown - Stirling,Local Butcher,1218.83,Alcohol
2026-03-05,Black Bull - Dundee,Local Butcher,£639.69,Supplies
4/15/2026,The Swan - Ayr,Coca Cola,181.48,Alcohol
18/03/2026,Fox & Hound - Hamilton,Amazon Business,638.21,Soft Drinks
27/01/2026,Kings Arms - Edinburgh,EON Energy,£858.37,Alcohol
1/2/2026,White Hart - Inverness,Coca Cola,383.96,Soft Drinks
2026-04-02,The Crown - Stirling,EON Energy,£838.96,Utilities
12/03/2026,Red Lion - Glasgow,DIAGEO,178.79,
2026-03-13,The Swan - Ayr,BOOKER,489.74,Soft Drinks
3/29/2026,The Ship Inn - Oban,Heineken UK,348.32,Alcohol
2026-01-09,The Anchor - Perth,Bidfood,295.11,Food
2026-03-02,Black Bull - Dundee,BOOKER,558.91,
29/03/2026,The Anchor - Perth,BOOKER,349.38,   
2026-02-10,The Ship Inn - Oban,BOOKER,746.63,   
3/6/2026,The Swan - Ayr,Local Butcher,81.23,Supplies
3/26/2026,Fox & Hound - Hamilton,EON Energy,1034.86,
2026-01-10,White Hart - Inverness,DIAGEO,1235.61,
2026-03-29,The Swan - Ayr,Scottish Water,630.83,Alcohol
24/03/2026,The Plough - Falkirk,DIAGEO,903.63,Supplies
2026-01-27,The Anchor - Perth,Heineken UK,£268.86,   
17/01/2026,Black Bull - Dundee,EON Energy,199.46,Food
3/19/2026,The Swan - Ayr,BOOKER,196.84,Soft Drinks
2026-03-21,Red Lion - Glasgow,Coca Cola,1154.26,   
07/01/2026,Red Lion - Glasgow,JJ Food Service,801.77,   
2/19/2026,Queens Head - Aberdeen,British Gas,198.59,
04/01/2026,The Ship Inn - Oban,DIAGEO,1195.35,Supplies
2026-03-16,White Hart - Inverness,Heineken UK,1117.98,Supplies
2026-03-20,Red Lion - Glasgow,Heineken UK,284.48,   
2/13/2026,Black Bull - Dundee,Bidfood,1081.08,Food
11/03/2026,Fox & Hound - Hamilton,British Gas,1005.51,   
4/7/2026,The Swan - Ayr,Amazon Business,689.09,   
4/11/2026,The Ship Inn - Oban,Scottish Water,133.83,   
1/29/2026,Black Bull - Dundee,Brakes Catering,398.50,   
2026-04-01,The Anchor - Perth,Coca Cola,262.51,Alcohol
4/7/2026,The Plough - Falkirk,Coca Cola,807.86,Food
2026-02-02,Black Bull - Dundee,Booker Wholesale,93.78,   
04/02/2026,Black Bull - Dundee,Scottish Water,470.82,Food
1/18/2026,Queens Head - Aberdeen,Bidfood,£84.21,
19/02/2026,The Plough - Falkirk,Scottish Water,861.45,
10/04/2026,The Swan - Ayr,BOOKER,435.72,Utilities
2026-04-25,The Swan - Ayr,British Gas,259.47,Supplies
2026-03-29,Royal Oak - Paisley,EON Energy,384.28,Supplies
2026-01-23,Fox & Hound - Hamilton,Amazon Business,£556.59,Food
02/01/2026,Queens Head - Aberdeen,Coca Cola,1165.87,Alcohol
2026-03-06,The Swan - Ayr,BOOKER,1016.63,Utilities
2026-01-26,White Hart - Inverness,JJ Food Service,£775.26,   
2026-04-06,Royal Oak - Paisley,JJ Food Service,£937.73,Alcohol
2026-01-25,White Hart - Inverness,Scottish Water,£496.23,Supplies
2/1/2026,The Ship Inn - Oban,Local Butcher,£639.62,   
2026-01-06,White Hart - Inverness,Scottish Water,1168.99,Supplies
2026-03-21,White Hart - Inverness,Diageo Ltd,762.48,Alcohol
2026-02-17,Black Bull - Dundee,Local Butcher,1246.73,Alcohol
2026-04-18,Fox & Hound - Hamilton,Heineken UK,84.65,Supplies
29/03/2026,Royal Oak - Paisley,JJ Food Service,195.10,Utilities
2026-02-17,The Ship Inn - Oban,Amazon Business,1117.12,Soft Drinks
19/03/2026,The Anchor - Perth,Scottish Water,508.77,   
2026-03-20,Kings Arms - Edinburgh,Bidfood,1128.51,Alcohol
04/03/2026,Kings Arms - Edinburgh,JJ Food Service,971.58,Supplies
2026-03-28,The Swan - Ayr,Brakes Catering,544.01,Utilities
1/13/2026,Kings Arms - Edinburgh,Brakes Catering,£193.41,   
2026-01-26,The Swan - Ayr,Heineken UK,952.27,Supplies
14/01/2026,The Crown - Stirling,Local Butcher,308.08,Soft Drinks
1/16/2026,The Plough - Falkirk,Diageo Ltd,69.19,   
13/01/2026,Black Bull - Dundee,EON Energy,536.51,   
2026-01-20,The Crown - Stirling,British Gas,889.89,Utilities
15/03/2026,Royal Oak - Paisley,Scottish Water,£275.28,   
09/03/2026,The Swan - Ayr,Coca Cola,£716.02,
4/14/2026,White Hart - Inverness,Booker Wholesale,£194.92,   
2/4/2026,White Hart - Inverness,EON Energy,532.44,Soft Drinks
2026-04-10,Fox & Hound - Hamilton,Diageo Ltd,891.27,Soft Drinks
2026-03-07,White Hart - Inverness,British Gas,327.42,Alcohol
2026-03-15,Queens Head - Aberdeen,BOOKER,£1094.78,   
2026-02-13,Royal Oak - Paisley,BOOKER,1171.04,   
03/03/2026,Fox & Hound - Hamilton,Diageo Ltd,1118.54,
16/01/2026,Kings Arms - Edinburgh,Heineken UK,821.76,
1/13/2026,Red Lion - Glasgow,BOOKER,98.51,
2026-01-06,Queens Head - Aberdeen,BOOKER,120.38,   
04/04/2026,The Swan - Ayr,EON Energy,401.29,Alcohol
2026-04-15,The Ship Inn - Oban,Brakes Catering,140.56,Alcohol
2/7/2026,White Hart - Inverness,Booker Wholesale,£1099.12,Soft Drinks
2026-01-07,Red Lion - Glasgow,Heineken UK,991.59,
4/13/2026,The Crown - Stirling,Amazon Business,£102.45,
4/8/2026,The Ship Inn - Oban,Amazon Business,£730.32,
2026-02-16,The Anchor - Perth,EON Energy,532.74,
2/22/2026,The Ship Inn - Oban,DIAGEO,1024.77,Food
2026-01-31,The Anchor - Perth,Coca Cola,794.40,Supplies
2026-02-10,Red Lion - Glasgow,BT PLC,295.00,Soft Drinks
07/01/2026,White Hart - Inverness,BOOKER,1031.71,Supplies
09/01/2026,Royal Oak - Paisley,Scottish Water,961.26,Alcohol
10/03/2026,The Anchor - Perth,Brakes Catering,109.43,Supplies
1/21/2026,Queens Head - Aberdeen,EON Energy,649.70,
2026-04-06,Black Bull - Dundee,EON Energy,£450.94,Soft Drinks
2026-04-11,Kings Arms - Edinburgh,Coca Cola,1096.92,
18/01/2026,The Ship Inn - Oban,British Gas,433.20,
19/02/2026,Fox & Hound - Hamilton,DIAGEO,107.02,Alcohol
3/30/2026,The Anchor - Perth,Coca Cola,520.69,Alcohol
3/21/2026,Queens Head - Aberdeen,Bidfood,615.69,   
18/01/2026,Queens Head - Aberdeen,EON Energy,441.26,Soft Drinks
1/15/2026,The Anchor - Perth,BOOKER,982.17,Supplies
2026-02-09,White Hart - Inverness,DIAGEO,£1246.48,   
2026-02-23,The Crown - Stirling,BT PLC,411.33,
2/21/2026,The Plough - Falkirk,JJ Food Service,733.59,Food
06/02/2026,Red Lion - Glasgow,Diageo Ltd,£954.25,   
2/3/2026,Red Lion - Glasgow,BOOKER,394.78,Utilities
3/3/2026,Red Lion - Glasgow,Booker Wholesale,£576.64,   
27/01/2026,Kings Arms - Edinburgh,British Gas,866.47,Food
4/3/2026,The Crown - Stirling,Local Butcher,534.13,Alcohol
2/24/2026,The Swan - Ayr,BOOKER,457.45,Soft Drinks
2026-01-07,The Swan - Ayr,BOOKER,548.27,Utilities
2026-01-27,The Swan - Ayr,Heineken UK,834.98,   
2026-03-29,Queens Head - Aberdeen,Scottish Water,£954.90,Alcohol
08/03/2026,White Hart - Inverness,DIAGEO,449.69,   
2026-01-04,Fox & Hound - Hamilton,BT PLC,£489.90,Utilities
2026-04-24,Queens Head - Aberdeen,JJ Food Service,£599.33,Soft Drinks
2026-04-07,Black Bull - Dundee,DIAGEO,£1116.73,Supplies
2026-04-11,The Swan - Ayr,Bidfood,1156.13,Soft Drinks
2026-03-18,The Anchor - Perth,BOOKER,£312.97,   
2026-02-08,White Hart - Inverness,EON Energy,263.54,Food
17/01/2026,The Swan - Ayr,JJ Food Service,152.57,Food
3/14/2026,The Plough - Falkirk,Diageo Ltd,511.88,Utilities
4/7/2026,Queens Head - Aberdeen,Booker Wholesale,£982.87,
1/16/2026,Black Bull - Dundee,Amazon Business,540.84,Soft Drinks
2/11/2026,Royal Oak - Paisley,Brakes Catering,£739.98,
1/25/2026,Fox & Hound - Hamilton,Booker Wholesale,410.47,Supplies
11/01/2026,Kings Arms - Edinburgh,JJ Food Service,1218.63,Utilities
02/02/2026,The Anchor - Perth,Amazon Business,561.59,Food
19/04/2026,Fox & Hound - Hamilton,JJ Food Service,895.42,   
4/21/2026,The Anchor - Perth,JJ Food Service,79.44,
15/01/2026,Fox & Hound - Hamilton,JJ Food Service,1071.50,   
2026-03-31,The Ship Inn - Oban,Bidfood,57.39,
2026-03-17,Fox & Hound - Hamilton,Diageo Ltd,211.72,Soft Drinks
4/4/2026,Red Lion - Glasgow,Diageo Ltd,971.61,Food
24/02/2026,Royal Oak - Paisley,JJ Food Service,398.26,   
4/18/2026,The Crown - Stirling,Diageo Ltd,£427.24,
2026-02-01,The Anchor - Perth,Booker Wholesale,102.01,Food
27/04/2026,Black Bull - Dundee,Brakes Catering,573.43,Soft Drinks
4/3/2026,The Crown - Stirling,Booker Wholesale,650.12,Food
17/01/2026,The Swan - Ayr,Diageo Ltd,243.00,Alcohol
2026-03-18,White Hart - Inverness,British Gas,£873.81,   
25/01/2026,Kings Arms - Edinburgh,Booker Wholesale,885.15,Alcohol
3/17/2026,Black Bull - Dundee,Booker Wholesale,456.00,Soft Drinks
1/1/2026,The Crown - Stirling,Bidfood,79.74,Food
11/04/2026,Fox & Hound - Hamilton,EON Energy,194.43,Utilities
16/03/2026,The Crown - Stirling,Coca Cola,682.19,Alcohol
2/21/2026,Queens Head - Aberdeen,Diageo Ltd,418.30,Utilities
3/25/2026,The Plough - Falkirk,EON Energy,£709.65,Supplies
05/01/2026,The Ship Inn - Oban,British Gas,80.70,
3/21/2026,Kings Arms - Edinburgh,Scottish Water,362.41,Food
4/5/2026,Kings Arms - Edinburgh,EON Energy,1053.49,
1/1/2026,Black Bull - Dundee,Coca Cola,£980.23,
2026-03-20,Royal Oak - Paisley,Scottish Water,361.23,
07/02/2026,The Swan - Ayr,Booker Wholesale,256.59,Food
28/04/2026,Red Lion - Glasgow,Bidfood,611.49,
29/03/2026,The Crown - Stirling,Brakes Catering,£921.00,Alcohol
2026-03-28,The Ship Inn - Oban,Heineken UK,£810.30,Soft Drinks
4/5/2026,Fox & Hound - Hamilton,Scottish Water,283.09,Alcohol
2026-03-25,White Hart - Inverness,Local Butcher,1132.06,Alcohol
25/01/2026,The Plough - Falkirk,Heineken UK,1002.13,   
4/4/2026,Black Bull - Dundee,Brakes Catering,136.96,   
20/04/2026,White Hart - Inverness,JJ Food Service,985.19,Food
16/03/2026,Queens Head - Aberdeen,EON Energy,1133.21,Supplies
3/4/2026,The Ship Inn - Oban,British Gas,1166.14,
2026-03-16,The Crown - Stirling,Scottish Water,717.27,
2026-04-10,Black Bull - Dundee,DIAGEO,1040.04,   
31/01/2026,The Ship Inn - Oban,Bidfood,£53.62,Utilities
2026-02-10,Queens Head - Aberdeen,DIAGEO,1174.51,
1/2/2026,Royal Oak - Paisley,Brakes Catering,378.46,
2026-04-18,The Swan - Ayr,Bidfood,£547.96,   
03/02/2026,The Plough - Falkirk,Bidfood,£127.43,Utilities
2/10/2026,Queens Head - Aberdeen,Amazon Business,£961.79,Supplies
2026-04-17,The Anchor - Perth,BT PLC,509.38,   
2026-04-25,The Swan - Ayr,Local Butcher,£846.07,Utilities
2/5/2026,The Crown - Stirling,BT PLC,675.47,Alcohol
12/01/2026,Red Lion - Glasgow,British Gas,920.62,Soft Drinks
2/9/2026,Royal Oak - Paisley,Heineken UK,381.63,Utilities
2026-02-14,Black Bull - Dundee,British Gas,766.21,Food
2026-04-21,The Crown - Stirling,DIAGEO,£469.63,Alcohol
2026-02-28,White Hart - Inverness,Amazon Business,290.81,Soft Drinks
3/24/2026,Red Lion - Glasgow,Local Butcher,1087.51,Supplies
22/01/2026,The Crown - Stirling,BT PLC,671.59,Food
2026-01-30,Queens Head - Aberdeen,BT PLC,286.51,Soft Drinks
4/24/2026,The Swan - Ayr,Bidfood,313.67,Utilities
07/02/2026,The Anchor - Perth,DIAGEO,£637.38,   
2/17/2026,Queens Head - Aberdeen,BT PLC,1047.25,
3/20/2026,Queens Head - Aberdeen,Diageo Ltd,177.10,Alcohol
2026-02-08,The Crown - Stirling,Bidfood,£1207.80,Supplies
09/04/2026,The Crown - Stirling,British Gas,1025.94,Food
28/03/2026,Royal Oak - Paisley,BOOKER,270.79,Alcohol
2026-01-04,White Hart - Inverness,Heineken UK,£92.14,Food
27/04/2026,White Hart - Inverness,Amazon Business,£1031.00,
07/04/2026,Queens Head - Aberdeen,Coca Cola,£409.13,   
2026-02-21,The Swan - Ayr,BOOKER,173.18,Supplies
10/02/2026,Queens Head - Aberdeen,Scottish Water,864.27,Alcohol
1/14/2026,Queens Head - Aberdeen,Amazon Business,£536.57,Soft Drinks
4/27/2026,Queens Head - Aberdeen,EON Energy,1090.99,Utilities
2/6/2026,Red Lion - Glasgow,JJ Food Service,735.26,   
2/25/2026,Royal Oak - Paisley,Amazon Business,296.77,
13/01/2026,White Hart - Inverness,British Gas,442.07,Utilities
2026-04-10,Black Bull - Dundee,Scottish Water,998.68,   
20/01/2026,The Crown - Stirling,BT PLC,469.38,
1/9/2026,The Anchor - Perth,Local Butcher,80.54,   
4/27/2026,The Ship Inn - Oban,Brakes Catering,1121.93,   
28/03/2026,Queens Head - Aberdeen,Local Butcher,£1090.59,Utilities
1/3/2026,Fox & Hound - Hamilton,Diageo Ltd,947.13,
23/04/2026,The Crown - Stirling,Diageo Ltd,888.57,Utilities
2/9/2026,Kings Arms - Edinburgh,EON Energy,145.36,Food
2/9/2026,The Plough - Falkirk,EON Energy,£131.83,Supplies
1/10/2026,The Anchor - Perth,DIAGEO,£1145.33,Supplies
2026-03-04,Black Bull - Dundee,Bidfood,1003.45,
19/04/2026,The Anchor - Perth,Coca Cola,818.08,Utilities
2/13/2026,The Swan - Ayr,Booker Wholesale,855.98,Alcohol
4/5/2026,Fox & Hound - Hamilton,JJ Food Service,1105.42,Utilities
2026-01-05,White Hart - Inverness,Scottish Water,934.93,Soft Drinks
11/04/2026,Kings Arms - Edinburgh,Heineken UK,225.02,
28/04/2026,The Plough - Falkirk,JJ Food Service,994.64,Utilities
1/12/2026,The Ship Inn - Oban,Diageo Ltd,1149.48,Utilities
18/02/2026,Red Lion - Glasgow,JJ Food Service,510.07,
16/04/2026,The Ship Inn - Oban,Heineken UK,708.11,   
2026-03-18,The Ship Inn - Oban,JJ Food Service,55.57,Food
02/04/2026,The Anchor - Perth,Coca Cola,67.35,Food
14/03/2026,The Plough - Falkirk,Bidfood,£989.76,Supplies
13/03/2026,The Swan - Ayr,JJ Food Service,537.30,Utilities
20/03/2026,The Plough - Falkirk,Diageo Ltd,393.77,Soft Drinks
4/21/2026,The Anchor - Perth,EON Energy,314.10,Food
4/3/2026,The Plough - Falkirk,Booker Wholesale,738.62,
20/01/2026,Black Bull - Dundee,DIAGEO,1007.77,Soft Drinks
3/30/2026,The Crown - Stirling,JJ Food Service,£609.48,Food
19/02/2026,The Crown - Stirling,British Gas,£1065.85,Supplies
30/01/2026,Black Bull - Dundee,Brakes Catering,365.84,Soft Drinks
2026-04-14,Red Lion - Glasgow,BOOKER,£341.35,   
2026-03-26,White Hart - Inverness,Local Butcher,831.00,
2026-01-20,Kings Arms - Edinburgh,Scottish Water,1143.46,Food
14/04/2026,Fox & Hound - Hamilton,Bidfood,1102.60,   
2026-01-31,Red Lion - Glasgow,Booker Wholesale,873.39,   
2026-04-07,The Plough - Falkirk,Diageo Ltd,1076.94,
2026-01-15,Queens Head - Aberdeen,BT PLC,591.35,Alcohol
01/04/2026,The Crown - Stirling,DIAGEO,515.93,   
4/12/2026,The Swan - Ayr,Bidfood,£844.65,   
2026-02-21,Fox & Hound - Hamilton,Coca Cola,1089.88,Supplies
1/22/2026,The Ship Inn - Oban,Bidfood,233.05,Alcohol
3/12/2026,Fox & Hound - Hamilton,Scottish Water,129.50,   
2/1/2026,Black Bull - Dundee,DIAGEO,480.32,   
2026-02-14,Royal Oak - Paisley,Heineken UK,396.36,Soft Drinks
2026-03-12,Royal Oak - Paisley,Local Butcher,687.17,Utilities
24/04/2026,The Crown - Stirling,Coca Cola,601.84,
2026-01-25,Royal Oak - Paisley,British Gas,1104.86,Alcohol
2026-02-21,The Ship Inn - Oban,Amazon Business,959.87,   
14/01/2026,Fox & Hound - Hamilton,Brakes Catering,£467.11,   
2026-02-15,The Ship Inn - Oban,BOOKER,955.25,
16/03/2026,Fox & Hound - Hamilton,Heineken UK,258.33,   
2026-02-25,Royal Oak - Paisley,Booker Wholesale,185.88,Utilities
3/17/2026,The Ship Inn - Oban,British Gas,893.43,Alcohol
2026-04-22,The Crown - Stirling,BOOKER,770.87,
27/04/2026,The Anchor - Perth,BOOKER,809.39,   
2026-03-31,The Anchor - Perth,British Gas,185.16,Supplies
14/02/2026,Royal Oak - Paisley,Scottish Water,986.96,Food
3/2/2026,Red Lion - Glasgow,EON Energy,754.55,Soft Drinks
2026-02-18,The Anchor - Perth,Booker Wholesale,962.74,Alcohol
3/15/2026,Black Bull - Dundee,Heineken UK,904.89,Alcohol
04/03/2026,Queens Head - Aberdeen,Brakes Catering,1153.61,Supplies
2026-04-11,Royal Oak - Paisley,British Gas,1191.44,Utilities
4/26/2026,The Crown - Stirling,Coca Cola,£1150.76,   
2026-01-27,Black Bull - Dundee,Diageo Ltd,66.39,Utilities
20/04/2026,The Plough - Falkirk,EON Energy,1057.10,Utilities
02/03/2026,Royal Oak - Paisley,Booker Wholesale,235.85,   
2026-01-22,The Ship Inn - Oban,BOOKER,£69.60,Soft Drinks
11/01/2026,Royal Oak - Paisley,Amazon Business,638.87,
2026-01-08,Queens Head - Aberdeen,JJ Food Service,£864.20,
2026-01-06,Fox & Hound - Hamilton,BOOKER,533.49,Utilities
2026-04-26,Red Lion - Glasgow,Coca Cola,314.83,
2/24/2026,The Ship Inn - Oban,Amazon Business,£321.78,Utilities
07/02/2026,The Plough - Falkirk,Brakes Catering,775.77,
4/22/2026,Fox & Hound - Hamilton,Diageo Ltd,354.34,
2/17/2026,Kings Arms - Edinburgh,Booker Wholesale,936.26,Food
2026-02-15,The Crown - Stirling,Diageo Ltd,555.02,Soft Drinks
1/4/2026,The Crown - Stirling,Local Butcher,306.14,   
2026-03-23,The Plough - Falkirk,Diageo Ltd,£767.54,   
2026-02-18,White Hart - Inverness,Booker Wholesale,932.20,   
2026-04-14,Kings Arms - Edinburgh,EON Energy,813.00,Soft Drinks
1/21/2026,Black Bull - Dundee,Booker Wholesale,918.17,Alcohol
05/04/2026,Red Lion - Glasgow,Heineken UK,£451.16,
3/5/2026,Red Lion - Glasgow,JJ Food Service,592.50,Utilities
2/23/2026,The Anchor - Perth,Coca Cola,776.85,
4/15/2026,White Hart - Inverness,Brakes Catering,395.31,   
01/01/2026,The Anchor - Perth,JJ Food Service,576.78,   
1/28/2026,Black Bull - Dundee,BT PLC,£874.15,Supplies
2/18/2026,White Hart - Inverness,BT PLC,£1126.73,Supplies
4/15/2026,Red Lion - Glasgow,Local Butcher,£736.35,Alcohol
2026-03-17,Royal Oak - Paisley,Scottish Water,715.20,
2026-04-08,Queens Head - Aberdeen,Coca Cola,381.83,Supplies
10/02/2026,Fox & Hound - Hamilton,Local Butcher,1058.02,Food
16/01/2026,Royal Oak - Paisley,Bidfood,377.30,   
4/13/2026,Fox & Hound - Hamilton,British Gas,£657.51,Alcohol
12/03/2026,Red Lion - Glasgow,Brakes Catering,589.87,Utilities
2026-03-20,White Hart - Inverness,Local Butcher,396.01,Supplies
2026-02-24,Black Bull - Dundee,Local Butcher,£624.96,Supplies
03/04/2026,The Anchor - Perth,BOOKER,211.22,Soft Drinks
4/17/2026,Queens Head - Aberdeen,EON Energy,99.33,Utilities
2026-01-13,Red Lion - Glasgow,Booker Wholesale,177.27,   
2026-04-12,White Hart - Inverness,DIAGEO,117.40,Soft Drinks
2026-02-09,The Ship Inn - Oban,Diageo Ltd,127.77,Soft Drinks
2026-04-16,The Anchor - Perth,BOOKER,755.28,   
21/04/2026,Black Bull - Dundee,Heineken UK,£533.40,
2026-02-16,Kings Arms - Edinburgh,BT PLC,368.76,Soft Drinks
4/14/2026,Royal Oak - Paisley,JJ Food Service,1175.03,
2026-02-12,The Plough - Falkirk,DIAGEO,914.01,Supplies
2/19/2026,The Plough - Falkirk,Scottish Water,691.84,Alcohol
3/6/2026,The Plough - Falkirk,Amazon Business,134.71,Food
08/04/2026,The Swan - Ayr,Amazon Business,£1081.83,Utilities
2026-03-18,White Hart - Inverness,Bidfood,£458.81,
03/04/2026,The Ship Inn - Oban,BT PLC,£1039.25,Soft Drinks
2026-04-24,Fox & Hound - Hamilton,JJ Food Service,1117.23,   
2026-03-21,The Ship Inn - Oban,Brakes Catering,543.98,
01/04/2026,The Ship Inn - Oban,Scottish Water,628.14,Food
27/04/2026,The Swan - Ayr,Brakes Catering,714.27,   
10/04/2026,Royal Oak - Paisley,DIAGEO,567.15,
2026-01-17,Red Lion - Glasgow,Amazon Business,1039.31,   
4/28/2026,Royal Oak - Paisley,DIAGEO,£353.98,Utilities
2026-02-13,Royal Oak - Paisley,Amazon Business,96.48,Food
14/04/2026,Fox & Hound - Hamilton,DIAGEO,632.58,Supplies
2026-02-11,The Anchor - Perth,British Gas,402.82,Soft Drinks
12/04/2026,The Swan - Ayr,Booker Wholesale,1059.36,Alcohol
2/23/2026,The Plough - Falkirk,Booker Wholesale,975.18,Alcohol
24/04/2026,The Plough - Falkirk,Brakes Catering,1035.63,Soft Drinks
2026-02-14,Queens Head - Aberdeen,Coca Cola,1230.98,Supplies
17/04/2026,The Ship Inn - Oban,BT PLC,359.85,Food
1/26/2026,The Swan - Ayr,JJ Food Service,900.34,
3/27/2026,The Ship Inn - Oban,BOOKER,£294.03,Alcohol
2026-01-08,The Crown - Stirling,DIAGEO,£380.24,
07/03/2026,The Swan - Ayr,BOOKER,£230.37,Soft Drinks
2026-01-03,Black Bull - Dundee,Amazon Business,1218.18,Supplies
10/01/2026,The Ship Inn - Oban,Diageo Ltd,803.81,Soft Drinks
2026-02-18,Fox & Hound - Hamilton,Diageo Ltd,657.39,   
3/12/2026,The Ship Inn - Oban,BOOKER,126.53,Food
06/04/2026,The Ship Inn - Oban,Booker Wholesale,£777.30,   
2026-02-15,Fox & Hound - Hamilton,British Gas,662.65,Supplies
24/01/2026,Black Bull - Dundee,Bidfood,631.52,Alcohol
2/9/2026,Royal Oak - Paisley,Heineken UK,1042.01,Food
10/01/2026,Red Lion - Glasgow,Heineken UK,234.17,Food
14/03/2026,Fox & Hound - Hamilton,Brakes Catering,951.56,Supplies
3/10/2026,Fox & Hound - Hamilton,Amazon Business,191.77,Utilities
18/01/2026,The Crown - Stirling,JJ Food Service,£121.01,   
18/01/2026,Kings Arms - Edinburgh,Heineken UK,798.61,Food
24/03/2026,Black Bull - Dundee,Bidfood,364.55,   
3/11/2026,White Hart - Inverness,EON Energy,119.71,   
2026-02-13,The Ship Inn - Oban,British Gas,610.15,Alcohol
2026-04-27,Kings Arms - Edinburgh,Bidfood,1038.03,
2026-01-13,The Plough - Falkirk,Scottish Water,333.20,
3/25/2026,Royal Oak - Paisley,Brakes Catering,457.00,Soft Drinks
2026-02-19,Kings Arms - Edinburgh,Diageo Ltd,1216.49,   
1/10/2026,Queens Head - Aberdeen,British Gas,645.76,Food
3/28/2026,Royal Oak - Paisley,BT PLC,1037.78,Utilities
23/04/2026,The Plough - Falkirk,Amazon Business,£173.79,Supplies
4/29/2026,The Ship Inn - Oban,Local Butcher,982.37,Alcohol
17/01/2026,The Ship Inn - Oban,Booker Wholesale,366.19,   
2/11/2026,Royal Oak - Paisley,JJ Food Service,£286.41,Utilities
2/12/2026,The Ship Inn - Oban,Brakes Catering,265.18,Food
2026-03-26,Black Bull - Dundee,Diageo Ltd,703.07,Utilities
1/28/2026,Black Bull - Dundee,Coca Cola,1077.49,
2026-03-11,Red Lion - Glasgow,EON Energy,675.94,Food
25/02/2026,Black Bull - Dundee,Bidfood,931.96,   
23/03/2026,The Plough - Falkirk,BOOKER,798.18,   
1/11/2026,Kings Arms - Edinburgh,Bidfood,£249.14,Food
3/14/2026,The Plough - Falkirk,Brakes Catering,825.97,Utilities
23/04/2026,Red Lion - Glasgow,Local Butcher,997.16,
2/18/2026,Kings Arms - Edinburgh,BOOKER,509.98,
08/03/2026,Royal Oak - Paisley,Bidfood,941.81,
13/03/2026,The Swan - Ayr,EON Energy,£370.48,
2/14/2026,Kings Arms - Edinburgh,Bidfood,453.24,Alcohol
3/10/2026,Royal Oak - Paisley,Heineken UK,1208.84,Food
2026-01-30,White Hart - Inverness,Scottish Water,964.15,
21/01/2026,The Crown - Stirling,Local Butcher,303.16,
4/24/2026,Fox & Hound - Hamilton,Heineken UK,1105.81,
16/04/2026,The Plough - Falkirk,Coca Cola,105.95,Utilities
1/1/2026,Fox & Hound - Hamilton,Scottish Water,217.06,
2026-03-05,Fox & Hound - Hamilton,British Gas,230.13,   
2026-03-08,The Plough - Falkirk,British Gas,£442.74,
2026-02-07,The Ship Inn - Oban,BT PLC,851.81,   
2026-01-21,The Ship Inn - Oban,Diageo Ltd,661.14,
4/27/2026,Red Lion - Glasgow,EON Energy,972.84,Supplies
09/02/2026,The Crown - Stirling,Bidfood,442.03,Soft Drinks
2026-01-19,The Plough - Falkirk,Booker Wholesale,706.41,Utilities
15/02/2026,Queens Head - Aberdeen,EON Energy,922.01,Soft Drinks
22/02/2026,Kings Arms - Edinburgh,JJ Food Service,683.29,Alcohol
3/18/2026,The Swan - Ayr,Booker Wholesale,£178.88,
2026-02-07,Black Bull - Dundee,Booker Wholesale,677.26,Utilities
2026-01-14,Kings Arms - Edinburgh,Coca Cola,161.46,Utilities
1/25/2026,The Ship Inn - Oban,EON Energy,£1135.19,   
1/23/2026,Black Bull - Dundee,Brakes Catering,220.29,Food
4/5/2026,Black Bull - Dundee,BOOKER,96.99,Alcohol
10/02/2026,Red Lion - Glasgow,Booker Wholesale,983.26,Soft Drinks
02/02/2026,Fox & Hound - Hamilton,Scottish Water,366.16,
1/3/2026,Fox & Hound - Hamilton,Coca Cola,504.00,Food
02/01/2026,Red Lion - Glasgow,Heineken UK,57.93,Food
4/15/2026,Fox & Hound - Hamilton,DIAGEO,273.40,
2026-03-13,The Crown - Stirling,DIAGEO,74.76,Supplies
4/20/2026,Red Lion - Glasgow,Coca Cola,617.42,Utilities
17/03/2026,The Swan - Ayr,Booker Wholesale,841.31,Utilities
4/24/2026,Royal Oak - Paisley,EON Energy,131.03,Utilities
28/02/2026,The Crown - Stirling,Bidfood,433.53,Utilities
2026-04-01,The Ship Inn - Oban,Brakes Catering,893.43,Supplies
3/23/2026,The Swan - Ayr,Bidfood,206.49,Soft Drinks
2026-04-10,Kings Arms - Edinburgh,BOOKER,1211.09,Utilities
03/01/2026,The Plough - Falkirk,EON Energy,1139.96,   
23/01/2026,The Anchor - Perth,Diageo Ltd,238.94,
11/02/2026,Queens Head - Aberdeen,Amazon Business,1082.87,Utilities
4/18/2026,The Swan - Ayr,DIAGEO,765.88,Supplies
3/22/2026,The Anchor - Perth,DIAGEO,£113.45,Alcohol
1/13/2026,Queens Head - Aberdeen,Booker Wholesale,1237.99,
2026-02-05,Fox & Hound - Hamilton,Brakes Catering,894.66,Food
2026-01-18,Royal Oak - Paisley,Scottish Water,124.62,   
2026-03-07,Kings Arms - Edinburgh,BT PLC,314.23,Soft Drinks
2/5/2026,The Anchor - Perth,Booker Wholesale,492.71,Alcohol
03/03/2026,The Crown - Stirling,Scottish Water,1041.40,
09/01/2026,Royal Oak - Paisley,British Gas,502.39,   
2026-04-04,Black Bull - Dundee,Bidfood,1080.05,Supplies
21/02/2026,Fox & Hound - Hamilton,British Gas,481.65,   
11/02/2026,Black Bull - Dundee,Brakes Catering,591.93,Alcohol
2026-02-13,Royal Oak - Paisley,Amazon Business,£369.35,Utilities
2026-01-25,Royal Oak - Paisley,BT PLC,1124.93,Utilities
2026-01-15,The Anchor - Perth,BT PLC,1133.38,Supplies
20/03/2026,The Swan - Ayr,British Gas,£259.24,Food
10/02/2026,Black Bull - Dundee,Amazon Business,£1095.39,Soft Drinks
2026-04-29,Royal Oak - Paisley,Booker Wholesale,£851.94,Alcohol
3/6/2026,Red Lion - Glasgow,Amazon Business,533.32,Utilities
1/8/2026,Kings Arms - Edinburgh,Coca Cola,1233.67,Food
21/02/2026,The Plough - Falkirk,Local Butcher,273.97,
01/01/2026,Fox & Hound - Hamilton,EON Energy,£831.07,Soft Drinks
22/04/2026,The Crown - Stirling,Brakes Catering,544.37,Utilities
22/01/2026,Red Lion - Glasgow,Bidfood,£966.42,   
2/24/2026,Kings Arms - Edinburgh,Bidfood,514.32,   
2026-03-18,The Anchor - Perth,Diageo Ltd,973.68,   
26/04/2026,Red Lion - Glasgow,Scottish Water,584.77,Supplies
2026-04-17,White Hart - Inverness,BT PLC,261.97,   
3/29/2026,The Anchor - Perth,EON Energy,£1127.18,Soft Drinks
15/04/2026,The Anchor - Perth,BOOKER,184.42,Food
2026-04-29,The Plough - Falkirk,EON Energy,266.88,   
21/03/2026,White Hart - Inverness,Scottish Water,710.24,Supplies
06/03/2026,Queens Head - Aberdeen,Heineken UK,£208.17,Food
03/03/2026,The Anchor - Perth,EON Energy,180.49,Food
11/03/2026,Black Bull - Dundee,EON Energy,787.39,   
29/04/2026,The Plough - Falkirk,Coca Cola,£646.47,
2026-03-26,Red Lion - Glasgow,Booker Wholesale,384.45,Food
2026-03-04,The Crown - Stirling,Booker Wholesale,787.30,Soft Drinks
2026-03-29,The Ship Inn - Oban,Coca Cola,969.12,Soft Drinks
3/15/2026,Kings Arms - Edinburgh,EON Energy,971.45,   
2026-03-12,The Anchor - Perth,Diageo Ltd,1139.93,Supplies
2/18/2026,Fox & Hound - Hamilton,EON Energy,752.62,Soft Drinks
2026-03-08,The Anchor - Perth,Amazon Business,1068.20,Alcohol
03/02/2026,The Plough - Falkirk,British Gas,1119.11,Utilities
10/03/2026,Black Bull - Dundee,Bidfood,861.42,   
30/04/2026,Black Bull - Dundee,Booker Wholesale,709.06,Supplies
31/01/2026,The Crown - Stirling,Bidfood,£265.50,Alcohol
4/28/2026,The Crown - Stirling,BOOKER,980.29,
10/02/2026,Kings Arms - Edinburgh,Booker Wholesale,1023.69,Food
4/5/2026,The Plough - Falkirk,Coca Cola,572.95,   
14/03/2026,The Plough - Falkirk,Heineken UK,945.71,Supplies
1/23/2026,Fox & Hound - Hamilton,JJ Food Service,299.24,Utilities
2026-03-22,Black Bull - Dundee,BT PLC,666.78,Soft Drinks
21/01/2026,The Swan - Ayr,British Gas,753.13,Alcohol
30/03/2026,Queens Head - Aberdeen,British Gas,1184.42,Utilities
2026-02-11,The Crown - Stirling,British Gas,329.18,
2/24/2026,The Swan - Ayr,Coca Cola,848.16,
3/18/2026,Queens Head - Aberdeen,Brakes Catering,687.02,
02/01/2026,Red Lion - Glasgow,Bidfood,£1132.41,Supplies
2026-04-08,Fox & Hound - Hamilton,BT PLC,£817.91,Utilities
2/1/2026,The Anchor - Perth,BT PLC,942.30,   
3/13/2026,The Swan - Ayr,Local Butcher,119.46,Food
2026-02-17,Kings Arms - Edinburgh,Diageo Ltd,971.07,
2026-02-24,The Plough - Falkirk,JJ Food Service,402.53,Supplies
3/16/2026,Fox & Hound - Hamilton,BOOKER,£1238.22,   
2026-02-14,The Crown - Stirling,Amazon Business,975.49,
15/03/2026,Black Bull - Dundee,JJ Food Service,629.02,Utilities
2026-03-29,The Plough - Falkirk,Local Butcher,815.88,
16/03/2026,White Hart - Inverness,Coca Cola,1206.63,Utilities
2026-04-15,Black Bull - Dundee,BOOKER,£995.94,   
2026-03-19,The Plough - Falkirk,British Gas,£87.11,Soft Drinks
13/03/2026,Fox & Hound - Hamilton,British Gas,651.52,   
2026-01-30,The Plough - Falkirk,British Gas,380.53,
2026-01-21,Black Bull - Dundee,Bidfood,1208.70,   
25/02/2026,Queens Head - Aberdeen,Amazon Business,£301.77,Supplies
2026-04-04,Queens Head - Aberdeen,Brakes Catering,177.27,Utilities
2026-04-15,Fox & Hound - Hamilton,British Gas,£785.17,Food
4/18/2026,Red Lion - Glasgow,Bidfood,767.00,Food
27/02/2026,Queens Head - Aberdeen,DIAGEO,337.24,Soft Drinks
08/02/2026,The Crown - Stirling,BOOKER,410.09,Alcohol
2026-01-08,The Crown - Stirling,British Gas,260.53,Supplies
1/18/2026,Fox & Hound - Hamilton,Scottish Water,160.74,Supplies
3/19/2026,Fox & Hound - Hamilton,Booker Wholesale,£671.75,Utilities
17/03/2026,Royal Oak - Paisley,Local Butcher,896.22,Alcohol
3/24/2026,Fox & Hound - Hamilton,Amazon Business,807.32,Utilities
4/7/2026,Queens Head - Aberdeen,Coca Cola,322.83,Supplies
2026-04-09,Queens Head - Aberdeen,DIAGEO,950.39,Food
4/20/2026,The Anchor - Perth,Heineken UK,£892.22,Alcohol
2026-04-03,Queens Head - Aberdeen,Coca Cola,304.04,   
3/8/2026,The Anchor - Perth,Bidfood,£525.10,Food
12/01/2026,The Crown - Stirling,DIAGEO,238.45,Supplies
1/6/2026,Royal Oak - Paisley,Diageo Ltd,116.74,Alcohol
15/02/2026,The Plough - Falkirk,Diageo Ltd,881.81,Utilities
26/01/2026,Black Bull - Dundee,DIAGEO,1000.06,Alcohol
2026-02-19,Fox & Hound - Hamilton,Coca Cola,£103.47,   
18/01/2026,White Hart - Inverness,BOOKER,439.43,Supplies
1/27/2026,Red Lion - Glasgow,Amazon Business,£820.47,Food
2/8/2026,The Anchor - Perth,BT PLC,499.85,Food
2026-03-04,The Anchor - Perth,Bidfood,184.13,
2026-04-19,Fox & Hound - Hamilton,JJ Food Service,1031.86,
3/1/2026,Queens Head - Aberdeen,BT PLC,733.83,Soft Drinks
2026-03-18,The Ship Inn - Oban,Brakes Catering,75.85,   
2026-02-12,The Plough - Falkirk,Local Butcher,1134.52,   
2026-01-09,Kings Arms - Edinburgh,Diageo Ltd,£719.36,Supplies
03/02/2026,Black Bull - Dundee,Bidfood,95.42,Supplies
01/02/2026,The Swan - Ayr,Diageo Ltd,£354.53,Alcohol
3/1/2026,White Hart - Inverness,Local Butcher,540.67,Soft Drinks
4/1/2026,White Hart - Inverness,Heineken UK,851.00,
2026-02-02,The Anchor - Perth,BOOKER,363.75,   
2026-01-19,Black Bull - Dundee,Booker Wholesale,785.55,Supplies
2026-04-15,The Swan - Ayr,British Gas,457.10,
2026-04-16,Kings Arms - Edinburgh,Coca Cola,£140.12,Soft Drinks
2/13/2026,Black Bull - Dundee,JJ Food Service,1160.78,Supplies
01/01/2026,Royal Oak - Paisley,Booker Wholesale,142.95,Supplies
1/8/2026,Kings Arms - Edinburgh,Scottish Water,979.81,
22/01/2026,Royal Oak - Paisley,Local Butcher,84.95,
2026-02-24,Kings Arms - Edinburgh,Heineken UK,111.10,Alcohol
25/01/2026,The Swan - Ayr,Coca Cola,£878.34,Alcohol
04/02/2026,Red Lion - Glasgow,EON Energy,156.74,Utilities
3/7/2026,The Anchor - Perth,EON Energy,£1146.90,Alcohol
1/25/2026,The Crown - Stirling,Local Butcher,1234.53,Soft Drinks
26/01/2026,Red Lion - Glasgow,Local Butcher,954.14,Supplies
2/6/2026,Red Lion - Glasgow,Bidfood,759.05,Utilities
3/4/2026,The Crown - Stirling,DIAGEO,1097.86,   
04/04/2026,Kings Arms - Edinburgh,British Gas,£875.13,Alcohol
2026-01-27,The Anchor - Perth,Local Butcher,515.76,Soft Drinks
1/4/2026,The Anchor - Perth,Amazon Business,£330.33,Alcohol
2026-04-04,The Anchor - Perth,Local Butcher,571.39,Utilities
10/04/2026,The Plough - Falkirk,Coca Cola,891.26,Soft Drinks
08/03/2026,Royal Oak - Paisley,Scottish Water,122.71,Alcohol
18/04/2026,The Crown - Stirling,Booker Wholesale,1100.36,Soft Drinks
22/04/2026,The Ship Inn - Oban,JJ Food Service,£402.49,   
2/16/2026,Red Lion - Glasgow,BOOKER,1005.76,   
1/4/2026,The Swan - Ayr,Heineken UK,585.25,Utilities
2026-03-19,Royal Oak - Paisley,EON Energy,£659.77,Soft Drinks
2026-01-21,The Ship Inn - Oban,Coca Cola,745.71,Food
26/02/2026,The Crown - Stirling,Diageo Ltd,987.99,   
2/21/2026,White Hart - Inverness,Bidfood,95.14,Utilities
28/03/2026,Queens Head - Aberdeen,JJ Food Service,£504.23,Alcohol
4/9/2026,The Swan - Ayr,JJ Food Service,172.72,
1/26/2026,The Plough - Falkirk,Bidfood,1157.70,
4/28/2026,The Crown - Stirling,DIAGEO,1141.40,   
3/23/2026,Fox & Hound - Hamilton,Local Butcher,514.86,Supplies
2026-04-17,Kings Arms - Edinburgh,Coca Cola,158.61,
14/01/2026,Red Lion - Glasgow,Amazon Business,£94.39,Utilities
22/01/2026,Queens Head - Aberdeen,BOOKER,1167.16,Soft Drinks
2/26/2026,Fox & Hound - Hamilton,Local Butcher,1121.27,
22/04/2026,White Hart - Inverness,Bidfood,165.84,Utilities
14/02/2026,Queens Head - Aberdeen,Heineken UK,494.22,Food
2026-04-08,The Crown - Stirling,Brakes Catering,270.42,   
2026-03-08,The Ship Inn - Oban,Diageo Ltd,666.85,Food
4/16/2026,The Ship Inn - Oban,DIAGEO,571.18,Food
11/02/2026,Kings Arms - Edinburgh,JJ Food Service,96.31,Utilities
2026-02-19,The Swan - Ayr,British Gas,922.19,   
28/04/2026,Royal Oak - Paisley,Local Butcher,1139.63,
2026-02-28,Black Bull - Dundee,Scottish Water,701.98,
3/4/2026,The Plough - Falkirk,JJ Food Service,228.49,Food
12/01/2026,The Swan - Ayr,BT PLC,189.76,
2026-01-07,The Crown - Stirling,Brakes Catering,964.26,Soft Drinks
24/02/2026,The Ship Inn - Oban,BT PLC,821.76,Soft Drinks
2026-04-04,Kings Arms - Edinburgh,Coca Cola,338.44,
2026-03-03,Queens Head - Aberdeen,British Gas,102.92,Soft Drinks
2/11/2026,The Ship Inn - Oban,Diageo Ltd,£1163.25,Alcohol
13/03/2026,Kings Arms - Edinburgh,Coca Cola,£485.78,   
06/01/2026,The Ship Inn - Oban,British Gas,827.78,Supplies
2026-01-24,The Anchor - Perth,Scottish Water,632.48,
2026-03-06,The Swan - Ayr,BT PLC,£358.41,Utilities
25/01/2026,The Crown - Stirling,Coca Cola,£611.70,Soft Drinks
3/16/2026,Black Bull - Dundee,BT PLC,902.62,
10/04/2026,The Anchor - Perth,British Gas,£578.17,Utilities
1/11/2026,Royal Oak - Paisley,Bidfood,185.35,Food
2026-03-09,The Swan - Ayr,Amazon Business,940.00,Food
4/3/2026,Fox & Hound - Hamilton,Bidfood,770.53,Utilities
4/30/2026,The Swan - Ayr,BT PLC,787.37,Alcohol
04/01/2026,Queens Head - Aberdeen,EON Energy,782.42,Alcohol
02/02/2026,The Anchor - Perth,Amazon Business,925.60,Food
01/03/2026,Black Bull - Dundee,Heineken UK,253.54,
03/01/2026,The Plough - Falkirk,Amazon Business,538.02,Alcohol
2/11/2026,The Ship Inn - Oban,DIAGEO,613.39,   
1/27/2026,Black Bull - Dundee,Brakes Catering,£757.24,Soft Drinks
06/01/2026,The Crown - Stirling,Brakes Catering,800.83,Food
3/21/2026,The Plough - Falkirk,Brakes Catering,489.09,Alcohol
06/01/2026,Kings Arms - Edinburgh,Bidfood,144.49,   
1/20/2026,The Crown - Stirling,Scottish Water,71.10,Soft Drinks
3/20/2026,The Swan - Ayr,Local Butcher,519.91,Utilities
2/16/2026,The Anchor - Perth,Amazon Business,841.16,Food
08/02/2026,Red Lion - Glasgow,EON Energy,559.70,Alcohol
1/25/2026,Royal Oak - Paisley,Heineken UK,£911.02,Food
4/24/2026,Red Lion - Glasgow,Booker Wholesale,741.89,
4/30/2026,The Plough - Falkirk,Local Butcher,639.59,Soft Drinks
2026-02-06,Red Lion - Glasgow,Local Butcher,520.46,Utilities
04/02/2026,The Crown - Stirling,DIAGEO,587.17,Soft Drinks
02/02/2026,The Swan - Ayr,Bidfood,712.88,
2/14/2026,Kings Arms - Edinburgh,Amazon Business,351.60,
04/03/2026,White Hart - Inverness,BOOKER,851.12,
05/02/2026,The Crown - Stirling,Booker Wholesale,£1008.55,Food
08/04/2026,The Plough - Falkirk,Coca Cola,£1123.36,   
2/19/2026,White Hart - Inverness,BOOKER,1090.10,Supplies
3/15/2026,Fox & Hound - Hamilton,British Gas,883.16,Utilities
2026-04-03,The Swan - Ayr,Local Butcher,856.56,Supplies
1/17/2026,Kings Arms - Edinburgh,DIAGEO,£306.85,Soft Drinks
2/12/2026,Black Bull - Dundee,DIAGEO,£477.83,Supplies
3/9/2026,Red Lion - Glasgow,BT PLC,£367.15,Alcohol
1/18/2026,Black Bull - Dundee,Brakes Catering,93.25,Food
2026-03-08,The Plough - Falkirk,EON Energy,87.12,   
2026-01-16,Black Bull - Dundee,Coca Cola,1227.71,
02/03/2026,The Crown - Stirling,Local Butcher,1168.15,Supplies
2026-02-06,Fox & Hound - Hamilton,Amazon Business,1137.76,Food
1/25/2026,Royal Oak - Paisley,Coca Cola,532.32,Supplies
4/29/2026,White Hart - Inverness,EON Energy,1018.69,Food
3/22/2026,The Crown - Stirling,EON Energy,£106.36,Utilities
09/04/2026,The Anchor - Perth,Scottish Water,863.61,
07/01/2026,The Swan - Ayr,Scottish Water,987.86,Utilities
13/04/2026,Royal Oak - Paisley,British Gas,1081.10,Alcohol
4/14/2026,Fox & Hound - Hamilton,DIAGEO,712.06,Alcohol
26/03/2026,Fox & Hound - Hamilton,BOOKER,1241.63,Utilities
11/01/2026,The Ship Inn - Oban,Brakes Catering,£876.00,
4/1/2026,White Hart - Inverness,BOOKER,271.39,
2/1/2026,Black Bull - Dundee,Scottish Water,£534.16,Soft Drinks
3/29/2026,Queens Head - Aberdeen,JJ Food Service,£930.93,Alcohol
2/11/2026,Black Bull - Dundee,Bidfood,531.86,   
06/01/2026,The Anchor - Perth,British Gas,164.89,   
2026-03-20,The Swan - Ayr,EON Energy,£527.29,   
1/2/2026,The Crown - Stirling,British Gas,£426.19,Alcohol
2/3/2026,Kings Arms - Edinburgh,EON Energy,87.35,Food
2026-02-06,Kings Arms - Edinburgh,Heineken UK,739.81,Food
3/11/2026,Royal Oak - Paisley,British Gas,733.09,   
1/5/2026,Black Bull - Dundee,EON Energy,943.43,
23/03/2026,Royal Oak - Paisley,Booker Wholesale,737.54,   
2026-03-07,Queens Head - Aberdeen,Amazon Business,94.21,
24/04/2026,The Ship Inn - Oban,BOOKER,171.78,Alcohol
2026-02-06,The Anchor - Perth,Scottish Water,301.10,   
2/24/2026,The Crown - Stirling,EON Energy,£251.22,Soft Drinks
02/04/2026,Kings Arms - Edinburgh,Booker Wholesale,581.39,
2026-02-14,The Crown - Stirling,Heineken UK,864.92,Utilities
20/03/2026,The Ship Inn - Oban,Diageo Ltd,894.69,   
4/20/2026,Red Lion - Glasgow,Coca Cola,1052.81,   
1/26/2026,Queens Head - Aberdeen,Heineken UK,846.92,Soft Drinks
2026-03-29,Kings Arms - Edinburgh,Local Butcher,419.22,Soft Drinks
1/8/2026,Kings Arms - Edinburgh,Bidfood,946.52,Supplies
28/01/2026,Queens Head - Aberdeen,Heineken UK,330.74,Food
2/22/2026,White Hart - Inverness,British Gas,374.54,Food
1/18/2026,The Crown - Stirling,Diageo Ltd,773.70,Supplies
10/02/2026,Royal Oak - Paisley,Brakes Catering,1010.03,Food
11/01/2026,Black Bull - Dundee,Booker Wholesale,514.55,Alcohol
2026-01-01,Royal Oak - Paisley,Amazon Business,£687.07,   
3/22/2026,The Anchor - Perth,Heineken UK,£142.32,Soft Drinks
3/18/2026,The Swan - Ayr,Heineken UK,102.75,Supplies
2026-03-31,Black Bull - Dundee,DIAGEO,£433.97,Utilities
3/2/2026,The Ship Inn - Oban,Coca Cola,745.32,Soft Drinks
1/13/2026,The Plough - Falkirk,British Gas,576.40,Soft Drinks
09/01/2026,The Swan - Ayr,Booker Wholesale,179.17,Food
2026-02-12,The Ship Inn - Oban,Booker Wholesale,765.90,Soft Drinks
3/18/2026,Royal Oak - Paisley,Bidfood,£551.27,Utilities
2026-01-01,Red Lion - Glasgow,Coca Cola,440.54,Soft Drinks
01/01/2026,Red Lion - Glasgow,Brakes Catering,814.31,Soft Drinks
2026-01-11,Royal Oak - Paisley,Bidfood,630.33,Supplies
3/27/2026,Queens Head - Aberdeen,BT PLC,652.03,   
09/04/2026,Black Bull - Dundee,JJ Food Service,£724.06,   
2026-03-12,Red Lion - Glasgow,Amazon Business,496.68,Utilities
2/1/2026,The Anchor - Perth,Scottish Water,292.89,
2026-04-06,Queens Head - Aberdeen,Heineken UK,996.88,Food
2026-01-05,Royal Oak - Paisley,Amazon Business,400.09,Food
2026-02-03,Red Lion - Glasgow,British Gas,£1001.06,   
4/17/2026,Queens Head - Aberdeen,BT PLC,£877.46,   
2026-01-14,The Plough - Falkirk,Amazon Business,£744.66,
10/01/2026,Black Bull - Dundee,Amazon Business,645.41,Food
4/15/2026,The Swan - Ayr,Booker Wholesale,506.30,Alcohol
4/9/2026,White Hart - Inverness,BT PLC,1231.34,Supplies
3/20/2026,The Anchor - Perth,EON Energy,433.32,
2026-02-15,White Hart - Inverness,BT PLC,886.85,Soft Drinks
4/15/2026,The Ship Inn - Oban,BOOKER,1063.06,Supplies
10/04/2026,The Swan - Ayr,EON Energy,931.02,   
2026-04-15,The Anchor - Perth,DIAGEO,448.97,Supplies
30/01/2026,Red Lion - Glasgow,Bidfood,836.58,Soft Drinks
2026-01-04,The Plough - Falkirk,JJ Food Service,682.51,Utilities
2026-01-14,The Anchor - Perth,British Gas,1054.56,   
2/3/2026,The Plough - Falkirk,BOOKER,£879.32,   
2026-02-19,The Plough - Falkirk,Bidfood,1013.81,Food
2026-01-26,The Crown - Stirling,JJ Food Service,£832.21,Supplies
2026-01-09,The Anchor - Perth,Diageo Ltd,938.60,Soft Drinks
1/1/2026,Black Bull - Dundee,Brakes Catering,£714.59,Food
08/02/2026,Royal Oak - Paisley,Scottish Water,284.17,   
2026-01-31,Black Bull - Dundee,British Gas,239.36,   
2026-04-01,Red Lion - Glasgow,Local Butcher,£465.91,Soft Drinks
26/03/2026,White Hart - Inverness,DIAGEO,£873.90,Supplies
2026-04-19,The Crown - Stirling,JJ Food Service,232.84,Alcohol
1/11/2026,Royal Oak - Paisley,BT PLC,945.72,
2/4/2026,White Hart - Inverness,BOOKER,430.15,Utilities
4/6/2026,Kings Arms - Edinburgh,Coca Cola,£549.39,Soft Drinks
3/8/2026,Fox & Hound - Hamilton,Heineken UK,£115.63,Soft Drinks
1/3/2026,The Swan - Ayr,British Gas,733.06,
3/17/2026,The Anchor - Perth,Bidfood,1197.68,
2/18/2026,The Anchor - Perth,Coca Cola,£437.81,Soft Drinks
2026-03-22,The Crown - Stirling,Brakes Catering,492.80,   
21/03/2026,The Ship Inn - Oban,Scottish Water,555.45,Alcohol
2026-01-17,The Ship Inn - Oban,Coca Cola,440.59,
27/02/2026,Queens Head - Aberdeen,BT PLC,198.25,   
1/1/2026,Royal Oak - Paisley,Brakes Catering,854.19,Alcohol
24/01/2026,The Swan - Ayr,Local Butcher,544.20,Supplies
2026-03-01,White Hart - Inverness,Local Butcher,1183.57,
2026-01-05,White Hart - Inverness,Booker Wholesale,654.94,Supplies
17/03/2026,Red Lion - Glasgow,EON Energy,88.68,
15/04/2026,White Hart - Inverness,Scottish Water,£626.99,Food
3/3/2026,White Hart - Inverness,JJ Food Service,1105.06,Supplies
3/25/2026,The Plough - Falkirk,Bidfood,389.56,Utilities
4/18/2026,Queens Head - Aberdeen,Diageo Ltd,456.87,
06/02/2026,The Swan - Ayr,British Gas,328.75,
1/8/2026,White Hart - Inverness,Coca Cola,976.36,Alcohol
19/04/2026,White Hart - Inverness,British Gas,919.36,
08/03/2026,The Swan - Ayr,Bidfood,142.14,   
3/10/2026,Fox & Hound - Hamilton,Coca Cola,637.94,Alcohol
2026-03-05,Kings Arms - Edinburgh,Amazon Business,82.10,Supplies
18/04/2026,White Hart - Inverness,EON Energy,979.71,Utilities
2026-03-29,White Hart - Inverness,Scottish Water,262.35,
4/11/2026,Royal Oak - Paisley,BOOKER,265.79,
23/04/2026,Kings Arms - Edinburgh,Amazon Business,931.75,Soft Drinks
04/02/2026,The Crown - Stirling,Heineken UK,511.67,Utilities
3/14/2026,Fox & Hound - Hamilton,Diageo Ltd,£550.35,Food
06/02/2026,White Hart - Inverness,Amazon Business,330.39,Utilities
2/17/2026,The Crown - Stirling,Booker Wholesale,394.16,   
11/03/2026,Red Lion - Glasgow,Heineken UK,£992.60,Utilities
2026-02-17,The Swan - Ayr,Heineken UK,202.63,Soft Drinks
2026-01-06,Royal Oak - Paisley,Scottish Water,834.79,   
2026-04-29,Red Lion - Glasgow,Brakes Catering,£697.85,
02/04/2026,White Hart - Inverness,Coca Cola,544.22,Utilities
15/04/2026,Red Lion - Glasgow,Booker Wholesale,933.29,
2026-04-03,The Plough - Falkirk,DIAGEO,£1036.09,
1/28/2026,The Ship Inn - Oban,BT PLC,633.75,Food
2026-01-03,The Plough - Falkirk,BOOKER,690.07,   
4/23/2026,The Ship Inn - Oban,Diageo Ltd,£1045.41,
2026-01-14,Kings Arms - Edinburgh,Brakes Catering,1035.64,   
15/02/2026,The Plough - Falkirk,Local Butcher,542.82,
2026-04-10,The Anchor - Perth,EON Energy,1147.39,   
4/10/2026,The Swan - Ayr,Bidfood,346.99,   
2026-04-18,Queens Head - Aberdeen,BT PLC,862.98,   
18/01/2026,Fox & Hound - Hamilton,DIAGEO,421.27,
13/01/2026,The Ship Inn - Oban,Bidfood,£680.06,   
2026-03-13,Kings Arms - Edinburgh,BOOKER,339.04,Alcohol
4/23/2026,The Crown - Stirling,Brakes Catering,172.66,Food
2026-03-22,The Swan - Ayr,JJ Food Service,611.38,Food
20/04/2026,Royal Oak - Paisley,Bidfood,55.48,   
13/03/2026,White Hart - Inverness,Coca Cola,83.27,Supplies
4/15/2026,The Anchor - Perth,Amazon Business,806.29,   
20/01/2026,Royal Oak - Paisley,Booker Wholesale,1201.54,Supplies
2026-01-08,Kings Arms - Edinburgh,BOOKER,760.06,   
27/03/2026,White Hart - Inverness,British Gas,537.00,Alcohol
13/02/2026,The Swan - Ayr,Amazon Business,229.09,Utilities
2026-01-17,Royal Oak - Paisley,Bidfood,£1165.10,Supplies
2026-03-15,Royal Oak - Paisley,Diageo Ltd,197.71,Supplies
1/21/2026,The Ship Inn - Oban,British Gas,198.49,Utilities
2026-04-05,White Hart - Inverness,JJ Food Service,765.35,Food
2/22/2026,Red Lion - Glasgow,British Gas,400.13,Food
2026-02-15,The Swan - Ayr,Booker Wholesale,1177.57,Alcohol
2026-04-03,White Hart - Inverness,British Gas,119.50,Alcohol
3/24/2026,The Plough - Falkirk,Brakes Catering,125.85,   
2026-03-31,The Crown - Stirling,BT PLC,£438.87,Food
4/19/2026,The Anchor - Perth,BOOKER,69.57,
1/18/2026,Kings Arms - Edinburgh,EON Energy,£957.44,Utilities
2026-02-03,The Anchor - Perth,Local Butcher,£985.46,Food
2026-01-09,The Ship Inn - Oban,Amazon Business,443.54,Supplies
13/04/2026,Kings Arms - Edinburgh,Diageo Ltd,634.48,   
2/4/2026,Black Bull - Dundee,Local Butcher,881.71,   
2026-02-18,White Hart - Inverness,Booker Wholesale,147.70,Soft Drinks
2026-01-30,Royal Oak - Paisley,JJ Food Service,1171.83,Food
2/2/2026,The Crown - Stirling,Amazon Business,1196.89,Alcohol
26/04/2026,Fox & Hound - Hamilton,Amazon Business,£1218.22,Alcohol
07/01/2026,The Crown - Stirling,Coca Cola,£701.85,
4/14/2026,The Ship Inn - Oban,EON Energy,212.96,   
2/1/2026,The Anchor - Perth,Heineken UK,1093.05,   
10/02/2026,Kings Arms - Edinburgh,British Gas,£546.00,Food
2/23/2026,Black Bull - Dundee,BOOKER,£880.25,Food
27/01/2026,The Swan - Ayr,JJ Food Service,905.97,Supplies
3/13/2026,The Plough - Falkirk,Brakes Catering,328.16,
2026-03-08,Fox & Hound - Hamilton,Booker Wholesale,494.54,Utilities
1/11/2026,White Hart - Inverness,British Gas,727.65,
4/12/2026,The Anchor - Perth,DIAGEO,£289.48,   
25/02/2026,White Hart - Inverness,Scottish Water,642.18,Utilities
2026-04-21,The Crown - Stirling,BT PLC,1112.35,
3/20/2026,Queens Head - Aberdeen,Coca Cola,102.69,Food
2026-03-21,The Plough - Falkirk,Local Butcher,170.71,
2/9/2026,The Anchor - Perth,British Gas,£1121.92,
26/04/2026,Queens Head - Aberdeen,EON Energy,682.84,
2/7/2026,Fox & Hound - Hamilton,Diageo Ltd,£293.14,
3/2/2026,Queens Head - Aberdeen,Heineken UK,540.72,Supplies
2/27/2026,The Plough - Falkirk,Bidfood,919.12,Utilities
2026-02-17,Red Lion - Glasgow,Amazon Business,687.35,   
07/03/2026,Black Bull - Dundee,British Gas,1056.07,
4/7/2026,The Ship Inn - Oban,Scottish Water,381.75,
1/22/2026,The Crown - Stirling,Local Butcher,350.95,Alcohol
18/04/2026,Queens Head - Aberdeen,Scottish Water,977.87,   
4/8/2026,Royal Oak - Paisley,Bidfood,212.53,   
30/01/2026,The Plough - Falkirk,Brakes Catering,995.44,   
2026-02-15,The Crown - Stirling,Coca Cola,319.60,Food
4/4/2026,Black Bull - Dundee,BOOKER,941.45,Soft Drinks
24/04/2026,Kings Arms - Edinburgh,BT PLC,147.76,
2026-01-17,Black Bull - Dundee,Heineken UK,731.39,Food
2026-04-22,The Crown - Stirling,Brakes Catering,888.06,
2026-01-24,The Swan - Ayr,Coca Cola,770.46,Food
03/03/2026,The Anchor - Perth,BT PLC,£305.90,Food
08/03/2026,Kings Arms - Edinburgh,Diageo Ltd,1085.77,Utilities
12/02/2026,Red Lion - Glasgow,Amazon Business,55.91,Food
2026-03-03,The Plough - Falkirk,Bidfood,925.20,Alcohol
2026-02-22,Royal Oak - Paisley,Brakes Catering,1012.39,
3/21/2026,Red Lion - Glasgow,Brakes Catering,920.89,Food
2026-01-26,Black Bull - Dundee,Brakes Catering,£827.95,Food
30/01/2026,The Swan - Ayr,Scottish Water,1144.80,Utilities
2026-01-17,The Swan - Ayr,BOOKER,£772.20,
3/18/2026,Kings Arms - Edinburgh,Amazon Business,£1193.67,Food
14/01/2026,Fox & Hound - Hamilton,Amazon Business,402.41,   
1/9/2026,Kings Arms - Edinburgh,Local Butcher,179.05,Alcohol
4/1/2026,The Anchor - Perth,EON Energy,169.40,
3/5/2026,Queens Head - Aberdeen,Bidfood,1018.66,Alcohol
18/01/2026,Black Bull - Dundee,BT PLC,382.06,Supplies
2026-03-15,Black Bull - Dundee,JJ Food Service,917.23,   
07/04/2026,Red Lion - Glasgow,Bidfood,739.58,Supplies
1/23/2026,The Anchor - Perth,Scottish Water,833.68,
12/01/2026,Fox & Hound - Hamilton,Scottish Water,1002.76,
4/29/2026,The Ship Inn - Oban,JJ Food Service,1053.69,
2026-04-11,Kings Arms - Edinburgh,Local Butcher,92.36,Supplies
26/02/2026,Fox & Hound - Hamilton,Bidfood,531.02,Food
1/21/2026,The Plough - Falkirk,Diageo Ltd,922.46,
22/02/2026,The Anchor - Perth,BT PLC,£235.30,Utilities
2026-02-08,Royal Oak - Paisley,Coca Cola,£784.31,Utilities
1/14/2026,The Ship Inn - Oban,BT PLC,1107.39,Supplies
2/24/2026,Kings Arms - Edinburgh,Coca Cola,148.69,Food
1/30/2026,The Anchor - Perth,BT PLC,£462.10,   
3/1/2026,Red Lion - Glasgow,Scottish Water,446.21,Alcohol
3/31/2026,Kings Arms - Edinburgh,British Gas,£152.38,   
2026-04-03,The Plough - Falkirk,Brakes Catering,289.95,Utilities
22/02/2026,Queens Head - Aberdeen,Scottish Water,1187.38,
2026-04-17,Queens Head - Aberdeen,Scottish Water,1036.09,Alcohol
27/02/2026,The Ship Inn - Oban,Diageo Ltd,£305.97,
3/3/2026,The Crown - Stirling,DIAGEO,£186.60,Alcohol
4/21/2026,Red Lion - Glasgow,BT PLC,408.96,   
2026-01-18,The Anchor - Perth,Heineken UK,914.80,Supplies
2/6/2026,Royal Oak - Paisley,Bidfood,1109.63,
15/03/2026,White Hart - Inverness,BT PLC,219.75,Alcohol
30/04/2026,The Crown - Stirling,Bidfood,77.44,Supplies
2026-04-05,Queens Head - Aberdeen,Brakes Catering,737.41,Alcohol
13/04/2026,Fox & Hound - Hamilton,Bidfood,800.82,Soft Drinks
4/22/2026,Black Bull - Dundee,Booker Wholesale,510.13,Food
2026-01-04,White Hart - Inverness,BOOKER,580.63,Utilities
1/31/2026,The Crown - Stirling,BT PLC,471.76,Food
2/27/2026,Queens Head - Aberdeen,DIAGEO,440.90,   
2026-03-15,Kings Arms - Edinburgh,JJ Food Service,802.11,Supplies
20/02/2026,Kings Arms - Edinburgh,EON Energy,1169.11,Supplies
2026-04-03,Black Bull - Dundee,JJ Food Service,125.72,Supplies
29/01/2026,Royal Oak - Paisley,Local Butcher,661.11,
2026-04-15,Kings Arms - Edinburgh,EON Energy,1139.95,Alcohol
4/19/2026,The Plough - Falkirk,Scottish Water,693.95,   
2026-04-17,Red Lion - Glasgow,Scottish Water,1064.03,Utilities
3/21/2026,The Ship Inn - Oban,Amazon Business,912.78,
23/03/2026,Red Lion - Glasgow,Heineken UK,126.71,Food
1/19/2026,The Plough - Falkirk,DIAGEO,£1105.81,   
2026-01-28,White Hart - Inverness,Local Butcher,727.17,Utilities
3/17/2026,Queens Head - Aberdeen,DIAGEO,753.47,Alcohol
18/03/2026,The Crown - Stirling,Heineken UK,51.32,Soft Drinks
2026-01-02,The Ship Inn - Oban,Brakes Catering,£126.61,
2026-01-07,The Plough - Falkirk,BOOKER,835.26,   
2026-01-02,Fox & Hound - Hamilton,British Gas,144.71,Supplies
14/01/2026,Black Bull - Dundee,Booker Wholesale,1156.88,   
2026-04-07,The Anchor - Perth,Scottish Water,737.10,Utilities
2026-01-14,Fox & Hound - Hamilton,Heineken UK,£1061.38,Supplies
02/01/2026,The Swan - Ayr,Coca Cola,65.03,Alcohol
4/10/2026,The Crown - Stirling,EON Energy,523.90,Soft Drinks
4/7/2026,Kings Arms - Edinburgh,DIAGEO,757.16,   
4/19/2026,Royal Oak - Paisley,EON Energy,1203.58,
2026-04-10,Royal Oak - Paisley,British Gas,210.52,Soft Drinks
2026-02-23,Kings Arms - Edinburgh,DIAGEO,1138.51,   
21/01/2026,Fox & Hound - Hamilton,Amazon Business,652.72,
2026-03-17,Red Lion - Glasgow,Amazon Business,£825.86,Supplies
07/04/2026,Kings Arms - Edinburgh,EON Energy,654.73,Alcohol
2/14/2026,Black Bull - Dundee,Booker Wholesale,813.51,Food
2026-04-14,Black Bull - Dundee,Bidfood,1219.96,Utilities
1/16/2026,The Anchor - Perth,BT PLC,£981.68,Utilities
4/12/2026,The Ship Inn - Oban,BT PLC,£276.28,Food
2/5/2026,White Hart - Inverness,British Gas,924.73,
2/13/2026,Red Lion - Glasgow,Brakes Catering,689.06,Alcohol
1/29/2026,The Swan - Ayr,DIAGEO,126.70,
30/03/2026,The Plough - Falkirk,British Gas,956.34,Soft Drinks
2026-04-23,The Plough - Falkirk,Scottish Water,580.85,Utilities
2/26/2026,The Swan - Ayr,JJ Food Service,770.99,Utilities
4/20/2026,White Hart - Inverness,Scottish Water,1058.93,Alcohol
3/21/2026,Kings Arms - Edinburgh,Booker Wholesale,1167.73,Alcohol
19/03/2026,The Crown - Stirling,EON Energy,218.48,Food
20/03/2026,The Ship Inn - Oban,Coca Cola,£951.93,Alcohol
3/6/2026,The Plough - Falkirk,Local Butcher,742.83,Supplies
2026-04-10,Royal Oak - Paisley,British Gas,£1119.99,   
1/31/2026,The Ship Inn - Oban,BOOKER,850.90,Supplies
2026-04-03,Kings Arms - Edinburgh,Bidfood,£261.47,Soft Drinks
2026-01-08,Royal Oak - Paisley,BT PLC,733.75,Utilities
3/4/2026,White Hart - Inverness,Diageo Ltd,69.17,
2026-03-01,The Anchor - Perth,DIAGEO,1124.19,Alcohol
15/04/2026,The Crown - Stirling,Amazon Business,77.81,   
01/02/2026,The Crown - Stirling,Local Butcher,204.52,
4/17/2026,The Anchor - Perth,Coca Cola,118.21,
1/1/2026,The Swan - Ayr,Heineken UK,1062.97,Supplies
2026-04-24,The Ship Inn - Oban,Coca Cola,219.24,Utilities
28/04/2026,The Anchor - Perth,BT PLC,685.24,Soft Drinks
20/04/2026,Black Bull - Dundee,Coca Cola,£1224.62,Food
2026-01-25,The Swan - Ayr,Booker Wholesale,382.71,   
2026-03-23,Kings Arms - Edinburgh,Brakes Catering,248.72,Soft Drinks
19/01/2026,The Anchor - Perth,Heineken UK,£999.64,   
2026-02-12,The Ship Inn - Oban,Scottish Water,£706.94,Alcohol
01/03/2026,Royal Oak - Paisley,BOOKER,1169.46,
2026-03-09,The Ship Inn - Oban,BOOKER,438.40,Supplies
1/24/2026,Black Bull - Dundee,Booker Wholesale,989.17,Food
11/01/2026,Red Lion - Glasgow,Diageo Ltd,481.93,   
23/01/2026,The Swan - Ayr,BOOKER,625.63,   
11/03/2026,The Crown - Stirling,Heineken UK,£451.49,Supplies
10/04/2026,Kings Arms - Edinburgh,Heineken UK,253.57,
2/2/2026,The Crown - Stirling,DIAGEO,758.37,Supplies
4/28/2026,The Ship Inn - Oban,Scottish Water,£580.24,Food
06/03/2026,The Ship Inn - Oban,Scottish Water,£1049.24,Utilities
4/9/2026,Kings Arms - Edinburgh,Scottish Water,550.88,   
03/04/2026,Queens Head - Aberdeen,Brakes Catering,389.83,Alcohol
2026-04-28,Royal Oak - Paisley,Bidfood,161.13,Utilities
2026-01-11,Fox & Hound - Hamilton,British Gas,803.00,Supplies
1/12/2026,The Swan - Ayr,BT PLC,750.94,   
2026-04-02,The Plough - Falkirk,Brakes Catering,277.79,   
17/03/2026,The Plough - Falkirk,Amazon Business,£176.96,Supplies
4/4/2026,Black Bull - Dundee,Bidfood,949.36,Supplies
4/9/2026,The Crown - Stirling,Bidfood,876.69,   
3/15/2026,Royal Oak - Paisley,BOOKER,1178.20,Utilities
2026-03-25,The Ship Inn - Oban,Heineken UK,£1091.96,
4/23/2026,Red Lion - Glasgow,Bidfood,950.14,
2026-02-16,The Crown - Stirling,Booker Wholesale,942.85,Soft Drinks
1/12/2026,White Hart - Inverness,DIAGEO,£75.70,Soft Drinks
2/14/2026,Fox & Hound - Hamilton,Heineken UK,£622.24,Food
2026-04-04,Red Lion - Glasgow,BOOKER,£581.52,   
4/3/2026,Red Lion - Glasgow,JJ Food Service,932.83,Utilities
2/20/2026,White Hart - Inverness,BT PLC,713.20,Utilities
2026-01-31,Royal Oak - Paisley,Amazon Business,967.65,Food
2026-01-13,Royal Oak - Paisley,EON Energy,374.52,Soft Drinks
2026-02-13,Red Lion - Glasgow,Scottish Water,915.33,Alcohol
3/6/2026,Fox & Hound - Hamilton,Heineken UK,651.38,
2/21/2026,Queens Head - Aberdeen,Diageo Ltd,£632.49,Supplies
2026-03-15,Royal Oak - Paisley,Booker Wholesale,1096.93,Utilities
2026-04-06,The Ship Inn - Oban,BT PLC,£839.83,Alcohol
3/16/2026,Queens Head - Aberdeen,BOOKER,536.03,
2026-02-16,The Anchor - Perth,DIAGEO,469.05,Alcohol
20/03/2026,The Ship Inn - Oban,Amazon Business,353.83,
21/01/2026,The Anchor - Perth,Scottish Water,95.12,Alcohol
4/15/2026,The Ship Inn - Oban,Scottish Water,£749.04,   
1/22/2026,Kings Arms - Edinburgh,British Gas,£407.17,Alcohol
2026-02-28,White Hart - Inverness,BOOKER,689.49,Alcohol
1/14/2026,Royal Oak - Paisley,Scottish Water,1203.64,Supplies
1/20/2026,Red Lion - Glasgow,Bidfood,535.53,Utilities
3/15/2026,The Anchor - Perth,British Gas,913.99,   
27/03/2026,The Ship Inn - Oban,BOOKER,746.90,   
14/03/2026,The Crown - Stirling,BT PLC,51.74,Supplies
29/01/2026,Fox & Hound - Hamilton,Amazon Business,850.11,Food
05/02/2026,The Plough - Falkirk,Brakes Catering,£516.40,   
3/23/2026,The Plough - Falkirk,Brakes Catering,1164.22,
22/02/2026,The Swan - Ayr,Brakes Catering,245.95,Utilities
07/03/2026,Kings Arms - Edinburgh,Coca Cola,495.27,Food
11/01/2026,Kings Arms - Edinburgh,JJ Food Service,687.25,Supplies
4/14/2026,The Ship Inn - Oban,Amazon Business,351.38,Soft Drinks
20/01/2026,Kings Arms - Edinburgh,Diageo Ltd,547.35,Supplies
2026-03-10,The Plough - Falkirk,Booker Wholesale,455.77,   
1/2/2026,Black Bull - Dundee,British Gas,974.34,Supplies
1/2/2026,The Crown - Stirling,Bidfood,227.24,Alcohol
2026-03-22,The Swan - Ayr,DIAGEO,552.94,
2026-04-14,Red Lion - Glasgow,EON Energy,731.84,Soft Drinks
11/04/2026,The Crown - Stirling,BT PLC,988.01,
18/04/2026,The Plough - Falkirk,Diageo Ltd,454.03,Utilities
01/04/2026,Kings Arms - Edinburgh,EON Energy,276.48,Food
2026-03-29,The Anchor - Perth,Local Butcher,567.79,Utilities
4/29/2026,Royal Oak - Paisley,DIAGEO,769.18,Utilities
2026-02-18,The Crown - Stirling,Brakes Catering,£473.34,Alcohol
2026-03-20,Black Bull - Dundee,EON Energy,775.26,Alcohol
2026-01-26,The Anchor - Perth,BT PLC,60.50,
13/02/2026,Fox & Hound - Hamilton,Bidfood,266.95,Food
2/8/2026,The Anchor - Perth,Bidfood,676.25,Soft Drinks
4/20/2026,Fox & Hound - Hamilton,Brakes Catering,£93.80,Utilities
2026-04-02,Red Lion - Glasgow,Coca Cola,489.05,
15/02/2026,The Anchor - Perth,Scottish Water,1240.98,
17/03/2026,The Plough - Falkirk,British Gas,£516.51,Alcohol
3/9/2026,The Anchor - Perth,Local Butcher,1164.53,Soft Drinks
3/6/2026,The Crown - Stirling,BT PLC,680.49,Soft Drinks
2026-04-09,Royal Oak - Paisley,Diageo Ltd,321.01,
18/03/2026,Black Bull - Dundee,BT PLC,1199.05,Food
2026-04-18,White Hart - Inverness,Amazon Business,78.59,Utilities
18/02/2026,Queens Head - Aberdeen,EON Energy,288.71,Utilities
1/16/2026,The Crown - Stirling,BT PLC,367.43,Supplies
2026-04-08,Kings Arms - Edinburgh,Bidfood,£679.83,Utilities
2026-04-07,Royal Oak - Paisley,British Gas,411.72,Utilities
06/02/2026,The Crown - Stirling,Booker Wholesale,451.11,Alcohol
22/01/2026,Queens Head - Aberdeen,BOOKER,£838.95,   
29/03/2026,Royal Oak - Paisley,Brakes Catering,597.96,Alcohol
4/24/2026,The Plough - Falkirk,BOOKER,69.10,
19/04/2026,Queens Head - Aberdeen,BT PLC,664.15,Soft Drinks
2026-04-15,The Swan - Ayr,Diageo Ltd,£103.35,Alcohol
2026-01-09,Black Bull - Dundee,British Gas,911.12,Soft Drinks
26/03/2026,White Hart - Inverness,Bidfood,£846.46,
25/01/2026,Queens Head - Aberdeen,Local Butcher,60.43,Alcohol
2026-03-26,Kings Arms - Edinburgh,British Gas,993.89,Soft Drinks
17/02/2026,Royal Oak - Paisley,Scottish Water,935.61,   
4/26/2026,Red Lion - Glasgow,British Gas,727.85,Food
4/12/2026,Royal Oak - Paisley,Scottish Water,1086.86,Soft Drinks
2/17/2026,Queens Head - Aberdeen,Diageo Ltd,687.42,Alcohol
2026-02-27,Red Lion - Glasgow,Diageo Ltd,618.65,   
4/2/2026,The Plough - Falkirk,BT PLC,129.26,Alcohol
4/12/2026,Red Lion - Glasgow,EON Energy,249.02,
4/29/2026,White Hart - Inverness,Scottish Water,912.57,Utilities
2026-02-15,White Hart - Inverness,Booker Wholesale,£1107.27,Supplies
2026-04-04,The Crown - Stirling,JJ Food Service,999.72,Supplies
2026-04-16,Queens Head - Aberdeen,DIAGEO,148.81,Supplies
2026-01-02,White Hart - Inverness,BT PLC,223.94,Soft Drinks
2026-02-08,The Anchor - Perth,JJ Food Service,612.02,Food
1/23/2026,The Anchor - Perth,Local Butcher,203.77,Alcohol
2/26/2026,The Plough - Falkirk,British Gas,£685.46,Supplies
23/02/2026,Fox & Hound - Hamilton,Diageo Ltd,£652.43,   
1/29/2026,Royal Oak - Paisley,Scottish Water,1145.13,Alcohol
17/03/2026,Red Lion - Glasgow,British Gas,982.87,Soft Drinks
1/23/2026,The Anchor - Perth,EON Energy,£596.88,Alcohol
2026-03-09,The Plough - Falkirk,DIAGEO,£736.60,Soft Drinks
2026-01-29,Red Lion - Glasgow,Booker Wholesale,£310.71,
2026-03-27,Fox & Hound - Hamilton,DIAGEO,628.85,Supplies
15/01/2026,Red Lion - Glasgow,Coca Cola,912.61,Alcohol
28/04/2026,Royal Oak - Paisley,EON Energy,432.09,
2026-02-24,The Anchor - Perth,Diageo Ltd,105.75,Supplies
1/20/2026,The Plough - Falkirk,Brakes Catering,1152.26,Food
3/26/2026,The Crown - Stirling,Bidfood,£809.68,
3/5/2026,Black Bull - Dundee,DIAGEO,709.82,Alcohol
2026-02-03,Fox & Hound - Hamilton,BT PLC,459.90,
3/29/2026,The Crown - Stirling,BOOKER,£105.72,Supplies
2026-04-04,Red Lion - Glasgow,BT PLC,606.60,Utilities
15/04/2026,Black Bull - Dundee,Booker Wholesale,851.40,Food
2026-04-05,Kings Arms - Edinburgh,DIAGEO,357.16,Supplies
1/27/2026,The Ship Inn - Oban,JJ Food Service,364.74,Supplies
26/01/2026,Red Lion - Glasgow,DIAGEO,£662.06,Soft Drinks
4/23/2026,White Hart - Inverness,BOOKER,851.92,Food
2026-02-22,Black Bull - Dundee,Brakes Catering,806.06,
2026-02-15,The Swan - Ayr,JJ Food Service,1001.24,
06/01/2026,The Plough - Falkirk,DIAGEO,£420.17,
07/04/2026,The Ship Inn - Oban,Brakes Catering,£330.62,   
01/03/2026,Kings Arms - Edinburgh,Bidfood,671.71,Soft Drinks
13/02/2026,Fox & Hound - Hamilton,Heineken UK,700.13,   
07/02/2026,White Hart - Inverness,Scottish Water,1096.44,Supplies
27/04/2026,Queens Head - Aberdeen,Amazon Business,631.91,Soft Drinks
2026-04-25,The Swan - Ayr,BOOKER,736.66,   
1/24/2026,The Plough - Falkirk,Heineken UK,1141.33,Soft Drinks
07/03/2026,The Crown - Stirling,BOOKER,406.27,Supplies
02/04/2026,Queens Head - Aberdeen,DIAGEO,917.68,Soft Drinks
4/27/2026,White Hart - Inverness,Diageo Ltd,£929.76,Supplies
2026-04-01,The Swan - Ayr,Brakes Catering,846.49,   
24/04/2026,Red Lion - Glasgow,Brakes Catering,1133.66,Supplies
03/01/2026,The Crown - Stirling,Diageo Ltd,£379.59,Utilities
2026-02-04,Red Lion - Glasgow,Amazon Business,170.22,Food
2/10/2026,The Swan - Ayr,British Gas,183.99,Food
2/22/2026,Red Lion - Glasgow,BOOKER,672.44,   
3/14/2026,Queens Head - Aberdeen,BOOKER,759.44,Utilities
24/03/2026,The Ship Inn - Oban,DIAGEO,894.86,   
2026-02-01,Black Bull - Dundee,Scottish Water,329.83,Alcohol
03/04/2026,Black Bull - Dundee,Local Butcher,1142.23,   
4/10/2026,Red Lion - Glasgow,Brakes Catering,335.21,Supplies
10/04/2026,The Anchor - Perth,Booker Wholesale,£453.44,Utilities
2/10/2026,The Plough - Falkirk,Booker Wholesale,1229.80,Food
2026-01-28,The Anchor - Perth,Diageo Ltd,731.90,Food
11/01/2026,The Anchor - Perth,Brakes Catering,120.71,
22/02/2026,The Swan - Ayr,British Gas,1032.74,   
1/8/2026,Black Bull - Dundee,Heineken UK,£701.00,Alcohol
2026-04-21,The Anchor - Perth,Coca Cola,1078.79,Supplies
13/03/2026,Queens Head - Aberdeen,BT PLC,456.57,   
2026-03-15,Kings Arms - Edinburgh,Bidfood,317.65,Alcohol
2026-04-17,Queens Head - Aberdeen,Coca Cola,361.23,Soft Drinks
2026-01-16,Black Bull - Dundee,Heineken UK,292.12,
2026-03-02,Red Lion - Glasgow,Coca Cola,£1096.30,Food
03/03/2026,Queens Head - Aberdeen,Bidfood,£697.34,   
2026-01-27,Fox & Hound - Hamilton,Booker Wholesale,236.80,Alcohol
4/6/2026,Fox & Hound - Hamilton,BT PLC,796.54,Supplies
1/30/2026,White Hart - Inverness,Booker Wholesale,£550.72,
18/04/2026,The Swan - Ayr,Bidfood,596.80,   
2026-04-02,The Ship Inn - Oban,Bidfood,1152.59,   
30/03/2026,White Hart - Inverness,BOOKER,668.45,
1/24/2026,Red Lion - Glasgow,Amazon Business,838.69,Utilities
4/2/2026,Black Bull - Dundee,JJ Food Service,1220.47,Food
22/01/2026,Black Bull - Dundee,DIAGEO,212.96,
4/20/2026,White Hart - Inverness,Brakes Catering,63.25,Utilities
4/19/2026,Fox & Hound - Hamilton,Bidfood,1039.56,Alcohol
2/20/2026,White Hart - Inverness,Diageo Ltd,830.95,Food
26/03/2026,The Ship Inn - Oban,JJ Food Service,£1000.18,
3/29/2026,Black Bull - Dundee,BT PLC,1137.68,Alcohol
2026-03-15,The Anchor - Perth,BOOKER,1214.60,
2026-02-10,Queens Head - Aberdeen,EON Energy,291.88,   
2026-01-27,Fox & Hound - Hamilton,Local Butcher,£1091.70,   
2026-03-16,Royal Oak - Paisley,Amazon Business,£185.35,Utilities
2/11/2026,Red Lion - Glasgow,Coca Cola,1199.90,Utilities
2026-03-09,The Ship Inn - Oban,Coca Cola,647.76,Supplies
3/10/2026,The Swan - Ayr,BT PLC,308.64,
3/2/2026,Royal Oak - Paisley,Local Butcher,£748.88,
12/03/2026,The Plough - Falkirk,Local Butcher,£460.65,   
2026-03-25,Kings Arms - Edinburgh,Bidfood,£672.50,Food
07/03/2026,The Crown - Stirling,Coca Cola,383.92,Alcohol
1/20/2026,Queens Head - Aberdeen,DIAGEO,577.76,
04/04/2026,White Hart - Inverness,Bidfood,944.31,Soft Drinks
4/2/2026,Red Lion - Glasgow,BT PLC,£701.05,
2026-03-20,White Hart - Inverness,Brakes Catering,918.19,
2026-02-21,The Crown - Stirling,Booker Wholesale,£76.54,Food
2026-02-23,White Hart - Inverness,Local Butcher,£795.47,Supplies
2026-02-23,The Ship Inn - Oban,Local Butcher,56.52,Utilities
22/01/2026,White Hart - Inverness,DIAGEO,1077.24,Supplies
4/28/2026,The Crown - Stirling,Coca Cola,£800.15,
2026-02-02,Black Bull - Dundee,JJ Food Service,£260.05,Utilities
2026-03-19,The Anchor - Perth,Heineken UK,353.29,   
2026-01-10,Queens Head - Aberdeen,Amazon Business,1177.47,
11/04/2026,White Hart - Inverness,EON Energy,265.29,Supplies
3/24/2026,The Anchor - Perth,Brakes Catering,£227.17,   
3/16/2026,Kings Arms - Edinburgh,Local Butcher,741.46,   
05/04/2026,The Swan - Ayr,Coca Cola,436.30,Utilities
3/20/2026,The Plough - Falkirk,DIAGEO,549.43,
2026-03-31,Red Lion - Glasgow,Bidfood,£578.28,Food
2/9/2026,The Plough - Falkirk,Amazon Business,825.24,Soft Drinks
4/17/2026,White Hart - Inverness,Coca Cola,334.03,Utilities
09/02/2026,The Swan - Ayr,BOOKER,1118.87,   
08/02/2026,The Swan - Ayr,DIAGEO,368.94,Utilities
2/6/2026,Black Bull - Dundee,DIAGEO,103.85,Food
2026-01-17,The Plough - Falkirk,Amazon Business,196.13,Food
2026-01-22,Queens Head - Aberdeen,Booker Wholesale,1049.59,   
2026-03-30,Fox & Hound - Hamilton,Local Butcher,688.02,   
2026-01-09,The Crown - Stirling,Diageo Ltd,£1020.94,Alcohol
1/10/2026,Black Bull - Dundee,BOOKER,469.10,
2026-04-27,Royal Oak - Paisley,BOOKER,1103.72,Utilities
3/9/2026,Black Bull - Dundee,British Gas,432.44,Utilities
29/01/2026,The Crown - Stirling,BT PLC,£1234.54,
2/19/2026,The Ship Inn - Oban,Booker Wholesale,778.21,   
24/02/2026,Black Bull - Dundee,Local Butcher,1086.46,Utilities
2026-01-26,Royal Oak - Paisley,Heineken UK,531.86,
2/21/2026,The Anchor - Perth,British Gas,£618.38,Food
3/31/2026,The Anchor - Perth,Coca Cola,779.37,Soft Drinks
11/04/2026,The Ship Inn - Oban,Local Butcher,594.28,Soft Drinks
11/04/2026,Kings Arms - Edinburgh,Amazon Business,£293.05,Soft Drinks
4/30/2026,The Crown - Stirling,Brakes Catering,£243.75,   
09/04/2026,Queens Head - Aberdeen,Booker Wholesale,381.22,Supplies
09/02/2026,The Swan - Ayr,Brakes Catering,662.91,Food
18/01/2026,Kings Arms - Edinburgh,Brakes Catering,£388.11,   
28/04/2026,The Plough - Falkirk,Brakes Catering,568.56,
2026-01-14,The Plough - Falkirk,Heineken UK,152.44,Supplies
4/23/2026,The Swan - Ayr,BT PLC,393.45,
07/04/2026,Royal Oak - Paisley,British Gas,420.07,
2/23/2026,Kings Arms - Edinburgh,DIAGEO,578.98,Supplies
2/8/2026,The Anchor - Perth,Heineken UK,1226.48,Utilities
2/15/2026,White Hart - Inverness,BOOKER,883.30,Soft Drinks
2/25/2026,The Ship Inn - Oban,Scottish Water,1092.05,   
01/04/2026,White Hart - Inverness,Coca Cola,568.93,   
13/01/2026,Fox & Hound - Hamilton,Local Butcher,66.37,Food
1/15/2026,White Hart - Inverness,British Gas,323.48,Alcohol
4/25/2026,The Crown - Stirling,Brakes Catering,1176.81,Food
03/03/2026,White Hart - Inverness,Local Butcher,290.54,
2026-04-29,The Swan - Ayr,Brakes Catering,577.12,Utilities
2026-01-21,The Plough - Falkirk,Scottish Water,619.77,Alcohol
3/5/2026,The Plough - Falkirk,BT PLC,539.55,   
14/04/2026,White Hart - Inverness,JJ Food Service,370.53,   
25/02/2026,Fox & Hound - Hamilton,Scottish Water,347.04,Supplies
2/7/2026,Red Lion - Glasgow,Amazon Business,143.80,   
2026-03-22,The Swan - Ayr,EON Energy,860.76,Utilities
12/03/2026,Red Lion - Glasgow,Coca Cola,531.56,Food
2026-01-30,The Ship Inn - Oban,DIAGEO,213.43,Food
1/28/2026,Royal Oak - Paisley,Amazon Business,366.04,
09/01/2026,Black Bull - Dundee,Coca Cola,618.00,Food
22/01/2026,Queens Head - Aberdeen,Diageo Ltd,64.64,Alcohol
3/23/2026,The Ship Inn - Oban,Local Butcher,£754.28,Alcohol
06/04/2026,The Crown - Stirling,Amazon Business,725.55,   
14/01/2026,The Swan - Ayr,Brakes Catering,675.43,Soft Drinks
20/03/2026,Queens Head - Aberdeen,Local Butcher,809.84,Supplies
3/28/2026,Kings Arms - Edinburgh,DIAGEO,344.87,   
4/23/2026,Royal Oak - Paisley,EON Energy,1199.53,
2026-04-05,The Plough - Falkirk,Bidfood,912.08,   
11/04/2026,The Ship Inn - Oban,BOOKER,£1060.85,   
3/1/2026,White Hart - Inverness,DIAGEO,1244.83,Supplies
3/22/2026,Queens Head - Aberdeen,EON Energy,1005.01,Utilities
24/02/2026,The Anchor - Perth,DIAGEO,516.41,
2/3/2026,Queens Head - Aberdeen,Diageo Ltd,506.27,Soft Drinks
2026-01-21,Royal Oak - Paisley,Brakes Catering,687.45,
09/04/2026,Fox & Hound - Hamilton,DIAGEO,472.65,
2026-03-17,Kings Arms - Edinburgh,Bidfood,917.89,Utilities
4/15/2026,Red Lion - Glasgow,Bidfood,£736.32,Alcohol
4/19/2026,Red Lion - Glasgow,Bidfood,1038.75,Food
2026-03-23,Black Bull - Dundee,DIAGEO,247.72,Soft Drinks
13/01/2026,Queens Head - Aberdeen,JJ Food Service,524.42,   
18/02/2026,Fox & Hound - Hamilton,EON Energy,1199.51,   
2026-04-28,The Ship Inn - Oban,Local Butcher,1057.04,Soft Drinks
4/4/2026,Queens Head - Aberdeen,Heineken UK,857.16,Utilities
2026-02-06,Royal Oak - Paisley,Brakes Catering,1053.34,Soft Drinks
2026-03-17,The Swan - Ayr,Booker Wholesale,603.36,Utilities
12/01/2026,Queens Head - Aberdeen,Booker Wholesale,779.77,Soft Drinks
2026-04-12,Queens Head - Aberdeen,Heineken UK,434.34,Supplies
29/01/2026,Kings Arms - Edinburgh,EON Energy,192.20,
3/25/2026,White Hart - Inverness,Bidfood,1105.31,Utilities
2026-03-17,The Crown - Stirling,Booker Wholesale,371.21,   
1/13/2026,The Plough - Falkirk,Coca Cola,679.07,
07/03/2026,The Crown - Stirling,Local Butcher,1018.16,Alcohol
3/27/2026,The Plough - Falkirk,Amazon Business,414.39,Food
4/20/2026,Kings Arms - Edinburgh,JJ Food Service,890.09,Alcohol
1/14/2026,The Anchor - Perth,Bidfood,635.72,Utilities
22/04/2026,Black Bull - Dundee,Coca Cola,1128.78,Food
1/30/2026,Black Bull - Dundee,Brakes Catering,900.98,Food
2026-03-12,White Hart - Inverness,Bidfood,1026.41,Soft Drinks
2/6/2026,Fox & Hound - Hamilton,Booker Wholesale,379.34,   
2/1/2026,The Plough - Falkirk,Diageo Ltd,138.77,Food
2026-01-09,The Plough - Falkirk,Coca Cola,£777.29,
1/7/2026,The Anchor - Perth,Heineken UK,£163.16,Supplies
4/6/2026,Black Bull - Dundee,Bidfood,374.95,
21/04/2026,Queens Head - Aberdeen,BT PLC,1126.29,
2/15/2026,The Swan - Ayr,EON Energy,693.05,Alcohol
4/7/2026,The Crown - Stirling,Heineken UK,908.95,Utilities
1/22/2026,Fox & Hound - Hamilton,Scottish Water,975.98,Utilities
2026-01-22,Kings Arms - Edinburgh,British Gas,478.94,Alcohol
2026-03-01,The Plough - Falkirk,Amazon Business,£295.89,
11/04/2026,The Swan - Ayr,EON Energy,£915.42,
2026-02-08,Fox & Hound - Hamilton,Local Butcher,1060.80,Alcohol
3/7/2026,Fox & Hound - Hamilton,JJ Food Service,984.45,Utilities
2026-04-01,Royal Oak - Paisley,Coca Cola,£128.82,
2/16/2026,Black Bull - Dundee,Bidfood,151.35,
1/30/2026,The Plough - Falkirk,Bidfood,510.30,Utilities
29/04/2026,Red Lion - Glasgow,Coca Cola,709.87,
1/21/2026,Fox & Hound - Hamilton,Brakes Catering,566.91,Soft Drinks
08/01/2026,White Hart - Inverness,BOOKER,£1094.85,   
1/5/2026,Royal Oak - Paisley,JJ Food Service,£979.73,
23/02/2026,Black Bull - Dundee,Bidfood,164.69,   
1/15/2026,White Hart - Inverness,Coca Cola,£1057.61,Alcohol
2026-03-27,White Hart - Inverness,Booker Wholesale,£87.47,   
08/03/2026,The Crown - Stirling,British Gas,£1066.19,   
3/30/2026,The Anchor - Perth,Booker Wholesale,483.69,   
29/03/2026,White Hart - Inverness,Coca Cola,494.31,Food
2026-02-21,The Ship Inn - Oban,Heineken UK,543.83,   
2026-04-26,Royal Oak - Paisley,Local Butcher,1046.36,Utilities
4/24/2026,The Ship Inn - Oban,Scottish Water,£113.37,   
2026-03-31,White Hart - Inverness,Booker Wholesale,1029.39,Soft Drinks
17/03/2026,The Anchor - Perth,Heineken UK,457.09,
1/31/2026,The Ship Inn - Oban,British Gas,716.14,Utilities
05/02/2026,Black Bull - Dundee,Brakes Catering,1249.92,
2026-03-07,The Crown - Stirling,Bidfood,695.26,Utilities
23/03/2026,Black Bull - Dundee,Local Butcher,653.80,Alcohol
2026-02-19,Fox & Hound - Hamilton,Brakes Catering,381.25,Food
2026-03-26,Kings Arms - Edinburgh,Local Butcher,£176.49,   
2026-04-16,The Anchor - Perth,BOOKER,720.02,Food
4/25/2026,The Crown - Stirling,Amazon Business,£240.28,
1/25/2026,The Swan - Ayr,Amazon Business,604.06,Utilities
2026-03-13,The Ship Inn - Oban,Local Butcher,£948.23,Soft Drinks
25/03/2026,Fox & Hound - Hamilton,EON Energy,1080.96,   
05/01/2026,Royal Oak - Paisley,Diageo Ltd,1009.96,Supplies
27/02/2026,Royal Oak - Paisley,Diageo Ltd,902.82,   
25/03/2026,Black Bull - Dundee,Amazon Business,403.79,Utilities
30/01/2026,Kings Arms - Edinburgh,BOOKER,£696.77,
4/15/2026,The Ship Inn - Oban,JJ Food Service,790.06,
2026-04-13,The Plough - Falkirk,BT PLC,£433.14,Supplies
2/11/2026,The Crown - Stirling,Amazon Business,188.50,
1/5/2026,The Ship Inn - Oban,Bidfood,196.52,Food
26/01/2026,Red Lion - Glasgow,Amazon Business,1234.39,   
2/21/2026,Black Bull - Dundee,Scottish Water,786.94,   
09/01/2026,The Ship Inn - Oban,Diageo Ltd,856.28,Supplies
2/28/2026,Queens Head - Aberdeen,Brakes Catering,635.54,Soft Drinks
4/13/2026,The Swan - Ayr,Booker Wholesale,304.95,Utilities
07/02/2026,The Anchor - Perth,JJ Food Service,454.90,
2/23/2026,The Swan - Ayr,DIAGEO,198.69,
19/02/2026,Fox & Hound - Hamilton,BOOKER,1153.70,Alcohol
11/03/2026,Red Lion - Glasgow,Coca Cola,509.19,Soft Drinks
2/11/2026,Black Bull - Dundee,British Gas,382.40,Food
2026-03-18,The Anchor - Perth,EON Energy,£544.31,Supplies
3/25/2026,Kings Arms - Edinburgh,Heineken UK,1149.78,
1/14/2026,The Crown - Stirling,Heineken UK,444.61,Utilities
2026-01-29,Queens Head - Aberdeen,Booker Wholesale,425.93,Supplies
2026-03-10,The Plough - Falkirk,Heineken UK,448.49,Soft Drinks
2026-03-11,Queens Head - Aberdeen,British Gas,535.50,   
1/31/2026,Kings Arms - Edinburgh,Diageo Ltd,515.66,
3/4/2026,The Crown - Stirling,EON Energy,1053.15,Soft Drinks
2026-01-29,The Anchor - Perth,Local Butcher,1091.19,   
1/21/2026,Kings Arms - Edinburgh,DIAGEO,£129.04,Supplies
2/15/2026,The Crown - Stirling,EON Energy,805.69,
1/29/2026,Black Bull - Dundee,Scottish Water,921.15,Supplies
2/18/2026,The Swan - Ayr,Bidfood,1000.11,Food
3/7/2026,The Anchor - Perth,Local Butcher,1246.58,Alcohol
14/04/2026,Kings Arms - Edinburgh,BOOKER,1009.34,   
2026-02-22,The Swan - Ayr,Heineken UK,863.19,   
2026-03-10,Royal Oak - Paisley,DIAGEO,£551.90,Utilities
2026-02-07,Red Lion - Glasgow,Diageo Ltd,£723.11,
05/04/2026,Fox & Hound - Hamilton,EON Energy,471.11,Utilities
15/01/2026,The Plough - Falkirk,Bidfood,£61.04,Alcohol
2026-01-17,Black Bull - Dundee,JJ Food Service,1193.66,
01/01/2026,Red Lion - Glasgow,DIAGEO,426.74,Supplies
14/01/2026,Black Bull - Dundee,Bidfood,849.92,
3/15/2026,Queens Head - Aberdeen,Scottish Water,623.25,Soft Drinks
2026-04-17,Queens Head - Aberdeen,Local Butcher,1164.75,Food
2026-03-29,The Plough - Falkirk,JJ Food Service,71.33,Utilities
2026-04-03,Royal Oak - Paisley,BT PLC,1091.02,
2026-04-09,The Crown - Stirling,BOOKER,1209.72,Supplies
14/04/2026,Red Lion - Glasgow,Heineken UK,£1158.20,Supplies
2/22/2026,Fox & Hound - Hamilton,Bidfood,£538.71,   
08/04/2026,The Ship Inn - Oban,EON Energy,174.04,Supplies
2026-02-26,Royal Oak - Paisley,JJ Food Service,119.81,   
08/01/2026,The Plough - Falkirk,Coca Cola,£1168.98,Supplies
24/02/2026,Fox & Hound - Hamilton,BT PLC,78.27,
1/27/2026,The Swan - Ayr,Booker Wholesale,322.43,   
05/01/2026,Kings Arms - Edinburgh,Coca Cola,357.09,Alcohol
2026-01-06,Royal Oak - Paisley,DIAGEO,379.15,   
30/03/2026,The Anchor - Perth,EON Energy,604.62,Supplies
2026-02-28,Kings Arms - Edinburgh,JJ Food Service,101.29,
29/04/2026,The Swan - Ayr,JJ Food Service,561.11,Alcohol
2026-03-06,The Plough - Falkirk,Bidfood,837.65,   
2/27/2026,Fox & Hound - Hamilton,Local Butcher,£998.46,Supplies
2026-03-14,The Crown - Stirling,Amazon Business,664.54,
1/26/2026,The Ship Inn - Oban,British Gas,£107.58,Food
2026-04-14,The Swan - Ayr,Brakes Catering,1233.35,Soft Drinks
2/19/2026,The Plough - Falkirk,British Gas,1154.54,Alcohol
2026-04-11,Queens Head - Aberdeen,Coca Cola,443.63,Soft Drinks
2026-02-12,The Anchor - Perth,Coca Cola,£480.18,Utilities
3/5/2026,White Hart - Inverness,British Gas,824.32,Alcohol
25/03/2026,The Swan - Ayr,Local Butcher,795.04,Soft Drinks
1/9/2026,The Crown - Stirling,Brakes Catering,£1187.04,
30/04/2026,The Plough - Falkirk,Diageo Ltd,475.36,
01/02/2026,The Plough - Falkirk,Diageo Ltd,£580.56,Alcohol
13/04/2026,Red Lion - Glasgow,Brakes Catering,648.78,Supplies
2/4/2026,Queens Head - Aberdeen,British Gas,723.49,Utilities
4/17/2026,The Crown - Stirling,DIAGEO,£282.40,
19/01/2026,The Crown - Stirling,Brakes Catering,667.78,Food
2026-01-24,The Plough - Falkirk,Brakes Catering,1095.82,Utilities
2/11/2026,The Crown - Stirling,BOOKER,1068.83,   
17/02/2026,Kings Arms - Edinburgh,Diageo Ltd,415.95,Supplies
3/4/2026,Queens Head - Aberdeen,British Gas,1060.57,
23/04/2026,Black Bull - Dundee,Bidfood,1203.13,Alcohol
1/17/2026,Red Lion - Glasgow,Brakes Catering,317.53,   
3/19/2026,The Plough - Falkirk,EON Energy,£1154.56,   
14/01/2026,The Plough - Falkirk,BT PLC,266.12,Supplies
3/14/2026,The Crown - Stirling,BT PLC,1148.80,Supplies
17/01/2026,The Anchor - Perth,Booker Wholesale,304.02,
2026-01-04,The Plough - Falkirk,JJ Food Service,589.61,
3/31/2026,The Swan - Ayr,Bidfood,254.56,   
2026-02-01,The Plough - Falkirk,EON Energy,£1217.01,
21/03/2026,Red Lion - Glasgow,British Gas,880.18,   
2/28/2026,Kings Arms - Edinburgh,Scottish Water,£552.32,Utilities
3/11/2026,The Plough - Falkirk,Scottish Water,£428.96,Alcohol
04/04/2026,The Ship Inn - Oban,Scottish Water,1206.40,Supplies
3/10/2026,The Swan - Ayr,BOOKER,721.78,   
1/17/2026,The Anchor - Perth,Bidfood,736.33,Supplies
3/27/2026,Queens Head - Aberdeen,DIAGEO,646.70,Soft Drinks
3/3/2026,Fox & Hound - Hamilton,JJ Food Service,£511.82,Soft Drinks
1/1/2026,The Plough - Falkirk,Local Butcher,1161.36,Soft Drinks
4/21/2026,Fox & Hound - Hamilton,Scottish Water,299.37,Utilities
4/9/2026,The Anchor - Perth,Booker Wholesale,241.80,
2026-04-04,Kings Arms - Edinburgh,BOOKER,1139.70,Soft Drinks
2/18/2026,Royal Oak - Paisley,Amazon Business,719.80,
02/02/2026,The Swan - Ayr,JJ Food Service,124.99,Food
2026-04-27,Kings Arms - Edinburgh,British Gas,962.92,Supplies
03/01/2026,The Crown - Stirling,Booker Wholesale,262.48,Soft Drinks
05/01/2026,Queens Head - Aberdeen,BT PLC,681.67,
2026-03-29,Queens Head - Aberdeen,Diageo Ltd,210.51,Food
2026-01-20,The Anchor - Perth,BT PLC,1181.26,Utilities
2026-02-25,White Hart - Inverness,Coca Cola,822.92,Utilities
05/03/2026,The Plough - Falkirk,Heineken UK,853.49,
2026-02-01,The Ship Inn - Oban,Bidfood,1244.47,Soft Drinks
2/21/2026,The Swan - Ayr,JJ Food Service,162.63,Food
2026-01-27,Black Bull - Dundee,Coca Cola,£315.18,Soft Drinks
2026-03-04,Queens Head - Aberdeen,Local Butcher,148.87,Supplies
2026-01-17,Queens Head - Aberdeen,BT PLC,389.69,
3/30/2026,Red Lion - Glasgow,EON Energy,922.02,Soft Drinks
2026-01-15,Black Bull - Dundee,BT PLC,1010.98,   
09/01/2026,White Hart - Inverness,Booker Wholesale,1213.26,Supplies
1/6/2026,The Plough - Falkirk,Heineken UK,£973.91,Alcohol
2026-02-09,The Anchor - Perth,Bidfood,£411.92,   
22/03/2026,The Ship Inn - Oban,Bidfood,706.52,   
03/03/2026,Red Lion - Glasgow,British Gas,989.11,Utilities
2026-01-04,Queens Head - Aberdeen,JJ Food Service,611.44,Alcohol
2/15/2026,Queens Head - Aberdeen,Amazon Business,1143.04,
13/02/2026,Kings Arms - Edinburgh,Heineken UK,387.18,   
2026-04-21,Kings Arms - Edinburgh,EON Energy,747.91,Alcohol
03/02/2026,Royal Oak - Paisley,JJ Food Service,317.11,   
22/03/2026,Queens Head - Aberdeen,BOOKER,162.49,Supplies
3/31/2026,The Ship Inn - Oban,BOOKER,144.41,
26/02/2026,Red Lion - Glasgow,Bidfood,467.64,Alcohol
4/2/2026,The Swan - Ayr,BOOKER,331.19,Alcohol
2/5/2026,The Crown - Stirling,Bidfood,178.77,
12/02/2026,White Hart - Inverness,EON Energy,1221.22,Alcohol
03/03/2026,The Plough - Falkirk,Amazon Business,1030.30,Alcohol
2026-01-16,Fox & Hound - Hamilton,Local Butcher,£1043.65,Food
3/22/2026,Red Lion - Glasgow,Diageo Ltd,82.73,Supplies
2026-03-12,The Plough - Falkirk,Local Butcher,736.43,   
1/7/2026,The Anchor - Perth,Heineken UK,91.65,Food
1/20/2026,Queens Head - Aberdeen,Diageo Ltd,£907.27,   
2/22/2026,The Crown - Stirling,EON Energy,£842.55,Food
11/01/2026,Kings Arms - Edinburgh,Bidfood,£250.26,Food
2026-03-03,The Swan - Ayr,Brakes Catering,92.92,Alcohol
2026-02-17,The Anchor - Perth,Local Butcher,1139.71,Utilities
01/03/2026,Kings Arms - Edinburgh,Brakes Catering,£208.50,Food
3/25/2026,The Ship Inn - Oban,Diageo Ltd,312.09,
3/5/2026,The Plough - Falkirk,Booker Wholesale,837.74,Supplies
10/01/2026,The Swan - Ayr,EON Energy,1075.60,
2/15/2026,The Ship Inn - Oban,Scottish Water,£830.09,Alcohol
2026-02-06,The Anchor - Perth,Booker Wholesale,241.25,Alcohol
26/03/2026,The Ship Inn - Oban,Scottish Water,1139.29,Food
06/02/2026,Fox & Hound - Hamilton,Scottish Water,843.76,Alcohol
2026-03-10,Kings Arms - Edinburgh,EON Energy,521.09,Supplies
2/24/2026,Red Lion - Glasgow,Bidfood,471.67,
09/01/2026,White Hart - Inverness,Scottish Water,343.79,Supplies
1/10/2026,Queens Head - Aberdeen,Scottish Water,£371.37,Food
2026-04-02,Queens Head - Aberdeen,BOOKER,357.18,
19/02/2026,The Crown - Stirling,Heineken UK,277.74,Utilities
2026-02-25,Red Lion - Glasgow,EON Energy,231.98,Food
2026-04-19,White Hart - Inverness,Bidfood,1026.94,Utilities
04/03/2026,The Ship Inn - Oban,Brakes Catering,361.20,   
4/29/2026,White Hart - Inverness,Bidfood,410.75,Food
2026-03-19,Fox & Hound - Hamilton,BT PLC,£639.55,Food
2026-04-12,The Swan - Ayr,Local Butcher,£456.61,Soft Drinks
2026-02-14,Kings Arms - Edinburgh,Brakes Catering,928.39,Utilities
1/5/2026,White Hart - Inverness,Heineken UK,658.28,Alcohol
2026-04-22,The Plough - Falkirk,Scottish Water,£306.99,
2026-02-23,Black Bull - Dundee,Brakes Catering,958.28,Food
2/16/2026,The Ship Inn - Oban,Brakes Catering,1089.80,Utilities
2026-04-20,Black Bull - Dundee,Scottish Water,1067.90,Alcohol
2026-01-22,The Swan - Ayr,Coca Cola,637.03,Utilities
18/02/2026,Royal Oak - Paisley,BT PLC,951.78,
4/11/2026,Royal Oak - Paisley,Scottish Water,365.53,Soft Drinks
2026-01-12,Red Lion - Glasgow,Heineken UK,118.57,   
1/5/2026,The Plough - Falkirk,Scottish Water,387.75,Supplies
3/11/2026,Red Lion - Glasgow,Amazon Business,352.27,Utilities
1/1/2026,Kings Arms - Edinburgh,Heineken UK,511.84,   
20/04/2026,The Crown - Stirling,EON Energy,732.25,
2026-03-31,The Swan - Ayr,Brakes Catering,77.71,Soft Drinks
02/04/2026,The Swan - Ayr,Diageo Ltd,£745.11,Alcohol
22/01/2026,The Crown - Stirling,Diageo Ltd,810.66,Alcohol
2026-04-24,Queens Head - Aberdeen,British Gas,£71.17,Supplies
2026-03-05,The Plough - Falkirk,JJ Food Service,330.66,   
26/04/2026,Red Lion - Glasgow,Diageo Ltd,628.30,Soft Drinks
2/10/2026,Red Lion - Glasgow,JJ Food Service,780.05,   
3/8/2026,The Crown - Stirling,EON Energy,1047.87,Utilities
2026-03-22,Queens Head - Aberdeen,Booker Wholesale,1136.92,   
2026-02-06,Black Bull - Dundee,Scottish Water,1168.99,   
3/15/2026,White Hart - Inverness,Brakes Catering,439.30,Soft Drinks
2026-03-26,Queens Head - Aberdeen,British Gas,292.42,Supplies
2026-04-27,White Hart - Inverness,Bidfood,1156.03,
11/04/2026,Queens Head - Aberdeen,British Gas,1244.17,   
4/6/2026,The Plough - Falkirk,Heineken UK,£718.81,Supplies
2026-02-08,The Plough - Falkirk,British Gas,508.04,
2026-01-04,Fox & Hound - Hamilton,Heineken UK,1112.41,Utilities
04/04/2026,The Plough - Falkirk,Coca Cola,556.23,
1/5/2026,Black Bull - Dundee,EON Energy,1204.41,Alcohol
2026-02-16,White Hart - Inverness,Brakes Catering,455.24,   
4/12/2026,White Hart - Inverness,Bidfood,430.97,Alcohol
2026-03-16,The Plough - Falkirk,Coca Cola,1119.00,
3/18/2026,Queens Head - Aberdeen,Amazon Business,606.40,Supplies
2/6/2026,Kings Arms - Edinburgh,DIAGEO,882.34,Alcohol
3/3/2026,The Crown - Stirling,Local Butcher,1115.35,Food
2026-04-17,The Ship Inn - Oban,BT PLC,£507.43,Food
4/14/2026,Queens Head - Aberdeen,Brakes Catering,134.80,Supplies
1/20/2026,The Anchor - Perth,DIAGEO,260.43,Food
18/02/2026,Kings Arms - Edinburgh,Coca Cola,885.11,Soft Drinks
2026-03-02,Queens Head - Aberdeen,Brakes Catering,£1239.78,Food
21/02/2026,The Anchor - Perth,BT PLC,849.42,   
4/19/2026,Black Bull - Dundee,Heineken UK,875.47,Supplies
20/04/2026,The Anchor - Perth,Brakes Catering,712.62,Alcohol
4/25/2026,Royal Oak - Paisley,Local Butcher,551.37,
2/12/2026,The Crown - Stirling,BT PLC,85.15,   
16/02/2026,Kings Arms - Edinburgh,Booker Wholesale,£631.58,Alcohol
2026-02-01,Royal Oak - Paisley,Coca Cola,956.09,Supplies
1/15/2026,Black Bull - Dundee,Scottish Water,1063.64,Soft Drinks
3/10/2026,Queens Head - Aberdeen,Brakes Catering,416.82,Supplies
2026-03-28,Queens Head - Aberdeen,Bidfood,£270.87,   
2/18/2026,White Hart - Inverness,Coca Cola,417.67,Supplies
2026-02-11,Kings Arms - Edinburgh,Bidfood,£369.59,Supplies
4/28/2026,Fox & Hound - Hamilton,EON Energy,748.35,Supplies
4/23/2026,White Hart - Inverness,JJ Food Service,146.74,Food
3/20/2026,Queens Head - Aberdeen,BT PLC,1129.61,Supplies
2026-04-04,The Crown - Stirling,BOOKER,735.30,
18/01/2026,The Ship Inn - Oban,JJ Food Service,363.79,   
2026-02-26,Royal Oak - Paisley,BT PLC,435.36,Food
12/04/2026,White Hart - Inverness,BOOKER,285.42,
2026-03-05,Queens Head - Aberdeen,BOOKER,1158.29,Alcohol
2026-01-25,The Crown - Stirling,Bidfood,717.31,Food
24/04/2026,Royal Oak - Paisley,JJ Food Service,89.67,Soft Drinks
20/02/2026,The Swan - Ayr,BOOKER,£970.51,
31/01/2026,The Swan - Ayr,Amazon Business,273.16,
4/22/2026,The Crown - Stirling,BT PLC,£849.56,
2/4/2026,Royal Oak - Paisley,Amazon Business,393.23,Alcohol
08/03/2026,The Crown - Stirling,BOOKER,95.37,
2026-01-07,The Swan - Ayr,BOOKER,1127.63,Utilities
12/01/2026,The Swan - Ayr,Heineken UK,882.46,
4/28/2026,Kings Arms - Edinburgh,Heineken UK,1061.60,Utilities
2026-04-25,The Crown - Stirling,Local Butcher,275.75,Utilities
2026-02-25,Red Lion - Glasgow,Brakes Catering,685.55,Utilities
2026-01-16,White Hart - Inverness,Brakes Catering,£924.01,Food
2026-02-22,Queens Head - Aberdeen,Local Butcher,142.38,Supplies
2026-04-25,Kings Arms - Edinburgh,British Gas,312.73,
2026-04-27,Fox & Hound - Hamilton,Scottish Water,405.58,Soft Drinks
4/10/2026,Royal Oak - Paisley,Amazon Business,664.58,
1/3/2026,The Plough - Falkirk,Heineken UK,1178.22,Soft Drinks
03/04/2026,Royal Oak - Paisley,Brakes Catering,855.51,   
2/22/2026,Kings Arms - Edinburgh,Diageo Ltd,£1194.35,Food
2026-03-22,Black Bull - Dundee,British Gas,1094.04,Supplies
2/17/2026,The Crown - Stirling,DIAGEO,£827.41,
2026-04-29,Black Bull - Dundee,JJ Food Service,887.99,   
1/6/2026,Kings Arms - Edinburgh,Local Butcher,1219.78,   
2/6/2026,The Crown - Stirling,Local Butcher,1094.93,
28/04/2026,White Hart - Inverness,Heineken UK,1080.53,
21/01/2026,Red Lion - Glasgow,EON Energy,708.57,   
2026-04-09,The Ship Inn - Oban,JJ Food Service,571.64,
2/28/2026,Royal Oak - Paisley,BOOKER,£863.85,Food
2026-04-12,Queens Head - Aberdeen,Local Butcher,745.38,   
2026-04-10,The Swan - Ayr,Booker Wholesale,£1088.90,Utilities
2026-03-30,Kings Arms - Edinburgh,JJ Food Service,£980.02,Alcohol
2026-01-04,Queens Head - Aberdeen,Local Butcher,£224.27,Utilities
4/14/2026,The Crown - Stirling,Amazon Business,1215.72,   
2/5/2026,Fox & Hound - Hamilton,Bidfood,629.96,Soft Drinks
2026-02-20,Queens Head - Aberdeen,Diageo Ltd,£53.95,
2026-04-18,White Hart - Inverness,Coca Cola,£716.34,Utilities
3/17/2026,Red Lion - Glasgow,British Gas,803.19,   
2026-03-22,Royal Oak - Paisley,JJ Food Service,1000.37,Food
2026-02-20,White Hart - Inverness,Brakes Catering,1093.97,Alcohol
2026-03-03,The Plough - Falkirk,DIAGEO,1229.41,Soft Drinks
2026-03-11,The Anchor - Perth,Coca Cola,£118.92,Alcohol
2026-02-21,Fox & Hound - Hamilton,Coca Cola,£1051.41,Food
2026-03-10,The Crown - Stirling,DIAGEO,£954.23,
3/19/2026,The Anchor - Perth,Heineken UK,276.34,Alcohol
4/9/2026,Fox & Hound - Hamilton,Scottish Water,£515.87,Soft Drinks
2026-04-07,The Plough - Falkirk,Amazon Business,1064.88,
2026-02-22,White Hart - Inverness,Coca Cola,£819.03,Alcohol
2026-03-18,The Plough - Falkirk,Booker Wholesale,924.78,Soft Drinks
2026-01-26,Fox & Hound - Hamilton,Diageo Ltd,861.01,Supplies
05/02/2026,The Swan - Ayr,Brakes Catering,531.17,Soft Drinks
2026-04-05,Red Lion - Glasgow,BOOKER,222.11,Utilities
19/03/2026,Red Lion - Glasgow,Booker Wholesale,808.07,Utilities
2026-03-27,Royal Oak - Paisley,BT PLC,1065.29,Food
15/03/2026,The Anchor - Perth,EON Energy,£1214.21,Soft Drinks
1/10/2026,Black Bull - Dundee,Scottish Water,505.60,Alcohol
3/8/2026,Red Lion - Glasgow,Heineken UK,104.14,Soft Drinks
1/13/2026,White Hart - Inverness,DIAGEO,236.45,Soft Drinks
1/22/2026,The Plough - Falkirk,Coca Cola,£1248.70,Utilities
2026-04-26,The Ship Inn - Oban,BT PLC,66.83,Alcohol
28/02/2026,Kings Arms - Edinburgh,JJ Food Service,£537.32,   
2026-04-05,The Crown - Stirling,BOOKER,473.37,
24/04/2026,The Plough - Falkirk,Brakes Catering,£666.37,Supplies
2026-01-10,Royal Oak - Paisley,Booker Wholesale,£411.94,Soft Drinks
1/7/2026,The Crown - Stirling,Bidfood,£210.66,Utilities
3/26/2026,Kings Arms - Edinburgh,Bidfood,522.59,Food
2026-03-26,The Swan - Ayr,BT PLC,£385.03,
14/01/2026,The Anchor - Perth,Scottish Water,965.87,Soft Drinks
2026-01-01,The Anchor - Perth,Heineken UK,206.83,Utilities
19/01/2026,Royal Oak - Paisley,EON Energy,1006.29,Supplies
05/03/2026,The Anchor - Perth,Local Butcher,£547.69,
1/27/2026,Red Lion - Glasgow,Coca Cola,870.06,Food
2026-03-19,The Crown - Stirling,Local Butcher,630.69,Soft Drinks
20/03/2026,The Ship Inn - Oban,Heineken UK,477.87,Alcohol
1/30/2026,Fox & Hound - Hamilton,Bidfood,734.11,   
21/01/2026,Kings Arms - Edinburgh,JJ Food Service,120.32,Supplies
06/02/2026,The Plough - Falkirk,BOOKER,£763.10,Alcohol
2026-04-27,The Crown - Stirling,Diageo Ltd,112.00,Supplies
1/3/2026,Red Lion - Glasgow,EON Energy,£467.60,Soft Drinks
28/02/2026,Queens Head - Aberdeen,Coca Cola,1014.62,Alcohol
4/29/2026,Royal Oak - Paisley,British Gas,419.99,   
10/03/2026,The Plough - Falkirk,Coca Cola,698.86,Alcohol
16/03/2026,The Ship Inn - Oban,BOOKER,432.53,Utilities
13/01/2026,The Anchor - Perth,Bidfood,859.88,   
1/22/2026,White Hart - Inverness,JJ Food Service,1078.74,
17/01/2026,The Ship Inn - Oban,Amazon Business,339.88,Supplies
2/26/2026,The Swan - Ayr,Heineken UK,660.11,
1/19/2026,Royal Oak - Paisley,Booker Wholesale,£380.30,Supplies
15/04/2026,The Ship Inn - Oban,Booker Wholesale,1153.30,Food
15/01/2026,Kings Arms - Edinburgh,JJ Food Service,573.82,   
03/04/2026,The Anchor - Perth,JJ Food Service,796.22,Soft Drinks
13/01/2026,The Plough - Falkirk,Bidfood,417.47,
09/03/2026,The Swan - Ayr,EON Energy,308.94,Soft Drinks
3/1/2026,The Ship Inn - Oban,Booker Wholesale,459.57,
4/20/2026,Queens Head - Aberdeen,Brakes Catering,830.01,Utilities
2026-02-05,The Crown - Stirling,Booker Wholesale,433.63,   
18/01/2026,The Anchor - Perth,Brakes Catering,703.88,Soft Drinks
1/15/2026,Queens Head - Aberdeen,Heineken UK,£1097.82,   
2026-04-06,The Anchor - Perth,Booker Wholesale,1235.44,Alcohol
3/18/2026,The Crown - Stirling,EON Energy,£547.80,Alcohol
07/02/2026,Black Bull - Dundee,Diageo Ltd,589.32,Supplies
2026-01-29,The Swan - Ayr,BT PLC,746.26,   
2026-01-12,The Plough - Falkirk,EON Energy,129.68,   
1/21/2026,White Hart - Inverness,EON Energy,£555.99,   
2026-03-24,The Ship Inn - Oban,Booker Wholesale,£430.47,Alcohol
19/03/2026,The Ship Inn - Oban,Coca Cola,504.06,
4/25/2026,The Crown - Stirling,Diageo Ltd,451.34,Soft Drinks
2026-01-30,The Anchor - Perth,Booker Wholesale,167.65,
22/03/2026,Kings Arms - Edinburgh,Amazon Business,£1038.72,Alcohol
3/9/2026,The Ship Inn - Oban,Amazon Business,52.20,Food
23/03/2026,The Plough - Falkirk,BOOKER,687.99,Supplies
02/04/2026,Royal Oak - Paisley,BT PLC,£950.44,Soft Drinks
2/4/2026,Black Bull - Dundee,Bidfood,132.88,Utilities
2/20/2026,Fox & Hound - Hamilton,Coca Cola,187.15,Utilities
1/28/2026,Fox & Hound - Hamilton,DIAGEO,1246.58,
19/03/2026,The Anchor - Perth,EON Energy,£111.13,Utilities
2026-04-17,Red Lion - Glasgow,Bidfood,391.99,   
20/02/2026,The Anchor - Perth,Scottish Water,£617.40,Supplies
4/18/2026,Black Bull - Dundee,DIAGEO,212.05,
2026-04-02,The Crown - Stirling,Amazon Business,419.66,
2026-03-08,Queens Head - Aberdeen,Diageo Ltd,605.36,Alcohol
4/17/2026,The Crown - Stirling,DIAGEO,228.71,Soft Drinks
05/03/2026,The Ship Inn - Oban,British Gas,221.18,Supplies
1/30/2026,Black Bull - Dundee,EON Energy,405.75,   
1/1/2026,Black Bull - Dundee,BT PLC,323.75,
2026-04-14,Black Bull - Dundee,Heineken UK,368.10,   
01/03/2026,Black Bull - Dundee,Brakes Catering,91.53,Soft Drinks
28/02/2026,The Swan - Ayr,Bidfood,586.65,Soft Drinks
08/01/2026,Red Lion - Glasgow,Scottish Water,525.31,Alcohol
10/04/2026,The Anchor - Perth,EON Energy,1082.82,   
3/19/2026,Fox & Hound - Hamilton,Brakes Catering,122.55,Supplies
2/18/2026,Fox & Hound - Hamilton,Local Butcher,1173.98,Utilities
2/24/2026,The Ship Inn - Oban,Diageo Ltd,£924.32,   
30/04/2026,Black Bull - Dundee,Bidfood,939.20,   
2026-04-11,The Plough - Falkirk,Diageo Ltd,£81.18,
2026-02-28,The Anchor - Perth,Amazon Business,£1232.48,Supplies
30/01/2026,Red Lion - Glasgow,Coca Cola,181.95,   
4/17/2026,The Anchor - Perth,Brakes Catering,118.11,Utilities
2026-02-12,Royal Oak - Paisley,BT PLC,£347.01,Supplies
11/01/2026,The Crown - Stirling,Local Butcher,224.82,Food
24/03/2026,Royal Oak - Paisley,BT PLC,735.25,Food
22/02/2026,White Hart - Inverness,EON Energy,89.37,Utilities
18/01/2026,Red Lion - Glasgow,BT PLC,£149.45,   
27/02/2026,The Ship Inn - Oban,BOOKER,462.72,
2026-02-19,Red Lion - Glasgow,EON Energy,£1025.12,   
4/10/2026,Black Bull - Dundee,BT PLC,287.92,   
2026-04-13,Kings Arms - Edinburgh,Diageo Ltd,648.85,
2026-02-10,Royal Oak - Paisley,BOOKER,591.86,Supplies
3/1/2026,Black Bull - Dundee,Brakes Catering,379.93,Supplies
2/23/2026,Royal Oak - Paisley,Diageo Ltd,829.26,Alcohol
05/04/2026,Queens Head - Aberdeen,Diageo Ltd,214.47,Utilities
01/02/2026,Fox & Hound - Hamilton,British Gas,249.25,
3/4/2026,The Ship Inn - Oban,Diageo Ltd,1246.73,   
13/01/2026,The Anchor - Perth,Bidfood,1195.60,Food
09/02/2026,The Crown - Stirling,BOOKER,145.93,   
2026-04-28,Black Bull - Dundee,BT PLC,£935.10,
3/1/2026,Red Lion - Glasgow,Diageo Ltd,306.09,Supplies
4/23/2026,The Anchor - Perth,BOOKER,1162.50,Alcohol
2026-03-27,Royal Oak - Paisley,BOOKER,£356.67,Supplies
2026-02-03,The Anchor - Perth,DIAGEO,£1058.06,   
12/03/2026,Black Bull - Dundee,Scottish Water,644.65,   
08/01/2026,The Swan - Ayr,Booker Wholesale,661.37,   
2026-02-22,Kings Arms - Edinburgh,British Gas,£359.79,
2026-02-19,Red Lion - Glasgow,Brakes Catering,335.98,Soft Drinks
2026-04-06,White Hart - Inverness,BOOKER,581.82,   
2026-02-04,The Anchor - Perth,DIAGEO,96.43,
17/02/2026,Black Bull - Dundee,Amazon Business,942.98,Utilities
03/04/2026,Queens Head - Aberdeen,Coca Cola,127.72,
2/5/2026,Red Lion - Glasgow,EON Energy,1170.48,Utilities
09/03/2026,Royal Oak - Paisley,BOOKER,661.19,
25/03/2026,White Hart - Inverness,Coca Cola,1151.66,Supplies
1/10/2026,The Anchor - Perth,EON Energy,510.36,Food
16/03/2026,White Hart - Inverness,Diageo Ltd,£368.79,Utilities
12/03/2026,Queens Head - Aberdeen,British Gas,558.09,   
2026-02-01,Queens Head - Aberdeen,Local Butcher,860.63,Supplies
3/2/2026,The Crown - Stirling,BT PLC,629.39,Soft Drinks
10/03/2026,Queens Head - Aberdeen,DIAGEO,£462.66,   
23/03/2026,Red Lion - Glasgow,BT PLC,841.58,Utilities
1/29/2026,Black Bull - Dundee,Bidfood,440.38,Utilities
2/1/2026,Fox & Hound - Hamilton,Brakes Catering,1164.24,Soft Drinks
21/02/2026,Royal Oak - Paisley,BOOKER,1119.89,   
4/7/2026,White Hart - Inverness,Coca Cola,104.30,
2/3/2026,Fox & Hound - Hamilton,BOOKER,740.29,Utilities
25/01/2026,Kings Arms - Edinburgh,British Gas,338.16,Alcohol
09/02/2026,Queens Head - Aberdeen,Bidfood,1191.75,Supplies
12/01/2026,The Swan - Ayr,Heineken UK,84.41,Soft Drinks
2026-02-23,Red Lion - Glasgow,Scottish Water,493.34,Alcohol
3/29/2026,The Crown - Stirling,Heineken UK,1120.17,
2026-01-01,Red Lion - Glasgow,BOOKER,£329.84,
11/04/2026,The Anchor - Perth,BT PLC,664.90,   
2/24/2026,Red Lion - Glasgow,BOOKER,180.38,
2026-03-05,The Anchor - Perth,BOOKER,885.69,Soft Drinks
15/02/2026,Fox & Hound - Hamilton,DIAGEO,355.46,Supplies
3/26/2026,Black Bull - Dundee,Local Butcher,1092.06,   
1/22/2026,Fox & Hound - Hamilton,JJ Food Service,591.47,Alcohol
2/15/2026,The Ship Inn - Oban,Coca Cola,842.05,
1/4/2026,The Crown - Stirling,Diageo Ltd,957.69,Supplies
26/02/2026,Red Lion - Glasgow,Local Butcher,£837.79,Alcohol
2026-04-08,The Ship Inn - Oban,Booker Wholesale,67.31,Food
1/25/2026,The Crown - Stirling,JJ Food Service,£700.96,   
13/03/2026,Black Bull - Dundee,Heineken UK,£917.69,
2026-01-24,Red Lion - Glasgow,DIAGEO,903.10,
3/13/2026,The Anchor - Perth,Diageo Ltd,932.90,Soft Drinks
2026-04-03,White Hart - Inverness,Diageo Ltd,£398.93,Soft Drinks
12/04/2026,Fox & Hound - Hamilton,BT PLC,668.54,Food
05/01/2026,The Crown - Stirling,EON Energy,425.78,Alcohol
09/01/2026,The Ship Inn - Oban,Local Butcher,342.95,Food
1/17/2026,Black Bull - Dundee,Heineken UK,492.61,
2026-01-05,Kings Arms - Edinburgh,Brakes Catering,436.24,Food
09/04/2026,White Hart - Inverness,JJ Food Service,1093.96,
2026-01-21,The Ship Inn - Oban,BT PLC,212.55,   
26/01/2026,The Ship Inn - Oban,EON Energy,53.17,
2026-03-20,The Anchor - Perth,British Gas,832.98,   
2026-04-16,The Swan - Ayr,JJ Food Service,765.71,Supplies
2026-04-06,Royal Oak - Paisley,Bidfood,104.98,Food
2026-02-02,Red Lion - Glasgow,Bidfood,276.07,Soft Drinks
1/6/2026,The Plough - Falkirk,Scottish Water,482.22,Supplies
4/6/2026,Royal Oak - Paisley,Amazon Business,1072.75,Food
01/04/2026,The Swan - Ayr,Bidfood,£85.84,   
29/04/2026,Royal Oak - Paisley,BT PLC,497.19,Utilities
3/13/2026,Kings Arms - Edinburgh,BT PLC,838.35,   
3/11/2026,Fox & Hound - Hamilton,JJ Food Service,£996.48,Utilities
2026-02-19,Red Lion - Glasgow,Brakes Catering,628.76,Supplies
19/02/2026,Kings Arms - Edinburgh,Heineken UK,402.25,Supplies
06/02/2026,Queens Head - Aberdeen,Bidfood,786.69,Soft Drinks
2026-02-24,Royal Oak - Paisley,Bidfood,739.15,Alcohol
31/03/2026,Black Bull - Dundee,Bidfood,774.03,
17/02/2026,Royal Oak - Paisley,Diageo Ltd,£213.86,
2026-02-09,The Swan - Ayr,BOOKER,725.94,Supplies
30/03/2026,The Plough - Falkirk,Amazon Business,859.58,
26/02/2026,Kings Arms - Edinburgh,BT PLC,132.79,
2026-01-07,Black Bull - Dundee,Brakes Catering,1068.24,
2/12/2026,The Ship Inn - Oban,BOOKER,£1249.43,Soft Drinks
2026-03-04,Black Bull - Dundee,Heineken UK,703.94,   
24/01/2026,Fox & Hound - Hamilton,Local Butcher,1227.06,Utilities
3/30/2026,The Plough - Falkirk,Amazon Business,£343.23,   
2026-01-13,Fox & Hound - Hamilton,Coca Cola,470.82,Alcohol
3/21/2026,Black Bull - Dundee,EON Energy,1062.38,Supplies
1/7/2026,The Swan - Ayr,BT PLC,707.81,   
2026-04-15,The Anchor - Perth,Brakes Catering,265.87,Supplies
2026-02-23,Fox & Hound - Hamilton,Coca Cola,852.71,
23/04/2026,The Anchor - Perth,Booker Wholesale,693.61,Soft Drinks
2026-01-14,Royal Oak - Paisley,Scottish Water,504.01,
1/29/2026,Kings Arms - Edinburgh,British Gas,£600.98,Supplies
06/04/2026,The Swan - Ayr,DIAGEO,£1088.75,Alcohol
22/04/2026,Black Bull - Dundee,BT PLC,1227.02,Utilities
19/02/2026,The Ship Inn - Oban,Bidfood,439.88,
2/2/2026,White Hart - Inverness,DIAGEO,927.10,   
04/01/2026,Red Lion - Glasgow,Brakes Catering,677.85,Food
3/17/2026,The Swan - Ayr,Booker Wholesale,271.76,Alcohol
2026-02-22,Black Bull - Dundee,Coca Cola,1046.29,   
2026-03-26,Royal Oak - Paisley,JJ Food Service,422.07,Supplies
23/02/2026,White Hart - Inverness,Diageo Ltd,797.15,
3/27/2026,Black Bull - Dundee,BT PLC,509.41,Alcohol
2026-02-19,The Crown - Stirling,DIAGEO,310.95,Utilities
1/9/2026,Fox & Hound - Hamilton,DIAGEO,771.20,   
1/30/2026,The Ship Inn - Oban,Coca Cola,292.00,Soft Drinks
2026-03-12,The Crown - Stirling,Scottish Water,789.22,Soft Drinks
04/04/2026,Black Bull - Dundee,BT PLC,127.89,   
2026-03-19,Fox & Hound - Hamilton,DIAGEO,449.19,Utilities
2026-02-13,The Ship Inn - Oban,Bidfood,£790.82,   
3/24/2026,Black Bull - Dundee,JJ Food Service,702.09,Alcohol
2026-04-18,The Anchor - Perth,Brakes Catering,1102.55,Food
3/15/2026,Kings Arms - Edinburgh,JJ Food Service,£978.93,   
1/12/2026,The Ship Inn - Oban,JJ Food Service,£771.36,Soft Drinks
16/01/2026,Queens Head - Aberdeen,Scottish Water,834.77,   
2/6/2026,The Ship Inn - Oban,Booker Wholesale,335.09,Utilities
20/02/2026,Royal Oak - Paisley,Heineken UK,£1135.92,Alcohol
17/04/2026,The Anchor - Perth,Scottish Water,1240.56,
04/01/2026,The Anchor - Perth,Local Butcher,1155.95,Alcohol
2026-01-26,Black Bull - Dundee,Coca Cola,278.30,   
2026-04-05,The Anchor - Perth,BOOKER,£206.19,Utilities
1/14/2026,White Hart - Inverness,Amazon Business,226.34,
4/27/2026,Royal Oak - Paisley,JJ Food Service,513.70,Soft Drinks
2026-03-01,The Ship Inn - Oban,Scottish Water,£460.55,Alcohol
3/13/2026,The Plough - Falkirk,Scottish Water,£888.89,Utilities
4/17/2026,Fox & Hound - Hamilton,British Gas,270.35,   
3/8/2026,Black Bull - Dundee,DIAGEO,£735.66,   
08/04/2026,The Swan - Ayr,BOOKER,355.77,Food
2026-04-14,Black Bull - Dundee,Amazon Business,1181.40,
2026-03-29,The Swan - Ayr,BT PLC,1219.81,   
05/02/2026,Fox & Hound - Hamilton,Scottish Water,78.53,
26/04/2026,The Swan - Ayr,Brakes Catering,329.96,
1/6/2026,Queens Head - Aberdeen,EON Energy,£232.82,Supplies
2/5/2026,Royal Oak - Paisley,BOOKER,149.05,Food
02/03/2026,The Swan - Ayr,British Gas,745.20,Soft Drinks
30/03/2026,Fox & Hound - Hamilton,Scottish Water,346.02,Soft Drinks
3/29/2026,Red Lion - Glasgow,Bidfood,245.35,   
19/03/2026,White Hart - Inverness,DIAGEO,£625.42,   
31/01/2026,The Crown - Stirling,Heineken UK,292.52,Soft Drinks
3/17/2026,The Anchor - Perth,JJ Food Service,342.73,
2026-02-11,The Anchor - Perth,BOOKER,527.11,Supplies
2026-04-21,The Ship Inn - Oban,EON Energy,351.55,Utilities
2/21/2026,Fox & Hound - Hamilton,Bidfood,£1242.27,Alcohol
2026-01-30,Queens Head - Aberdeen,BT PLC,340.12,Supplies
2/17/2026,Red Lion - Glasgow,JJ Food Service,1092.73,Utilities
29/03/2026,Red Lion - Glasgow,BOOKER,£1135.71,   
07/04/2026,The Swan - Ayr,Booker Wholesale,626.10,Utilities
2/22/2026,The Anchor - Perth,Booker Wholesale,665.31,Supplies
2026-04-23,The Ship Inn - Oban,Amazon Business,£655.05,
25/01/2026,Royal Oak - Paisley,JJ Food Service,51.22,
20/01/2026,The Swan - Ayr,Booker Wholesale,435.54,   
4/28/2026,Kings Arms - Edinburgh,EON Energy,£896.89,Utilities
10/01/2026,Fox & Hound - Hamilton,DIAGEO,924.74,Alcohol
1/7/2026,The Anchor - Perth,Amazon Business,725.48,Food
1/25/2026,Red Lion - Glasgow,DIAGEO,£522.43,Soft Drinks
2/17/2026,White Hart - Inverness,Coca Cola,1245.24,
1/30/2026,Black Bull - Dundee,Heineken UK,670.62,Soft Drinks
2/28/2026,Red Lion - Glasgow,BT PLC,911.64,Food
2026-03-31,The Anchor - Perth,Heineken UK,939.77,   
03/01/2026,The Crown - Stirling,BOOKER,559.03,Supplies
05/01/2026,Royal Oak - Paisley,Diageo Ltd,1099.16,Utilities
2026-04-18,Royal Oak - Paisley,Amazon Business,1229.53,   
2026-01-06,Royal Oak - Paisley,British Gas,388.34,   
2026-04-24,The Plough - Falkirk,Brakes Catering,167.52,Supplies
2026-01-11,The Swan - Ayr,Coca Cola,694.21,
3/20/2026,Royal Oak - Paisley,Local Butcher,873.76,
19/02/2026,Black Bull - Dundee,Bidfood,290.89,   
3/22/2026,The Ship Inn - Oban,Coca Cola,405.06,Utilities
2026-03-19,The Plough - Falkirk,Diageo Ltd,376.47,Supplies
16/03/2026,Red Lion - Glasgow,EON Energy,395.76,Utilities
18/03/2026,White Hart - Inverness,Local Butcher,591.32,Food
18/02/2026,The Plough - Falkirk,Amazon Business,447.26,Food
2026-04-27,Kings Arms - Edinburgh,BOOKER,741.35,   
03/03/2026,Red Lion - Glasgow,Brakes Catering,542.49,Soft Drinks
31/01/2026,Fox & Hound - Hamilton,Scottish Water,£358.15,   
4/9/2026,Royal Oak - Paisley,British Gas,£1203.10,Supplies
2026-04-28,Black Bull - Dundee,BT PLC,£102.57,
2/19/2026,Black Bull - Dundee,Heineken UK,302.75,Food
3/26/2026,The Plough - Falkirk,BT PLC,643.94,Food
2/4/2026,The Ship Inn - Oban,British Gas,£70.72,
2026-03-02,The Ship Inn - Oban,Scottish Water,£763.59,Food
2026-03-25,Fox & Hound - Hamilton,Booker Wholesale,166.85,Soft Drinks
2026-01-24,Queens Head - Aberdeen,Booker Wholesale,438.71,   
2026-03-20,White Hart - Inverness,EON Energy,717.94,
2026-04-11,Black Bull - Dundee,BOOKER,847.61,Food
2026-04-26,Queens Head - Aberdeen,Coca Cola,862.17,
1/20/2026,The Ship Inn - Oban,Local Butcher,137.21,Food
1/14/2026,Fox & Hound - Hamilton,Brakes Catering,1003.16,Food
2026-01-27,Fox & Hound - Hamilton,Coca Cola,609.56,Alcohol
3/2/2026,Queens Head - Aberdeen,Booker Wholesale,1028.75,Alcohol
2026-04-20,White Hart - Inverness,BOOKER,£302.36,Alcohol
1/9/2026,The Ship Inn - Oban,DIAGEO,314.97,   
2026-03-05,The Ship Inn - Oban,EON Energy,1126.70,   
3/9/2026,Royal Oak - Paisley,DIAGEO,586.29,   
3/29/2026,Royal Oak - Paisley,BOOKER,380.53,   
2026-03-13,Black Bull - Dundee,DIAGEO,1024.28,Soft Drinks
03/03/2026,The Anchor - Perth,Heineken UK,£518.57,Utilities
1/15/2026,The Swan - Ayr,Booker Wholesale,973.47,Supplies
14/04/2026,Royal Oak - Paisley,Diageo Ltd,77.44,Alcohol
23/04/2026,Black Bull - Dundee,Amazon Business,382.07,Utilities
27/03/2026,Queens Head - Aberdeen,Coca Cola,429.93,Utilities
2026-04-14,The Crown - Stirling,Brakes Catering,£720.20,Utilities
2026-04-24,The Ship Inn - Oban,Booker Wholesale,£680.06,Supplies
15/03/2026,Queens Head - Aberdeen,Amazon Business,218.28,Supplies
02/04/2026,Kings Arms - Edinburgh,Diageo Ltd,702.18,Alcohol
02/01/2026,The Ship Inn - Oban,BT PLC,280.21,Soft Drinks
2026-04-02,The Anchor - Perth,Booker Wholesale,615.72,Supplies
3/16/2026,Royal Oak - Paisley,BT PLC,£701.98,Food
2/21/2026,Red Lion - Glasgow,Heineken UK,£570.84,
2026-04-26,The Plough - Falkirk,Amazon Business,377.61,Soft Drinks
3/4/2026,Red Lion - Glasgow,Bidfood,717.91,Soft Drinks
26/02/2026,The Swan - Ayr,DIAGEO,306.62,
22/01/2026,Red Lion - Glasgow,BT PLC,£289.61,Food
1/20/2026,Red Lion - Glasgow,BT PLC,715.88,Soft Drinks
2026-03-29,The Plough - Falkirk,Diageo Ltd,986.07,   
15/02/2026,Kings Arms - Edinburgh,Brakes Catering,610.98,Food
11/03/2026,The Swan - Ayr,Scottish Water,£259.16,Utilities
4/2/2026,The Ship Inn - Oban,Booker Wholesale,631.12,
2026-04-28,Kings Arms - Edinburgh,DIAGEO,1237.94,Supplies
2026-04-05,Fox & Hound - Hamilton,Diageo Ltd,666.78,Food
2026-04-06,Royal Oak - Paisley,BT PLC,165.02,Supplies
10/04/2026,The Anchor - Perth,EON Energy,1006.22,   
10/01/2026,Fox & Hound - Hamilton,Bidfood,813.92,Soft Drinks
01/04/2026,Kings Arms - Edinburgh,DIAGEO,766.86,
1/19/2026,The Plough - Falkirk,Diageo Ltd,286.37,   
1/29/2026,Red Lion - Glasgow,Booker Wholesale,£148.00,Soft Drinks
04/04/2026,Queens Head - Aberdeen,Coca Cola,240.66,Alcohol
15/04/2026,Fox & Hound - Hamilton,Diageo Ltd,968.44,
03/01/2026,Black Bull - Dundee,BT PLC,1101.13,   
2026-02-25,The Crown - Stirling,Heineken UK,1175.51,Soft Drinks
2/1/2026,The Crown - Stirling,JJ Food Service,625.74,Supplies
03/04/2026,The Plough - Falkirk,JJ Food Service,£710.09,Supplies
2026-02-11,Royal Oak - Paisley,JJ Food Service,132.20,   
4/16/2026,Royal Oak - Paisley,Amazon Business,139.47,Utilities
1/17/2026,The Anchor - Perth,Diageo Ltd,54.36,Soft Drinks
09/04/2026,Royal Oak - Paisley,BT PLC,281.09,Food
2/23/2026,White Hart - Inverness,Amazon Business,278.82,
2026-03-02,The Swan - Ayr,BOOKER,944.62,
2026-04-15,Royal Oak - Paisley,Amazon Business,667.62,   
20/01/2026,The Anchor - Perth,British Gas,475.07,
4/7/2026,Queens Head - Aberdeen,Coca Cola,569.84,Food
2026-02-27,The Swan - Ayr,Coca Cola,£384.65,
2026-04-06,Queens Head - Aberdeen,Brakes Catering,403.72,   
2026-01-29,The Plough - Falkirk,Diageo Ltd,962.70,Supplies
2026-04-05,Red Lion - Glasgow,EON Energy,£776.41,
02/01/2026,Black Bull - Dundee,DIAGEO,144.71,
2026-03-30,The Crown - Stirling,DIAGEO,£102.24,   
20/01/2026,The Ship Inn - Oban,Brakes Catering,1061.74,Utilities
2026-01-16,Royal Oak - Paisley,Scottish Water,£132.58,Alcohol
4/4/2026,The Crown - Stirling,Diageo Ltd,354.00,Food
2026-01-02,Red Lion - Glasgow,BOOKER,715.10,   
3/2/2026,Queens Head - Aberdeen,EON Energy,870.90,   
2026-03-18,The Crown - Stirling,DIAGEO,175.92,Supplies
15/04/2026,The Plough - Falkirk,DIAGEO,564.02,Utilities
4/14/2026,The Swan - Ayr,Local Butcher,663.27,   
05/01/2026,Red Lion - Glasgow,Bidfood,£295.70,   
4/29/2026,The Anchor - Perth,Heineken UK,205.62,Soft Drinks
4/23/2026,White Hart - Inverness,Coca Cola,840.51,Alcohol
2026-02-21,Kings Arms - Edinburgh,Local Butcher,680.57,
2026-03-27,Kings Arms - Edinburgh,BT PLC,£1249.10,   
2026-01-18,The Swan - Ayr,Coca Cola,160.42,
21/04/2026,The Swan - Ayr,Heineken UK,374.48,Utilities
03/02/2026,Queens Head - Aberdeen,British Gas,£1196.62,Utilities
2/3/2026,The Anchor - Perth,JJ Food Service,1243.02,Utilities
4/27/2026,Black Bull - Dundee,Brakes Catering,426.75,Soft Drinks
2026-01-10,The Anchor - Perth,Diageo Ltd,1123.00,   
4/4/2026,The Swan - Ayr,Scottish Water,£477.73,Food
31/03/2026,Fox & Hound - Hamilton,Bidfood,985.85,Soft Drinks
2026-04-19,The Plough - Falkirk,Diageo Ltd,188.10,Alcohol
4/22/2026,Queens Head - Aberdeen,British Gas,1163.43,   
24/03/2026,Red Lion - Glasgow,Bidfood,837.80,
27/01/2026,The Swan - Ayr,Coca Cola,435.31,Soft Drinks
2026-04-13,The Crown - Stirling,BT PLC,1168.78,Supplies
2/2/2026,The Ship Inn - Oban,Brakes Catering,829.67,
2026-03-10,Black Bull - Dundee,BOOKER,1035.07,Soft Drinks
2026-04-23,Queens Head - Aberdeen,Bidfood,747.76,
2026-03-29,Royal Oak - Paisley,Scottish Water,618.33,Utilities
4/26/2026,The Ship Inn - Oban,JJ Food Service,£379.38,Food
2026-02-28,The Plough - Falkirk,Diageo Ltd,120.36,Food
25/03/2026,The Ship Inn - Oban,Coca Cola,89.02,   
28/02/2026,The Plough - Falkirk,Diageo Ltd,1036.58,   
2026-04-26,The Swan - Ayr,EON Energy,811.30,Alcohol
17/04/2026,White Hart - Inverness,EON Energy,206.16,   
2/5/2026,White Hart - Inverness,Heineken UK,£476.27,
4/22/2026,Black Bull - Dundee,Coca Cola,£958.30,   
2026-03-31,Kings Arms - Edinburgh,BOOKER,884.97,   
2026-01-01,Kings Arms - Edinburgh,Brakes Catering,£908.65,Alcohol
2026-03-03,Black Bull - Dundee,Bidfood,1188.60,Alcohol
22/03/2026,Royal Oak - Paisley,Bidfood,222.24,Utilities
2026-04-01,White Hart - Inverness,Heineken UK,£704.09,   
3/9/2026,Fox & Hound - Hamilton,Coca Cola,271.51,
3/24/2026,Black Bull - Dundee,Scottish Water,£215.02,Food
07/04/2026,The Swan - Ayr,BOOKER,616.73,Utilities
4/29/2026,The Plough - Falkirk,Scottish Water,£927.56,Supplies
24/02/2026,The Plough - Falkirk,BT PLC,503.68,Alcohol
4/4/2026,Red Lion - Glasgow,Amazon Business,£895.70,Food
2026-04-15,Queens Head - Aberdeen,Bidfood,507.06,Food
14/01/2026,The Anchor - Perth,EON Energy,1223.20,
1/29/2026,Black Bull - Dundee,Amazon Business,1035.27,Alcohol
01/02/2026,White Hart - Inverness,BT PLC,£199.54,Soft Drinks
3/13/2026,The Swan - Ayr,Brakes Catering,872.50,   
14/04/2026,Fox & Hound - Hamilton,Bidfood,741.20,   
2026-04-29,The Crown - Stirling,Diageo Ltd,1104.25,   
2026-01-08,Royal Oak - Paisley,EON Energy,£1233.05,
21/02/2026,White Hart - Inverness,British Gas,692.34,Utilities
4/30/2026,Red Lion - Glasgow,Diageo Ltd,£618.80,   
06/02/2026,Red Lion - Glasgow,Amazon Business,543.83,Food
2026-01-05,The Anchor - Perth,BT PLC,£438.18,Food
3/25/2026,The Swan - Ayr,Bidfood,134.19,Alcohol
2026-02-02,Royal Oak - Paisley,Diageo Ltd,573.99,Supplies
13/01/2026,The Plough - Falkirk,BT PLC,£859.36,Utilities
2026-04-07,The Swan - Ayr,DIAGEO,361.60,Supplies
1/6/2026,Red Lion - Glasgow,DIAGEO,707.03,Supplies
2026-04-04,Black Bull - Dundee,Bidfood,307.95,
2/19/2026,The Swan - Ayr,EON Energy,952.71,
04/02/2026,The Anchor - Perth,Amazon Business,579.19,
19/02/2026,White Hart - Inverness,BOOKER,161.33,Soft Drinks
2026-02-23,White Hart - Inverness,BOOKER,258.03,   
3/30/2026,Queens Head - Aberdeen,British Gas,924.34,Supplies
04/01/2026,White Hart - Inverness,British Gas,£1213.75,
13/04/2026,Royal Oak - Paisley,Scottish Water,260.30,   
2026-04-11,Black Bull - Dundee,Scottish Water,1061.53,Supplies
15/02/2026,The Ship Inn - Oban,BOOKER,£1040.66,Soft Drinks
05/04/2026,The Anchor - Perth,Scottish Water,277.40,
4/11/2026,Royal Oak - Paisley,Amazon Business,673.86,Food
16/01/2026,Red Lion - Glasgow,DIAGEO,£779.48,Utilities
1/3/2026,The Ship Inn - Oban,Diageo Ltd,£281.65,Alcohol
4/17/2026,Queens Head - Aberdeen,JJ Food Service,928.56,Supplies
2026-03-17,Kings Arms - Edinburgh,DIAGEO,£1156.79,Food
3/13/2026,Red Lion - Glasgow,Scottish Water,690.01,Alcohol
4/18/2026,The Plough - Falkirk,Bidfood,1089.54,Soft Drinks
1/17/2026,Black Bull - Dundee,Amazon Business,388.78,   
4/6/2026,Black Bull - Dundee,BOOKER,439.55,
3/20/2026,The Ship Inn - Oban,BT PLC,680.52,Supplies
16/02/2026,Queens Head - Aberdeen,EON Energy,£310.77,
1/29/2026,The Crown - Stirling,Local Butcher,112.53,Food
22/02/2026,Black Bull - Dundee,JJ Food Service,822.91,Food
15/03/2026,Black Bull - Dundee,Bidfood,£1129.98,
4/1/2026,The Ship Inn - Oban,EON Energy,741.23,Food
2/26/2026,The Plough - Falkirk,Booker Wholesale,959.96,
2026-02-07,Fox & Hound - Hamilton,Coca Cola,£763.43,Food
25/04/2026,The Plough - Falkirk,Bidfood,1245.44,Utilities
2026-03-24,The Anchor - Perth,EON Energy,1205.87,
4/10/2026,Queens Head - Aberdeen,Bidfood,834.66,Food
2026-01-28,The Plough - Falkirk,Amazon Business,350.08,Supplies
21/01/2026,Kings Arms - Edinburgh,Amazon Business,1052.64,Supplies
22/02/2026,Queens Head - Aberdeen,Amazon Business,709.45,   
15/02/2026,Black Bull - Dundee,British Gas,787.92,
2026-02-17,Fox & Hound - Hamilton,BT PLC,£123.53,Alcohol
1/6/2026,The Ship Inn - Oban,Booker Wholesale,255.14,
2026-02-05,Black Bull - Dundee,Scottish Water,1070.61,
4/11/2026,The Crown - Stirling,JJ Food Service,1240.27,Food
23/04/2026,The Crown - Stirling,Booker Wholesale,989.29,
25/03/2026,The Swan - Ayr,DIAGEO,1017.11,Utilities
2026-02-14,The Plough - Falkirk,Amazon Business,£344.06,   
4/29/2026,The Ship Inn - Oban,Bidfood,632.44,
2026-01-30,Kings Arms - Edinburgh,BOOKER,£82.14,Food
07/03/2026,Fox & Hound - Hamilton,Heineken UK,719.90,Soft Drinks
19/03/2026,The Anchor - Perth,Heineken UK,1233.97,
24/04/2026,The Ship Inn - Oban,Heineken UK,641.71,Supplies
2026-04-06,The Swan - Ayr,EON Energy,470.56,   
06/04/2026,Royal Oak - Paisley,BT PLC,1194.85,Supplies
12/04/2026,Queens Head - Aberdeen,JJ Food Service,530.83,Food
2026-02-27,White Hart - Inverness,Booker Wholesale,67.12,Food
2026-02-09,The Crown - Stirling,EON Energy,595.62,   
14/02/2026,White Hart - Inverness,Amazon Business,512.61,Alcohol
4/1/2026,The Plough - Falkirk,Amazon Business,£485.51,Soft Drinks
2026-03-16,The Plough - Falkirk,BOOKER,£619.31,Alcohol
03/02/2026,Red Lion - Glasgow,Heineken UK,1224.26,
1/10/2026,The Swan - Ayr,EON Energy,£792.09,Food
2026-03-27,The Swan - Ayr,Brakes Catering,1249.88,Soft Drinks
12/02/2026,Fox & Hound - Hamilton,Coca Cola,£854.09,   
2026-01-12,Fox & Hound - Hamilton,Scottish Water,429.87,Soft Drinks
2026-01-03,Queens Head - Aberdeen,BOOKER,£643.44,
2/15/2026,Red Lion - Glasgow,Scottish Water,118.22,Utilities
4/5/2026,Kings Arms - Edinburgh,BT PLC,315.79,Utilities
3/12/2026,The Ship Inn - Oban,Heineken UK,869.26,
2026-03-15,The Ship Inn - Oban,British Gas,601.36,   
3/10/2026,Fox & Hound - Hamilton,JJ Food Service,633.51,Soft Drinks
2026-03-14,Red Lion - Glasgow,JJ Food Service,341.41,Food
2026-03-23,Red Lion - Glasgow,Scottish Water,68.32,
03/03/2026,Kings Arms - Edinburgh,Heineken UK,278.88,   
2026-03-05,Black Bull - Dundee,Coca Cola,584.42,Food
2026-03-18,The Swan - Ayr,Amazon Business,99.41,   
25/01/2026,The Plough - Falkirk,EON Energy,171.58,
4/15/2026,White Hart - Inverness,Amazon Business,£1087.47,   
2026-03-04,Royal Oak - Paisley,Diageo Ltd,477.51,Food
4/19/2026,The Anchor - Perth,Booker Wholesale,805.24,Supplies
15/03/2026,The Swan - Ayr,Booker Wholesale,1063.64,Alcohol
30/03/2026,Royal Oak - Paisley,EON Energy,1242.81,Supplies
31/03/2026,The Anchor - Perth,Diageo Ltd,£277.47,   
1/13/2026,Red Lion - Glasgow,DIAGEO,£757.81,
24/01/2026,The Crown - Stirling,Local Butcher,1173.23,
4/19/2026,The Anchor - Perth,Bidfood,605.37,Utilities
3/9/2026,The Swan - Ayr,BOOKER,808.63,Utilities
02/03/2026,The Crown - Stirling,Diageo Ltd,897.69,Food
25/02/2026,Royal Oak - Paisley,Heineken UK,£709.35,Food
06/02/2026,Fox & Hound - Hamilton,Brakes Catering,333.87,Supplies
27/04/2026,Fox & Hound - Hamilton,Bidfood,137.64,
05/02/2026,Black Bull - Dundee,Booker Wholesale,655.43,Alcohol
07/01/2026,Royal Oak - Paisley,Bidfood,541.72,Alcohol
3/1/2026,Black Bull - Dundee,Diageo Ltd,1231.21,
2026-04-21,Royal Oak - Paisley,EON Energy,141.94,Utilities
12/01/2026,The Ship Inn - Oban,Local Butcher,593.27,Alcohol
2026-02-28,Kings Arms - Edinburgh,BT PLC,114.11,
12/03/2026,Red Lion - Glasgow,Amazon Business,299.18,   
2026-04-10,Fox & Hound - Hamilton,Heineken UK,577.88,Soft Drinks
2026-01-21,The Plough - Falkirk,EON Energy,363.19,   
30/04/2026,Fox & Hound - Hamilton,Diageo Ltd,882.20,
05/01/2026,The Ship Inn - Oban,DIAGEO,317.17,Utilities
16/01/2026,Queens Head - Aberdeen,Booker Wholesale,290.72,Supplies
1/24/2026,The Ship Inn - Oban,BOOKER,55.83,Food
03/04/2026,The Swan - Ayr,DIAGEO,1169.51,Utilities
2/23/2026,Royal Oak - Paisley,Bidfood,819.12,Soft Drinks
2/15/2026,The Ship Inn - Oban,DIAGEO,£615.19,Alcohol
2026-03-19,Red Lion - Glasgow,DIAGEO,£1112.15,   
3/13/2026,Red Lion - Glasgow,Bidfood,727.99,Alcohol
30/01/2026,The Crown - Stirling,Scottish Water,1070.03,
2026-01-01,Black Bull - Dundee,Booker Wholesale,£1185.13,
2026-01-13,Queens Head - Aberdeen,British Gas,£1086.61,
06/04/2026,Red Lion - Glasgow,BT PLC,1151.14,Soft Drinks
2026-02-18,The Anchor - Perth,Bidfood,930.55,   
1/30/2026,Queens Head - Aberdeen,Diageo Ltd,£219.76,Supplies
3/2/2026,The Anchor - Perth,British Gas,507.14,   
28/04/2026,The Ship Inn - Oban,Diageo Ltd,737.89,
23/03/2026,The Plough - Falkirk,DIAGEO,553.82,
3/27/2026,Fox & Hound - Hamilton,Bidfood,1134.71,   
2026-01-21,White Hart - Inverness,EON Energy,£109.09,
06/03/2026,Royal Oak - Paisley,Scottish Water,£775.39,
1/25/2026,Queens Head - Aberdeen,Local Butcher,1176.71,Soft Drinks
1/18/2026,Kings Arms - Edinburgh,Bidfood,370.87,Food
2/20/2026,The Ship Inn - Oban,Booker Wholesale,422.92,   
2026-04-10,Fox & Hound - Hamilton,Heineken UK,663.56,   
21/04/2026,White Hart - Inverness,Diageo Ltd,£901.17,   
02/01/2026,Queens Head - Aberdeen,Amazon Business,£1126.13,Soft Drinks
2026-03-05,The Anchor - Perth,EON Energy,492.12,Supplies
3/7/2026,The Swan - Ayr,Local Butcher,826.18,Alcohol
2/19/2026,The Plough - Falkirk,Heineken UK,653.98,Supplies
2/3/2026,Fox & Hound - Hamilton,Local Butcher,500.36,Alcohol
21/02/2026,The Ship Inn - Oban,Brakes Catering,1001.15,
03/03/2026,White Hart - Inverness,Brakes Catering,1202.27,Food
2026-04-02,Black Bull - Dundee,Coca Cola,924.48,   
4/4/2026,The Anchor - Perth,Scottish Water,226.07,Utilities
1/18/2026,White Hart - Inverness,JJ Food Service,836.77,Soft Drinks
01/04/2026,Black Bull - Dundee,Booker Wholesale,1201.46,
4/1/2026,White Hart - Inverness,DIAGEO,693.44,Soft Drinks
2/26/2026,Kings Arms - Edinburgh,Coca Cola,318.90,
3/3/2026,The Swan - Ayr,DIAGEO,480.73,Food
2026-04-13,The Swan - Ayr,JJ Food Service,£995.02,   
2/9/2026,The Ship Inn - Oban,Brakes Catering,£850.88,Food
01/02/2026,White Hart - Inverness,Coca Cola,£69.30,Soft Drinks
2026-02-27,Kings Arms - Edinburgh,Scottish Water,626.97,Soft Drinks
4/30/2026,Fox & Hound - Hamilton,Bidfood,630.91,   
2/12/2026,Queens Head - Aberdeen,EON Energy,180.20,Utilities
1/6/2026,Black Bull - Dundee,Booker Wholesale,237.54,Soft Drinks
1/5/2026,Fox & Hound - Hamilton,Bidfood,744.71,Supplies
10/01/2026,The Anchor - Perth,Booker Wholesale,679.66,
05/04/2026,Black Bull - Dundee,Scottish Water,59.33,Utilities
2026-03-25,Queens Head - Aberdeen,BT PLC,£1057.58,Alcohol
18/04/2026,Queens Head - Aberdeen,Brakes Catering,994.67,   
2026-01-04,Queens Head - Aberdeen,Booker Wholesale,1117.30,Alcohol
07/01/2026,The Plough - Falkirk,Scottish Water,163.87,   
04/04/2026,White Hart - Inverness,Coca Cola,£441.42,Food
1/7/2026,The Swan - Ayr,JJ Food Service,131.78,Alcohol
31/03/2026,The Plough - Falkirk,Amazon Business,£724.00,Food
4/24/2026,Royal Oak - Paisley,JJ Food Service,971.68,Supplies
08/02/2026,Red Lion - Glasgow,BOOKER,1184.48,Utilities
4/17/2026,Fox & Hound - Hamilton,DIAGEO,974.92,
2026-03-09,Queens Head - Aberdeen,Local Butcher,1106.53,
2026-03-10,Kings Arms - Edinburgh,BT PLC,£869.82,Soft Drinks
2026-01-21,Kings Arms - Edinburgh,EON Energy,1189.90,Supplies
2026-01-05,The Plough - Falkirk,Booker Wholesale,1044.26,Utilities
2026-03-11,White Hart - Inverness,DIAGEO,£122.75,Soft Drinks
05/02/2026,The Swan - Ayr,Brakes Catering,862.59,Utilities
2/27/2026,Kings Arms - Edinburgh,Scottish Water,951.28,Food
11/02/2026,White Hart - Inverness,DIAGEO,159.36,
2026-03-13,Queens Head - Aberdeen,EON Energy,454.28,Supplies
3/5/2026,Queens Head - Aberdeen,British Gas,427.38,Supplies
4/3/2026,The Crown - Stirling,Brakes Catering,£952.81,
09/03/2026,The Anchor - Perth,Scottish Water,£523.60,Soft Drinks
3/15/2026,The Anchor - Perth,Bidfood,912.95,
2026-02-27,The Plough - Falkirk,BT PLC,£185.13,   
2026-04-25,The Crown - Stirling,Diageo Ltd,938.62,Utilities
24/01/2026,The Anchor - Perth,Amazon Business,610.67,Supplies
1/13/2026,Fox & Hound - Hamilton,Coca Cola,53.99,
27/04/2026,Queens Head - Aberdeen,Bidfood,£948.66,Supplies
24/01/2026,Black Bull - Dundee,BT PLC,£77.93,Supplies
03/01/2026,Black Bull - Dundee,Booker Wholesale,529.72,Soft Drinks
2026-03-28,Black Bull - Dundee,BOOKER,403.00,   
01/02/2026,Fox & Hound - Hamilton,BOOKER,1132.49,   
13/02/2026,Black Bull - Dundee,Bidfood,79.46,Alcohol
22/02/2026,The Plough - Falkirk,Scottish Water,£1155.45,
1/7/2026,The Anchor - Perth,BT PLC,114.97,Alcohol
3/2/2026,Red Lion - Glasgow,JJ Food Service,£1014.11,
2026-04-03,The Ship Inn - Oban,Bidfood,781.17,Food
2026-02-22,The Swan - Ayr,BT PLC,1224.65,Alcohol
19/04/2026,The Swan - Ayr,Booker Wholesale,684.53,Alcohol
2/6/2026,The Crown - Stirling,Bidfood,1203.63,Soft Drinks
3/28/2026,White Hart - Inverness,Local Butcher,£1050.94,Food
02/01/2026,The Crown - Stirling,Heineken UK,269.33,Soft Drinks
2026-04-05,The Plough - Falkirk,Bidfood,579.60,Food
1/4/2026,The Crown - Stirling,British Gas,£975.85,Supplies
1/19/2026,Black Bull - Dundee,British Gas,200.68,Utilities
2026-04-18,Kings Arms - Edinburgh,EON Energy,£313.84,   
23/01/2026,Fox & Hound - Hamilton,Heineken UK,861.13,Alcohol
2026-04-17,The Plough - Falkirk,Heineken UK,832.78,Alcohol
2026-03-07,Queens Head - Aberdeen,Bidfood,722.25,   
11/03/2026,Kings Arms - Edinburgh,Booker Wholesale,1161.90,Supplies
1/13/2026,Red Lion - Glasgow,British Gas,149.94,Food
06/04/2026,The Ship Inn - Oban,Amazon Business,1077.90,Utilities
29/04/2026,The Anchor - Perth,Heineken UK,755.28,Soft Drinks
2026-02-13,Kings Arms - Edinburgh,Amazon Business,386.85,Food
4/15/2026,White Hart - Inverness,Scottish Water,410.88,   
1/2/2026,Kings Arms - Edinburgh,JJ Food Service,1159.75,
3/11/2026,White Hart - Inverness,Coca Cola,1174.95,   
2026-02-04,Fox & Hound - Hamilton,JJ Food Service,321.52,
3/3/2026,The Plough - Falkirk,Booker Wholesale,597.16,Soft Drinks
09/01/2026,Royal Oak - Paisley,British Gas,325.32,Soft Drinks
2/15/2026,The Ship Inn - Oban,Bidfood,244.94,Supplies
2026-04-16,The Crown - Stirling,BOOKER,86.48,Food
2/26/2026,The Anchor - Perth,JJ Food Service,105.25,Supplies
4/13/2026,The Plough - Falkirk,BT PLC,£932.16,Food
1/24/2026,The Anchor - Perth,British Gas,293.26,
2026-03-09,Black Bull - Dundee,EON Energy,£646.10,Food
4/11/2026,White Hart - Inverness,Diageo Ltd,1103.85,Soft Drinks
4/3/2026,White Hart - Inverness,Brakes Catering,805.83,
2026-02-11,The Plough - Falkirk,Booker Wholesale,957.02,Utilities
4/24/2026,Queens Head - Aberdeen,Heineken UK,1198.34,Supplies
2026-03-24,The Swan - Ayr,Brakes Catering,664.61,Food
22/02/2026,The Ship Inn - Oban,Coca Cola,720.66,Soft Drinks
1/2/2026,The Ship Inn - Oban,BT PLC,240.51,   
2026-03-19,The Swan - Ayr,Diageo Ltd,610.25,Supplies
2026-03-15,Fox & Hound - Hamilton,Coca Cola,176.43,Alcohol
2026-02-10,Kings Arms - Edinburgh,DIAGEO,1235.05,Supplies
3/10/2026,Queens Head - Aberdeen,JJ Food Service,526.29,Food
2026-02-20,Black Bull - Dundee,Booker Wholesale,1132.73,Supplies
12/04/2026,Black Bull - Dundee,British Gas,317.77,
1/6/2026,The Ship Inn - Oban,DIAGEO,723.77,   
3/31/2026,Royal Oak - Paisley,Scottish Water,182.31,Food
4/15/2026,The Swan - Ayr,DIAGEO,972.13,
01/02/2026,The Ship Inn - Oban,BT PLC,£151.24,
15/04/2026,The Crown - Stirling,Amazon Business,£349.25,   
2/18/2026,The Crown - Stirling,British Gas,1068.71,Food
2026-01-22,The Swan - Ayr,JJ Food Service,457.35,Food
25/01/2026,Queens Head - Aberdeen,Bidfood,£751.56,
2026-01-24,Red Lion - Glasgow,Bidfood,1040.82,Food
2026-04-16,Red Lion - Glasgow,BOOKER,360.26,Alcohol
04/04/2026,The Ship Inn - Oban,DIAGEO,573.47,Utilities
11/02/2026,The Ship Inn - Oban,EON Energy,1027.19,   
02/03/2026,Royal Oak - Paisley,Amazon Business,1043.91,
2/13/2026,Royal Oak - Paisley,DIAGEO,338.21,Food
2026-03-17,Red Lion - Glasgow,Bidfood,£400.95,Utilities
14/01/2026,Kings Arms - Edinburgh,Brakes Catering,£943.66,
2/8/2026,White Hart - Inverness,Scottish Water,£980.48,
2026-02-02,Kings Arms - Edinburgh,Booker Wholesale,149.45,
2/18/2026,Royal Oak - Paisley,Heineken UK,348.24,   
2026-03-10,Red Lion - Glasgow,BOOKER,1142.36,
2026-01-29,The Plough - Falkirk,Booker Wholesale,500.42,
2026-04-25,The Plough - Falkirk,Bidfood,317.54,
4/14/2026,Red Lion - Glasgow,Bidfood,132.71,
2026-02-16,Queens Head - Aberdeen,Amazon Business,1243.99,Food
2026-02-13,White Hart - Inverness,DIAGEO,1173.52,
2026-01-02,Fox & Hound - Hamilton,JJ Food Service,800.12,
4/9/2026,The Plough - Falkirk,Local Butcher,195.05,Utilities
2026-04-04,Fox & Hound - Hamilton,Bidfood,1166.64,
2026-03-24,The Plough - Falkirk,JJ Food Service,£740.89,
2/5/2026,The Crown - Stirling,Scottish Water,751.15,Alcohol
3/25/2026,The Crown - Stirling,Scottish Water,666.68,Alcohol
28/04/2026,Kings Arms - Edinburgh,Bidfood,671.94,Food
2026-03-23,The Anchor - Perth,EON Energy,762.68,Soft Drinks
1/26/2026,The Anchor - Perth,British Gas,849.32,   
2/11/2026,Fox & Hound - Hamilton,Bidfood,1211.90,Supplies
1/22/2026,The Ship Inn - Oban,Amazon Business,603.50,Utilities
08/03/2026,Queens Head - Aberdeen,EON Energy,907.15,Utilities
2026-03-03,White Hart - Inverness,Scottish Water,£822.43,Soft Drinks
3/18/2026,The Plough - Falkirk,Diageo Ltd,987.61,Supplies
10/04/2026,The Crown - Stirling,BOOKER,1049.56,Supplies
2/7/2026,The Ship Inn - Oban,Booker Wholesale,£600.08,
22/01/2026,White Hart - Inverness,Brakes Catering,443.01,Food
2/10/2026,The Anchor - Perth,Diageo Ltd,£1165.20,Food
2026-01-17,Red Lion - Glasgow,DIAGEO,662.68,
2026-04-17,Kings Arms - Edinburgh,BT PLC,691.09,Utilities
1/26/2026,The Swan - Ayr,BOOKER,867.60,   
2026-03-05,Fox & Hound - Hamilton,Diageo Ltd,1026.07,
16/02/2026,Royal Oak - Paisley,Scottish Water,487.43,Food
12/04/2026,Royal Oak - Paisley,Heineken UK,982.55,Supplies
08/04/2026,The Ship Inn - Oban,Bidfood,1109.50,Food
2026-01-12,The Swan - Ayr,Diageo Ltd,1224.83,
08/03/2026,The Crown - Stirling,JJ Food Service,831.27,Soft Drinks
22/01/2026,Black Bull - Dundee,Diageo Ltd,627.71,Alcohol
2026-02-06,White Hart - Inverness,Booker Wholesale,822.83,
4/20/2026,The Plough - Falkirk,JJ Food Service,211.73,Food
03/04/2026,Royal Oak - Paisley,Amazon Business,259.14,   
2026-01-10,The Crown - Stirling,Heineken UK,£97.51,Utilities
07/01/2026,Red Lion - Glasgow,BOOKER,108.68,Alcohol
06/01/2026,White Hart - Inverness,BT PLC,991.90,Alcohol
3/31/2026,Queens Head - Aberdeen,DIAGEO,1024.22,
11/04/2026,Fox & Hound - Hamilton,BT PLC,963.06,   
4/3/2026,The Crown - Stirling,Bidfood,88.33,Utilities
1/6/2026,White Hart - Inverness,Local Butcher,343.27,Utilities
3/11/2026,The Anchor - Perth,Bidfood,71.69,Alcohol
2026-03-29,The Crown - Stirling,Scottish Water,931.28,Supplies
27/01/2026,The Crown - Stirling,Bidfood,£826.13,
25/02/2026,Kings Arms - Edinburgh,DIAGEO,133.63,Supplies
2026-04-15,The Swan - Ayr,Bidfood,403.75,Soft Drinks
1/11/2026,The Ship Inn - Oban,DIAGEO,276.51,Utilities
27/01/2026,Fox & Hound - Hamilton,Amazon Business,317.90,   
4/4/2026,Kings Arms - Edinburgh,JJ Food Service,360.92,Utilities
08/01/2026,Black Bull - Dundee,Local Butcher,£534.46,Utilities
2/28/2026,Royal Oak - Paisley,Coca Cola,£606.40,   
24/01/2026,The Crown - Stirling,Coca Cola,915.28,
2026-03-23,The Ship Inn - Oban,Heineken UK,1095.48,Alcohol
3/31/2026,Royal Oak - Paisley,Scottish Water,£84.39,Supplies
17/04/2026,Fox & Hound - Hamilton,Booker Wholesale,1056.06,Food
2026-01-05,Fox & Hound - Hamilton,JJ Food Service,976.72,Food
2/13/2026,Kings Arms - Edinburgh,Heineken UK,£82.52,Food
1/12/2026,The Plough - Falkirk,Diageo Ltd,£255.96,   
2026-02-10,The Ship Inn - Oban,Scottish Water,678.77,
31/01/2026,Red Lion - Glasgow,Amazon Business,785.74,   
2/24/2026,The Crown - Stirling,DIAGEO,£810.19,Food
2026-03-02,Queens Head - Aberdeen,Brakes Catering,£520.14,
2026-01-02,Queens Head - Aberdeen,EON Energy,799.56,Alcohol
05/01/2026,White Hart - Inverness,Scottish Water,1212.92,Utilities